Impact_category,New_code,Value,Name,Type
"('IMPACT World+ Damage 2.0.1', 'Ecosystem quality', 'Climate change, ecosystem quality, long term')",kd44amwasn0bdy3akzh67pnbtr2wgp3k,28.699927224839094,NG_Boiler,Construction
"('IMPACT World+ Damage 2.0.1', 'Ecosystem quality', 'Climate change, ecosystem quality, short term')",kd44amwasn0bdy3akzh67pnbtr2wgp3k,9.014012390421692,NG_Boiler,Construction
"('IMPACT World+ Damage 2.0.1', 'Human health', 'Climate change, human health, long term')",kd44amwasn0bdy3akzh67pnbtr2wgp3k,0.00013065083423772385,NG_Boiler,Construction
"('IMPACT World+ Damage 2.0.1', 'Human health', 'Climate change, human health, short term')",kd44amwasn0bdy3akzh67pnbtr2wgp3k,4.165907887597651e-05,NG_Boiler,Construction
"('IMPACT World+ Midpoint 2.0.1', 'Midpoint', 'Climate change, long term')",kd44amwasn0bdy3akzh67pnbtr2wgp3k,46.91103354021577,NG_Boiler,Construction
"('IMPACT World+ Midpoint 2.0.1', 'Midpoint', 'Climate change, short term')",kd44amwasn0bdy3akzh67pnbtr2wgp3k,49.75509619569163,NG_Boiler,Construction
"('IMPACT World+ Damage 2.0.1', 'Ecosystem quality', 'Marine acidification, long term')",kd44amwasn0bdy3akzh67pnbtr2wgp3k,6.866041488425828,NG_Boiler,Construction
"('IMPACT World+ Damage 2.0.1', 'Ecosystem quality', 'Marine acidification, short term')",kd44amwasn0bdy3akzh67pnbtr2wgp3k,0.7495511917232168,NG_Boiler,Construction
"('IMPACT World+ Midpoint 2.0.1', 'Midpoint', 'Photochemical oxidant formation')",kd44amwasn0bdy3akzh67pnbtr2wgp3k,0.23550843168988844,NG_Boiler,Construction
"('IMPACT World+ Damage 2.0.1', 'Human health', 'Photochemical oxidant formation')",kd44amwasn0bdy3akzh67pnbtr2wgp3k,9.14759128596057e-09,NG_Boiler,Construction
"('IMPACT World+ Midpoint 2.0.1', 'Midpoint', 'Freshwater ecotoxicity')",kd44amwasn0bdy3akzh67pnbtr2wgp3k,38206.11262955867,NG_Boiler,Construction
"('IMPACT World+ Damage 2.0.1', 'Ecosystem quality', 'Freshwater ecotoxicity, short term')",kd44amwasn0bdy3akzh67pnbtr2wgp3k,1.8581099506618362,NG_Boiler,Construction
"('IMPACT World+ Midpoint 2.0.1', 'Midpoint', 'Human toxicity cancer')",kd44amwasn0bdy3akzh67pnbtr2wgp3k,1.3554455764845924e-05,NG_Boiler,Construction
"('IMPACT World+ Damage 2.0.1', 'Human health', 'Human toxicity cancer, short term')",kd44amwasn0bdy3akzh67pnbtr2wgp3k,0.0001542386837243168,NG_Boiler,Construction
"('IMPACT World+ Midpoint 2.0.1', 'Midpoint', 'Human toxicity non-cancer')",kd44amwasn0bdy3akzh67pnbtr2wgp3k,4.256386044000239e-05,NG_Boiler,Construction
"('IMPACT World+ Damage 2.0.1', 'Human health', 'Human toxicity non-cancer, short term')",kd44amwasn0bdy3akzh67pnbtr2wgp3k,5.941683166573579e-05,NG_Boiler,Construction
"('IMPACT World+ Damage 2.0.1', 'Ecosystem quality', 'Freshwater ecotoxicity, long term')",kd44amwasn0bdy3akzh67pnbtr2wgp3k,19.450529859932384,NG_Boiler,Construction
"('IMPACT World+ Damage 2.0.1', 'Human health', 'Human toxicity cancer, long term')",kd44amwasn0bdy3akzh67pnbtr2wgp3k,1.6375562764867115e-06,NG_Boiler,Construction
"('IMPACT World+ Damage 2.0.1', 'Human health', 'Human toxicity non-cancer, long term')",kd44amwasn0bdy3akzh67pnbtr2wgp3k,5.550559232192476e-05,NG_Boiler,Construction
"('IMPACT World+ Midpoint 2.0.1', 'Midpoint', 'Marine eutrophication')",kd44amwasn0bdy3akzh67pnbtr2wgp3k,0.009706254014163834,NG_Boiler,Construction
"('IMPACT World+ Damage 2.0.1', 'Ecosystem quality', 'Marine eutrophication')",kd44amwasn0bdy3akzh67pnbtr2wgp3k,0.08492972269844433,NG_Boiler,Construction
"('IMPACT World+ Midpoint 2.0.1', 'Midpoint', 'Ozone layer depletion')",kd44amwasn0bdy3akzh67pnbtr2wgp3k,2.9918760551616865e-06,NG_Boiler,Construction
"('IMPACT World+ Damage 2.0.1', 'Human health', 'Ozone layer depletion')",kd44amwasn0bdy3akzh67pnbtr2wgp3k,6.806365402150726e-09,NG_Boiler,Construction
"('IMPACT World+ Midpoint 2.0.1', 'Midpoint', 'Fossil and nuclear energy use')",kd44amwasn0bdy3akzh67pnbtr2wgp3k,606.8608697207478,NG_Boiler,Construction
"('IMPACT World+ Midpoint 2.0.1', 'Midpoint', 'Mineral resources use')",kd44amwasn0bdy3akzh67pnbtr2wgp3k,10.360662526572323,NG_Boiler,Construction
"('IMPACT World+ Midpoint 2.0.1', 'Midpoint', 'Freshwater acidification')",kd44amwasn0bdy3akzh67pnbtr2wgp3k,0.3772582710206367,NG_Boiler,Construction
"('IMPACT World+ Damage 2.0.1', 'Ecosystem quality', 'Freshwater acidification')",kd44amwasn0bdy3akzh67pnbtr2wgp3k,0.88450947804972,NG_Boiler,Construction
"('IMPACT World+ Midpoint 2.0.1', 'Midpoint', 'Particulate matter formation')",kd44amwasn0bdy3akzh67pnbtr2wgp3k,0.0426704832549345,NG_Boiler,Construction
"('IMPACT World+ Damage 2.0.1', 'Human health', 'Particulate matter formation')",kd44amwasn0bdy3akzh67pnbtr2wgp3k,5.1204580641099214e-05,NG_Boiler,Construction
"('IMPACT World+ Midpoint 2.0.1', 'Midpoint', 'Terrestrial acidification')",kd44amwasn0bdy3akzh67pnbtr2wgp3k,0.39195676698572446,NG_Boiler,Construction
"('IMPACT World+ Damage 2.0.1', 'Ecosystem quality', 'Terrestrial acidification')",kd44amwasn0bdy3akzh67pnbtr2wgp3k,5.606177210761141,NG_Boiler,Construction
"('IMPACT World+ Midpoint 2.0.1', 'Midpoint', 'Freshwater eutrophication')",kd44amwasn0bdy3akzh67pnbtr2wgp3k,0.0016546570778712508,NG_Boiler,Construction
"('IMPACT World+ Damage 2.0.1', 'Ecosystem quality', 'Freshwater eutrophication')",kd44amwasn0bdy3akzh67pnbtr2wgp3k,0.005995092477648791,NG_Boiler,Construction
"('IMPACT World+ Damage 2.0.1', 'Ecosystem quality', 'Ionizing radiation, ecosystem quality')",kd44amwasn0bdy3akzh67pnbtr2wgp3k,5.975887085047844e-09,NG_Boiler,Construction
"('IMPACT World+ Damage 2.0.1', 'Human health', 'Ionizing radiation, human health')",kd44amwasn0bdy3akzh67pnbtr2wgp3k,7.502921895854174e-08,NG_Boiler,Construction
"('IMPACT World+ Midpoint 2.0.1', 'Midpoint', 'Ionizing radiations')",kd44amwasn0bdy3akzh67pnbtr2wgp3k,357.2820041841819,NG_Boiler,Construction
"('IMPACT World+ Midpoint 2.0.1', 'Midpoint', 'Land occupation, biodiversity')",kd44amwasn0bdy3akzh67pnbtr2wgp3k,1.7882814372813396,NG_Boiler,Construction
"('IMPACT World+ Damage 2.0.1', 'Ecosystem quality', 'Land occupation, biodiversity')",kd44amwasn0bdy3akzh67pnbtr2wgp3k,1.176883382392355,NG_Boiler,Construction
"('IMPACT World+ Midpoint 2.0.1', 'Midpoint', 'Land transformation, biodiversity')",kd44amwasn0bdy3akzh67pnbtr2wgp3k,0.014957215882544306,NG_Boiler,Construction
"('IMPACT World+ Damage 2.0.1', 'Ecosystem quality', 'Land transformation, biodiversity')",kd44amwasn0bdy3akzh67pnbtr2wgp3k,2.3806904415655312,NG_Boiler,Construction
"('IMPACT World+ Damage 2.0.1', 'Ecosystem quality', 'Thermally polluted water')",kd44amwasn0bdy3akzh67pnbtr2wgp3k,8.222376162351658e-05,NG_Boiler,Construction
"('IMPACT World+ Damage 2.0.1', 'Ecosystem quality', 'Water availability, freshwater ecosystem')",kd44amwasn0bdy3akzh67pnbtr2wgp3k,0.00017179705254308786,NG_Boiler,Construction
"('IMPACT World+ Damage 2.0.1', 'Human health', 'Water availability, human health')",kd44amwasn0bdy3akzh67pnbtr2wgp3k,6.370179615727279e-05,NG_Boiler,Construction
"('IMPACT World+ Midpoint 2.0.1', 'Midpoint', 'Water scarcity')",kd44amwasn0bdy3akzh67pnbtr2wgp3k,24.09957433589443,NG_Boiler,Construction
"('IMPACT World+ Damage 2.0.1', 'Ecosystem quality', 'Water availability, terrestrial ecosystem')",kd44amwasn0bdy3akzh67pnbtr2wgp3k,0.0016220742819183468,NG_Boiler,Construction
"('IMPACT World+ Damage 2.0.1', 'Human health', 'Total human health')",kd44amwasn0bdy3akzh67pnbtr2wgp3k,0.0005581059416741807,NG_Boiler,Construction
"('IMPACT World+ Damage 2.0.1', 'Ecosystem quality', 'Total ecosystem quality')",kd44amwasn0bdy3akzh67pnbtr2wgp3k,76.77923307847992,NG_Boiler,Construction
"('IMPACT World+ Damage 2.0.1', 'Ecosystem quality', 'Climate change, ecosystem quality, long term')",aelgp252nwxj2240tdpwng1ip8qioo1y,23.78554509527276,OIL_Boiler,Construction
"('IMPACT World+ Damage 2.0.1', 'Ecosystem quality', 'Climate change, ecosystem quality, short term')",aelgp252nwxj2240tdpwng1ip8qioo1y,7.487728482210824,OIL_Boiler,Construction
"('IMPACT World+ Damage 2.0.1', 'Human health', 'Climate change, human health, long term')",aelgp252nwxj2240tdpwng1ip8qioo1y,0.00010827827774645646,OIL_Boiler,Construction
"('IMPACT World+ Damage 2.0.1', 'Human health', 'Climate change, human health, short term')",aelgp252nwxj2240tdpwng1ip8qioo1y,3.460517615751982e-05,OIL_Boiler,Construction
"('IMPACT World+ Midpoint 2.0.1', 'Midpoint', 'Climate change, long term')",aelgp252nwxj2240tdpwng1ip8qioo1y,38.90449250402184,OIL_Boiler,Construction
"('IMPACT World+ Midpoint 2.0.1', 'Midpoint', 'Climate change, short term')",aelgp252nwxj2240tdpwng1ip8qioo1y,41.289554008062304,OIL_Boiler,Construction
"('IMPACT World+ Damage 2.0.1', 'Ecosystem quality', 'Marine acidification, long term')",aelgp252nwxj2240tdpwng1ip8qioo1y,5.683989551242032,OIL_Boiler,Construction
"('IMPACT World+ Damage 2.0.1', 'Ecosystem quality', 'Marine acidification, short term')",aelgp252nwxj2240tdpwng1ip8qioo1y,0.6210384802783365,OIL_Boiler,Construction
"('IMPACT World+ Midpoint 2.0.1', 'Midpoint', 'Photochemical oxidant formation')",aelgp252nwxj2240tdpwng1ip8qioo1y,0.21262859942781065,OIL_Boiler,Construction
"('IMPACT World+ Damage 2.0.1', 'Human health', 'Photochemical oxidant formation')",aelgp252nwxj2240tdpwng1ip8qioo1y,8.266287439105086e-09,OIL_Boiler,Construction
"('IMPACT World+ Midpoint 2.0.1', 'Midpoint', 'Freshwater ecotoxicity')",aelgp252nwxj2240tdpwng1ip8qioo1y,36296.79126911714,OIL_Boiler,Construction
"('IMPACT World+ Damage 2.0.1', 'Ecosystem quality', 'Freshwater ecotoxicity, short term')",aelgp252nwxj2240tdpwng1ip8qioo1y,1.5068328124240171,OIL_Boiler,Construction
"('IMPACT World+ Midpoint 2.0.1', 'Midpoint', 'Human toxicity cancer')",aelgp252nwxj2240tdpwng1ip8qioo1y,1.352088154010601e-05,OIL_Boiler,Construction
"('IMPACT World+ Damage 2.0.1', 'Human health', 'Human toxicity cancer, short term')",aelgp252nwxj2240tdpwng1ip8qioo1y,0.00015388305959939682,OIL_Boiler,Construction
"('IMPACT World+ Midpoint 2.0.1', 'Midpoint', 'Human toxicity non-cancer')",aelgp252nwxj2240tdpwng1ip8qioo1y,4.1970681425019255e-05,OIL_Boiler,Construction
"('IMPACT World+ Damage 2.0.1', 'Human health', 'Human toxicity non-cancer, short term')",aelgp252nwxj2240tdpwng1ip8qioo1y,5.8723760291511565e-05,OIL_Boiler,Construction
"('IMPACT World+ Damage 2.0.1', 'Ecosystem quality', 'Freshwater ecotoxicity, long term')",aelgp252nwxj2240tdpwng1ip8qioo1y,18.740952052958807,OIL_Boiler,Construction
"('IMPACT World+ Damage 2.0.1', 'Human health', 'Human toxicity cancer, long term')",aelgp252nwxj2240tdpwng1ip8qioo1y,1.6070768207080645e-06,OIL_Boiler,Construction
"('IMPACT World+ Damage 2.0.1', 'Human health', 'Human toxicity non-cancer, long term')",aelgp252nwxj2240tdpwng1ip8qioo1y,5.459708030209013e-05,OIL_Boiler,Construction
"('IMPACT World+ Midpoint 2.0.1', 'Midpoint', 'Marine eutrophication')",aelgp252nwxj2240tdpwng1ip8qioo1y,0.009108508880056293,OIL_Boiler,Construction
"('IMPACT World+ Damage 2.0.1', 'Ecosystem quality', 'Marine eutrophication')",aelgp252nwxj2240tdpwng1ip8qioo1y,0.07969945278940663,OIL_Boiler,Construction
"('IMPACT World+ Midpoint 2.0.1', 'Midpoint', 'Ozone layer depletion')",aelgp252nwxj2240tdpwng1ip8qioo1y,2.7328884940842265e-06,OIL_Boiler,Construction
"('IMPACT World+ Damage 2.0.1', 'Human health', 'Ozone layer depletion')",aelgp252nwxj2240tdpwng1ip8qioo1y,6.290279150742907e-09,OIL_Boiler,Construction
"('IMPACT World+ Midpoint 2.0.1', 'Midpoint', 'Fossil and nuclear energy use')",aelgp252nwxj2240tdpwng1ip8qioo1y,518.2935222817096,OIL_Boiler,Construction
"('IMPACT World+ Midpoint 2.0.1', 'Midpoint', 'Mineral resources use')",aelgp252nwxj2240tdpwng1ip8qioo1y,10.342879920362972,OIL_Boiler,Construction
"('IMPACT World+ Midpoint 2.0.1', 'Midpoint', 'Freshwater acidification')",aelgp252nwxj2240tdpwng1ip8qioo1y,0.345705653636041,OIL_Boiler,Construction
"('IMPACT World+ Damage 2.0.1', 'Ecosystem quality', 'Freshwater acidification')",aelgp252nwxj2240tdpwng1ip8qioo1y,0.8116297925287775,OIL_Boiler,Construction
"('IMPACT World+ Midpoint 2.0.1', 'Midpoint', 'Particulate matter formation')",aelgp252nwxj2240tdpwng1ip8qioo1y,0.036815954888840624,OIL_Boiler,Construction
"('IMPACT World+ Damage 2.0.1', 'Human health', 'Particulate matter formation')",aelgp252nwxj2240tdpwng1ip8qioo1y,4.417914643227406e-05,OIL_Boiler,Construction
"('IMPACT World+ Midpoint 2.0.1', 'Midpoint', 'Terrestrial acidification')",aelgp252nwxj2240tdpwng1ip8qioo1y,0.35924933257737646,OIL_Boiler,Construction
"('IMPACT World+ Damage 2.0.1', 'Ecosystem quality', 'Terrestrial acidification')",aelgp252nwxj2240tdpwng1ip8qioo1y,5.137127565847745,OIL_Boiler,Construction
"('IMPACT World+ Midpoint 2.0.1', 'Midpoint', 'Freshwater eutrophication')",aelgp252nwxj2240tdpwng1ip8qioo1y,0.0016084453406038507,OIL_Boiler,Construction
"('IMPACT World+ Damage 2.0.1', 'Ecosystem quality', 'Freshwater eutrophication')",aelgp252nwxj2240tdpwng1ip8qioo1y,0.005827659812372366,OIL_Boiler,Construction
"('IMPACT World+ Damage 2.0.1', 'Ecosystem quality', 'Ionizing radiation, ecosystem quality')",aelgp252nwxj2240tdpwng1ip8qioo1y,7.237087195141222e-09,OIL_Boiler,Construction
"('IMPACT World+ Damage 2.0.1', 'Human health', 'Ionizing radiation, human health')",aelgp252nwxj2240tdpwng1ip8qioo1y,9.253554193064011e-08,OIL_Boiler,Construction
"('IMPACT World+ Midpoint 2.0.1', 'Midpoint', 'Ionizing radiations')",aelgp252nwxj2240tdpwng1ip8qioo1y,440.6454490397716,OIL_Boiler,Construction
"('IMPACT World+ Midpoint 2.0.1', 'Midpoint', 'Land occupation, biodiversity')",aelgp252nwxj2240tdpwng1ip8qioo1y,1.6309778778091562,OIL_Boiler,Construction
"('IMPACT World+ Damage 2.0.1', 'Ecosystem quality', 'Land occupation, biodiversity')",aelgp252nwxj2240tdpwng1ip8qioo1y,1.0733605410501064,OIL_Boiler,Construction
"('IMPACT World+ Midpoint 2.0.1', 'Midpoint', 'Land transformation, biodiversity')",aelgp252nwxj2240tdpwng1ip8qioo1y,0.013911516033231975,OIL_Boiler,Construction
"('IMPACT World+ Damage 2.0.1', 'Ecosystem quality', 'Land transformation, biodiversity')",aelgp252nwxj2240tdpwng1ip8qioo1y,2.2142498655670466,OIL_Boiler,Construction
"('IMPACT World+ Damage 2.0.1', 'Ecosystem quality', 'Thermally polluted water')",aelgp252nwxj2240tdpwng1ip8qioo1y,6.731493897604678e-05,OIL_Boiler,Construction
"('IMPACT World+ Damage 2.0.1', 'Ecosystem quality', 'Water availability, freshwater ecosystem')",aelgp252nwxj2240tdpwng1ip8qioo1y,0.00018481091446700406,OIL_Boiler,Construction
"('IMPACT World+ Damage 2.0.1', 'Human health', 'Water availability, human health')",aelgp252nwxj2240tdpwng1ip8qioo1y,6.809719758185118e-05,OIL_Boiler,Construction
"('IMPACT World+ Midpoint 2.0.1', 'Midpoint', 'Water scarcity')",aelgp252nwxj2240tdpwng1ip8qioo1y,25.925150084626512,OIL_Boiler,Construction
"('IMPACT World+ Damage 2.0.1', 'Ecosystem quality', 'Water availability, terrestrial ecosystem')",aelgp252nwxj2240tdpwng1ip8qioo1y,0.0013845187125378952,OIL_Boiler,Construction
"('IMPACT World+ Damage 2.0.1', 'Human health', 'Total human health')",aelgp252nwxj2240tdpwng1ip8qioo1y,0.0005240778716241291,OIL_Boiler,Construction
"('IMPACT World+ Damage 2.0.1', 'Ecosystem quality', 'Total ecosystem quality')",aelgp252nwxj2240tdpwng1ip8qioo1y,67.14961761922832,OIL_Boiler,Construction
"('IMPACT World+ Damage 2.0.1', 'Ecosystem quality', 'Climate change, ecosystem quality, long term')",1p4gs3uceb9xjoo2zstvbq3b7euilpbu,30.009601185439152,WOOD_Stove,Construction
"('IMPACT World+ Damage 2.0.1', 'Ecosystem quality', 'Climate change, ecosystem quality, short term')",1p4gs3uceb9xjoo2zstvbq3b7euilpbu,9.363272689852707,WOOD_Stove,Construction
"('IMPACT World+ Damage 2.0.1', 'Human health', 'Climate change, human health, long term')",1p4gs3uceb9xjoo2zstvbq3b7euilpbu,0.00013661442394176436,WOOD_Stove,Construction
"('IMPACT World+ Damage 2.0.1', 'Human health', 'Climate change, human health, short term')",1p4gs3uceb9xjoo2zstvbq3b7euilpbu,4.327220366779073e-05,WOOD_Stove,Construction
"('IMPACT World+ Midpoint 2.0.1', 'Midpoint', 'Climate change, long term')",1p4gs3uceb9xjoo2zstvbq3b7euilpbu,48.99864254961854,WOOD_Stove,Construction
"('IMPACT World+ Midpoint 2.0.1', 'Midpoint', 'Climate change, short term')",1p4gs3uceb9xjoo2zstvbq3b7euilpbu,51.93720464184108,WOOD_Stove,Construction
"('IMPACT World+ Damage 2.0.1', 'Ecosystem quality', 'Marine acidification, long term')",1p4gs3uceb9xjoo2zstvbq3b7euilpbu,7.214480715633515,WOOD_Stove,Construction
"('IMPACT World+ Damage 2.0.1', 'Ecosystem quality', 'Marine acidification, short term')",1p4gs3uceb9xjoo2zstvbq3b7euilpbu,0.7836459520733172,WOOD_Stove,Construction
"('IMPACT World+ Midpoint 2.0.1', 'Midpoint', 'Photochemical oxidant formation')",1p4gs3uceb9xjoo2zstvbq3b7euilpbu,0.2367300137060482,WOOD_Stove,Construction
"('IMPACT World+ Damage 2.0.1', 'Human health', 'Photochemical oxidant formation')",1p4gs3uceb9xjoo2zstvbq3b7euilpbu,9.270974202782861e-09,WOOD_Stove,Construction
"('IMPACT World+ Midpoint 2.0.1', 'Midpoint', 'Freshwater ecotoxicity')",1p4gs3uceb9xjoo2zstvbq3b7euilpbu,16397.555889272615,WOOD_Stove,Construction
"('IMPACT World+ Damage 2.0.1', 'Ecosystem quality', 'Freshwater ecotoxicity, short term')",1p4gs3uceb9xjoo2zstvbq3b7euilpbu,1.5412216406366694,WOOD_Stove,Construction
"('IMPACT World+ Midpoint 2.0.1', 'Midpoint', 'Human toxicity cancer')",1p4gs3uceb9xjoo2zstvbq3b7euilpbu,2.2744863224426467e-05,WOOD_Stove,Construction
"('IMPACT World+ Damage 2.0.1', 'Human health', 'Human toxicity cancer, short term')",1p4gs3uceb9xjoo2zstvbq3b7euilpbu,0.00025979601965995494,WOOD_Stove,Construction
"('IMPACT World+ Midpoint 2.0.1', 'Midpoint', 'Human toxicity non-cancer')",1p4gs3uceb9xjoo2zstvbq3b7euilpbu,2.229823094611575e-05,WOOD_Stove,Construction
"('IMPACT World+ Damage 2.0.1', 'Human health', 'Human toxicity non-cancer, short term')",1p4gs3uceb9xjoo2zstvbq3b7euilpbu,9.612742366964687e-06,WOOD_Stove,Construction
"('IMPACT World+ Damage 2.0.1', 'Ecosystem quality', 'Freshwater ecotoxicity, long term')",1p4gs3uceb9xjoo2zstvbq3b7euilpbu,7.6613342188786095,WOOD_Stove,Construction
"('IMPACT World+ Damage 2.0.1', 'Human health', 'Human toxicity cancer, long term')",1p4gs3uceb9xjoo2zstvbq3b7euilpbu,1.7699053033260629e-06,WOOD_Stove,Construction
"('IMPACT World+ Damage 2.0.1', 'Human health', 'Human toxicity non-cancer, long term')",1p4gs3uceb9xjoo2zstvbq3b7euilpbu,5.059248158002326e-05,WOOD_Stove,Construction
"('IMPACT World+ Midpoint 2.0.1', 'Midpoint', 'Marine eutrophication')",1p4gs3uceb9xjoo2zstvbq3b7euilpbu,0.008694420453571125,WOOD_Stove,Construction
"('IMPACT World+ Damage 2.0.1', 'Ecosystem quality', 'Marine eutrophication')",1p4gs3uceb9xjoo2zstvbq3b7euilpbu,0.0760761790023435,WOOD_Stove,Construction
"('IMPACT World+ Midpoint 2.0.1', 'Midpoint', 'Ozone layer depletion')",1p4gs3uceb9xjoo2zstvbq3b7euilpbu,3.877181353685447e-06,WOOD_Stove,Construction
"('IMPACT World+ Damage 2.0.1', 'Human health', 'Ozone layer depletion')",1p4gs3uceb9xjoo2zstvbq3b7euilpbu,9.486961888211489e-09,WOOD_Stove,Construction
"('IMPACT World+ Midpoint 2.0.1', 'Midpoint', 'Fossil and nuclear energy use')",1p4gs3uceb9xjoo2zstvbq3b7euilpbu,693.4275713468799,WOOD_Stove,Construction
"('IMPACT World+ Midpoint 2.0.1', 'Midpoint', 'Mineral resources use')",1p4gs3uceb9xjoo2zstvbq3b7euilpbu,16.522901966272396,WOOD_Stove,Construction
"('IMPACT World+ Midpoint 2.0.1', 'Midpoint', 'Freshwater acidification')",1p4gs3uceb9xjoo2zstvbq3b7euilpbu,0.160260469614084,WOOD_Stove,Construction
"('IMPACT World+ Damage 2.0.1', 'Ecosystem quality', 'Freshwater acidification')",1p4gs3uceb9xjoo2zstvbq3b7euilpbu,0.3670592255263891,WOOD_Stove,Construction
"('IMPACT World+ Midpoint 2.0.1', 'Midpoint', 'Particulate matter formation')",1p4gs3uceb9xjoo2zstvbq3b7euilpbu,0.0373863668357816,WOOD_Stove,Construction
"('IMPACT World+ Damage 2.0.1', 'Human health', 'Particulate matter formation')",1p4gs3uceb9xjoo2zstvbq3b7euilpbu,4.486364158301783e-05,WOOD_Stove,Construction
"('IMPACT World+ Midpoint 2.0.1', 'Midpoint', 'Terrestrial acidification')",1p4gs3uceb9xjoo2zstvbq3b7euilpbu,0.17057914116782397,WOOD_Stove,Construction
"('IMPACT World+ Damage 2.0.1', 'Ecosystem quality', 'Terrestrial acidification')",1p4gs3uceb9xjoo2zstvbq3b7euilpbu,2.448714669342112,WOOD_Stove,Construction
"('IMPACT World+ Midpoint 2.0.1', 'Midpoint', 'Freshwater eutrophication')",1p4gs3uceb9xjoo2zstvbq3b7euilpbu,0.0023557213870086533,WOOD_Stove,Construction
"('IMPACT World+ Damage 2.0.1', 'Ecosystem quality', 'Freshwater eutrophication')",1p4gs3uceb9xjoo2zstvbq3b7euilpbu,0.008535162850744134,WOOD_Stove,Construction
"('IMPACT World+ Damage 2.0.1', 'Ecosystem quality', 'Ionizing radiation, ecosystem quality')",1p4gs3uceb9xjoo2zstvbq3b7euilpbu,1.2183490177666868e-08,WOOD_Stove,Construction
"('IMPACT World+ Damage 2.0.1', 'Human health', 'Ionizing radiation, human health')",1p4gs3uceb9xjoo2zstvbq3b7euilpbu,1.5522254898563193e-07,WOOD_Stove,Construction
"('IMPACT World+ Midpoint 2.0.1', 'Midpoint', 'Ionizing radiations')",1p4gs3uceb9xjoo2zstvbq3b7euilpbu,739.1550139864419,WOOD_Stove,Construction
"('IMPACT World+ Midpoint 2.0.1', 'Midpoint', 'Land occupation, biodiversity')",1p4gs3uceb9xjoo2zstvbq3b7euilpbu,2.0949326106388217,WOOD_Stove,Construction
"('IMPACT World+ Damage 2.0.1', 'Ecosystem quality', 'Land occupation, biodiversity')",1p4gs3uceb9xjoo2zstvbq3b7euilpbu,1.378693421773089,WOOD_Stove,Construction
"('IMPACT World+ Midpoint 2.0.1', 'Midpoint', 'Land transformation, biodiversity')",1p4gs3uceb9xjoo2zstvbq3b7euilpbu,0.009666138729782319,WOOD_Stove,Construction
"('IMPACT World+ Damage 2.0.1', 'Ecosystem quality', 'Land transformation, biodiversity')",1p4gs3uceb9xjoo2zstvbq3b7euilpbu,1.5385272454365233,WOOD_Stove,Construction
"('IMPACT World+ Damage 2.0.1', 'Ecosystem quality', 'Thermally polluted water')",1p4gs3uceb9xjoo2zstvbq3b7euilpbu,8.290421640375304e-05,WOOD_Stove,Construction
"('IMPACT World+ Damage 2.0.1', 'Ecosystem quality', 'Water availability, freshwater ecosystem')",1p4gs3uceb9xjoo2zstvbq3b7euilpbu,0.00021430168666649403,WOOD_Stove,Construction
"('IMPACT World+ Damage 2.0.1', 'Human health', 'Water availability, human health')",1p4gs3uceb9xjoo2zstvbq3b7euilpbu,7.822916026178919e-05,WOOD_Stove,Construction
"('IMPACT World+ Midpoint 2.0.1', 'Midpoint', 'Water scarcity')",1p4gs3uceb9xjoo2zstvbq3b7euilpbu,30.062095662710433,WOOD_Stove,Construction
"('IMPACT World+ Damage 2.0.1', 'Ecosystem quality', 'Water availability, terrestrial ecosystem')",1p4gs3uceb9xjoo2zstvbq3b7euilpbu,0.0012793146107092038,WOOD_Stove,Construction
"('IMPACT World+ Damage 2.0.1', 'Human health', 'Total human health')",1p4gs3uceb9xjoo2zstvbq3b7euilpbu,0.0006249245711552949,WOOD_Stove,Construction
"('IMPACT World+ Damage 2.0.1', 'Ecosystem quality', 'Total ecosystem quality')",1p4gs3uceb9xjoo2zstvbq3b7euilpbu,62.392738493278294,WOOD_Stove,Construction
"('IMPACT World+ Damage 2.0.1', 'Ecosystem quality', 'Climate change, ecosystem quality, long term')",qtltiyvkomjsd07dh38rtit13vcyn4j8,29.98877301720347,HeatPump_Air,Construction
"('IMPACT World+ Damage 2.0.1', 'Ecosystem quality', 'Climate change, ecosystem quality, short term')",qtltiyvkomjsd07dh38rtit13vcyn4j8,28.264553684428904,HeatPump_Air,Construction
"('IMPACT World+ Damage 2.0.1', 'Human health', 'Climate change, human health, long term')",qtltiyvkomjsd07dh38rtit13vcyn4j8,0.00013540397002282398,HeatPump_Air,Construction
"('IMPACT World+ Damage 2.0.1', 'Human health', 'Climate change, human health, short term')",qtltiyvkomjsd07dh38rtit13vcyn4j8,0.00013089016492102073,HeatPump_Air,Construction
"('IMPACT World+ Midpoint 2.0.1', 'Midpoint', 'Climate change, long term')",qtltiyvkomjsd07dh38rtit13vcyn4j8,69.04356725928298,HeatPump_Air,Construction
"('IMPACT World+ Midpoint 2.0.1', 'Midpoint', 'Climate change, short term')",qtltiyvkomjsd07dh38rtit13vcyn4j8,157.48126667815143,HeatPump_Air,Construction
"('IMPACT World+ Damage 2.0.1', 'Ecosystem quality', 'Marine acidification, long term')",qtltiyvkomjsd07dh38rtit13vcyn4j8,6.712978827618237,HeatPump_Air,Construction
"('IMPACT World+ Damage 2.0.1', 'Ecosystem quality', 'Marine acidification, short term')",qtltiyvkomjsd07dh38rtit13vcyn4j8,0.7295070697022483,HeatPump_Air,Construction
"('IMPACT World+ Midpoint 2.0.1', 'Midpoint', 'Photochemical oxidant formation')",qtltiyvkomjsd07dh38rtit13vcyn4j8,0.3679827846618412,HeatPump_Air,Construction
"('IMPACT World+ Damage 2.0.1', 'Human health', 'Photochemical oxidant formation')",qtltiyvkomjsd07dh38rtit13vcyn4j8,1.4216611048987773e-08,HeatPump_Air,Construction
"('IMPACT World+ Midpoint 2.0.1', 'Midpoint', 'Freshwater ecotoxicity')",qtltiyvkomjsd07dh38rtit13vcyn4j8,105217.83171747507,HeatPump_Air,Construction
"('IMPACT World+ Damage 2.0.1', 'Ecosystem quality', 'Freshwater ecotoxicity, short term')",qtltiyvkomjsd07dh38rtit13vcyn4j8,2.36969041531943,HeatPump_Air,Construction
"('IMPACT World+ Midpoint 2.0.1', 'Midpoint', 'Human toxicity cancer')",qtltiyvkomjsd07dh38rtit13vcyn4j8,8.982978099643977e-06,HeatPump_Air,Construction
"('IMPACT World+ Damage 2.0.1', 'Human health', 'Human toxicity cancer, short term')",qtltiyvkomjsd07dh38rtit13vcyn4j8,9.823360127110233e-05,HeatPump_Air,Construction
"('IMPACT World+ Midpoint 2.0.1', 'Midpoint', 'Human toxicity non-cancer')",qtltiyvkomjsd07dh38rtit13vcyn4j8,0.00014300509355020825,HeatPump_Air,Construction
"('IMPACT World+ Damage 2.0.1', 'Human health', 'Human toxicity non-cancer, short term')",qtltiyvkomjsd07dh38rtit13vcyn4j8,0.00021068547672904947,HeatPump_Air,Construction
"('IMPACT World+ Damage 2.0.1', 'Ecosystem quality', 'Freshwater ecotoxicity, long term')",qtltiyvkomjsd07dh38rtit13vcyn4j8,56.25162916862757,HeatPump_Air,Construction
"('IMPACT World+ Damage 2.0.1', 'Human health', 'Human toxicity cancer, long term')",qtltiyvkomjsd07dh38rtit13vcyn4j8,5.070645826418345e-06,HeatPump_Air,Construction
"('IMPACT World+ Damage 2.0.1', 'Human health', 'Human toxicity non-cancer, long term')",qtltiyvkomjsd07dh38rtit13vcyn4j8,0.00017542827791165716,HeatPump_Air,Construction
"('IMPACT World+ Midpoint 2.0.1', 'Midpoint', 'Marine eutrophication')",qtltiyvkomjsd07dh38rtit13vcyn4j8,0.012436881233126279,HeatPump_Air,Construction
"('IMPACT World+ Damage 2.0.1', 'Ecosystem quality', 'Marine eutrophication')",qtltiyvkomjsd07dh38rtit13vcyn4j8,0.10882271087176323,HeatPump_Air,Construction
"('IMPACT World+ Midpoint 2.0.1', 'Midpoint', 'Ozone layer depletion')",qtltiyvkomjsd07dh38rtit13vcyn4j8,0.00026269641116093183,HeatPump_Air,Construction
"('IMPACT World+ Damage 2.0.1', 'Human health', 'Ozone layer depletion')",qtltiyvkomjsd07dh38rtit13vcyn4j8,5.485323036007206e-07,HeatPump_Air,Construction
"('IMPACT World+ Midpoint 2.0.1', 'Midpoint', 'Fossil and nuclear energy use')",qtltiyvkomjsd07dh38rtit13vcyn4j8,702.0435751896061,HeatPump_Air,Construction
"('IMPACT World+ Midpoint 2.0.1', 'Midpoint', 'Mineral resources use')",qtltiyvkomjsd07dh38rtit13vcyn4j8,10.063751607899185,HeatPump_Air,Construction
"('IMPACT World+ Midpoint 2.0.1', 'Midpoint', 'Freshwater acidification')",qtltiyvkomjsd07dh38rtit13vcyn4j8,0.9883597986909408,HeatPump_Air,Construction
"('IMPACT World+ Damage 2.0.1', 'Ecosystem quality', 'Freshwater acidification')",qtltiyvkomjsd07dh38rtit13vcyn4j8,2.3394418520799416,HeatPump_Air,Construction
"('IMPACT World+ Midpoint 2.0.1', 'Midpoint', 'Particulate matter formation')",qtltiyvkomjsd07dh38rtit13vcyn4j8,0.0737759677289917,HeatPump_Air,Construction
"('IMPACT World+ Damage 2.0.1', 'Human health', 'Particulate matter formation')",qtltiyvkomjsd07dh38rtit13vcyn4j8,8.853116187525221e-05,HeatPump_Air,Construction
"('IMPACT World+ Midpoint 2.0.1', 'Midpoint', 'Terrestrial acidification')",qtltiyvkomjsd07dh38rtit13vcyn4j8,1.019308525679127,HeatPump_Air,Construction
"('IMPACT World+ Damage 2.0.1', 'Ecosystem quality', 'Terrestrial acidification')",qtltiyvkomjsd07dh38rtit13vcyn4j8,14.55595990535355,HeatPump_Air,Construction
"('IMPACT World+ Midpoint 2.0.1', 'Midpoint', 'Freshwater eutrophication')",qtltiyvkomjsd07dh38rtit13vcyn4j8,0.001664873213238285,HeatPump_Air,Construction
"('IMPACT World+ Damage 2.0.1', 'Ecosystem quality', 'Freshwater eutrophication')",qtltiyvkomjsd07dh38rtit13vcyn4j8,0.006032107253336791,HeatPump_Air,Construction
"('IMPACT World+ Damage 2.0.1', 'Ecosystem quality', 'Ionizing radiation, ecosystem quality')",qtltiyvkomjsd07dh38rtit13vcyn4j8,1.1692410751940295e-08,HeatPump_Air,Construction
"('IMPACT World+ Damage 2.0.1', 'Human health', 'Ionizing radiation, human health')",qtltiyvkomjsd07dh38rtit13vcyn4j8,1.4603104262025217e-07,HeatPump_Air,Construction
"('IMPACT World+ Midpoint 2.0.1', 'Midpoint', 'Ionizing radiations')",qtltiyvkomjsd07dh38rtit13vcyn4j8,695.3859350048563,HeatPump_Air,Construction
"('IMPACT World+ Midpoint 2.0.1', 'Midpoint', 'Land occupation, biodiversity')",qtltiyvkomjsd07dh38rtit13vcyn4j8,2.6414385589907683,HeatPump_Air,Construction
"('IMPACT World+ Damage 2.0.1', 'Ecosystem quality', 'Land occupation, biodiversity')",qtltiyvkomjsd07dh38rtit13vcyn4j8,1.7383537991435494,HeatPump_Air,Construction
"('IMPACT World+ Midpoint 2.0.1', 'Midpoint', 'Land transformation, biodiversity')",qtltiyvkomjsd07dh38rtit13vcyn4j8,0.026272188526513324,HeatPump_Air,Construction
"('IMPACT World+ Damage 2.0.1', 'Ecosystem quality', 'Land transformation, biodiversity')",qtltiyvkomjsd07dh38rtit13vcyn4j8,4.181657192322034,HeatPump_Air,Construction
"('IMPACT World+ Damage 2.0.1', 'Ecosystem quality', 'Thermally polluted water')",qtltiyvkomjsd07dh38rtit13vcyn4j8,9.182182912624722e-05,HeatPump_Air,Construction
"('IMPACT World+ Damage 2.0.1', 'Ecosystem quality', 'Water availability, freshwater ecosystem')",qtltiyvkomjsd07dh38rtit13vcyn4j8,0.00028661518712598256,HeatPump_Air,Construction
"('IMPACT World+ Damage 2.0.1', 'Human health', 'Water availability, human health')",qtltiyvkomjsd07dh38rtit13vcyn4j8,0.00010878169258531356,HeatPump_Air,Construction
"('IMPACT World+ Midpoint 2.0.1', 'Midpoint', 'Water scarcity')",qtltiyvkomjsd07dh38rtit13vcyn4j8,40.20618459804682,HeatPump_Air,Construction
"('IMPACT World+ Damage 2.0.1', 'Ecosystem quality', 'Water availability, terrestrial ecosystem')",qtltiyvkomjsd07dh38rtit13vcyn4j8,0.0011935196908487893,HeatPump_Air,Construction
"('IMPACT World+ Damage 2.0.1', 'Human health', 'Total human health')",qtltiyvkomjsd07dh38rtit13vcyn4j8,0.0009537337686028602,HeatPump_Air,Construction
"('IMPACT World+ Damage 2.0.1', 'Ecosystem quality', 'Total ecosystem quality')",qtltiyvkomjsd07dh38rtit13vcyn4j8,147.24897021551268,HeatPump_Air,Construction
"('IMPACT World+ Damage 2.0.1', 'Ecosystem quality', 'Climate change, ecosystem quality, long term')",h0usdj8ej8074c6pqwdrbr9v3s4jx9km,29.98877301720347,HeatPump_Lake,Construction
"('IMPACT World+ Damage 2.0.1', 'Ecosystem quality', 'Climate change, ecosystem quality, short term')",h0usdj8ej8074c6pqwdrbr9v3s4jx9km,28.264553684428904,HeatPump_Lake,Construction
"('IMPACT World+ Damage 2.0.1', 'Human health', 'Climate change, human health, long term')",h0usdj8ej8074c6pqwdrbr9v3s4jx9km,0.00013540397002282398,HeatPump_Lake,Construction
"('IMPACT World+ Damage 2.0.1', 'Human health', 'Climate change, human health, short term')",h0usdj8ej8074c6pqwdrbr9v3s4jx9km,0.00013089016492102073,HeatPump_Lake,Construction
"('IMPACT World+ Midpoint 2.0.1', 'Midpoint', 'Climate change, long term')",h0usdj8ej8074c6pqwdrbr9v3s4jx9km,69.04356725928298,HeatPump_Lake,Construction
"('IMPACT World+ Midpoint 2.0.1', 'Midpoint', 'Climate change, short term')",h0usdj8ej8074c6pqwdrbr9v3s4jx9km,157.48126667815143,HeatPump_Lake,Construction
"('IMPACT World+ Damage 2.0.1', 'Ecosystem quality', 'Marine acidification, long term')",h0usdj8ej8074c6pqwdrbr9v3s4jx9km,6.712978827618237,HeatPump_Lake,Construction
"('IMPACT World+ Damage 2.0.1', 'Ecosystem quality', 'Marine acidification, short term')",h0usdj8ej8074c6pqwdrbr9v3s4jx9km,0.7295070697022483,HeatPump_Lake,Construction
"('IMPACT World+ Midpoint 2.0.1', 'Midpoint', 'Photochemical oxidant formation')",h0usdj8ej8074c6pqwdrbr9v3s4jx9km,0.3679827846618412,HeatPump_Lake,Construction
"('IMPACT World+ Damage 2.0.1', 'Human health', 'Photochemical oxidant formation')",h0usdj8ej8074c6pqwdrbr9v3s4jx9km,1.4216611048987773e-08,HeatPump_Lake,Construction
"('IMPACT World+ Midpoint 2.0.1', 'Midpoint', 'Freshwater ecotoxicity')",h0usdj8ej8074c6pqwdrbr9v3s4jx9km,105217.83171747507,HeatPump_Lake,Construction
"('IMPACT World+ Damage 2.0.1', 'Ecosystem quality', 'Freshwater ecotoxicity, short term')",h0usdj8ej8074c6pqwdrbr9v3s4jx9km,2.36969041531943,HeatPump_Lake,Construction
"('IMPACT World+ Midpoint 2.0.1', 'Midpoint', 'Human toxicity cancer')",h0usdj8ej8074c6pqwdrbr9v3s4jx9km,8.982978099643977e-06,HeatPump_Lake,Construction
"('IMPACT World+ Damage 2.0.1', 'Human health', 'Human toxicity cancer, short term')",h0usdj8ej8074c6pqwdrbr9v3s4jx9km,9.823360127110233e-05,HeatPump_Lake,Construction
"('IMPACT World+ Midpoint 2.0.1', 'Midpoint', 'Human toxicity non-cancer')",h0usdj8ej8074c6pqwdrbr9v3s4jx9km,0.00014300509355020825,HeatPump_Lake,Construction
"('IMPACT World+ Damage 2.0.1', 'Human health', 'Human toxicity non-cancer, short term')",h0usdj8ej8074c6pqwdrbr9v3s4jx9km,0.00021068547672904947,HeatPump_Lake,Construction
"('IMPACT World+ Damage 2.0.1', 'Ecosystem quality', 'Freshwater ecotoxicity, long term')",h0usdj8ej8074c6pqwdrbr9v3s4jx9km,56.25162916862757,HeatPump_Lake,Construction
"('IMPACT World+ Damage 2.0.1', 'Human health', 'Human toxicity cancer, long term')",h0usdj8ej8074c6pqwdrbr9v3s4jx9km,5.070645826418345e-06,HeatPump_Lake,Construction
"('IMPACT World+ Damage 2.0.1', 'Human health', 'Human toxicity non-cancer, long term')",h0usdj8ej8074c6pqwdrbr9v3s4jx9km,0.00017542827791165716,HeatPump_Lake,Construction
"('IMPACT World+ Midpoint 2.0.1', 'Midpoint', 'Marine eutrophication')",h0usdj8ej8074c6pqwdrbr9v3s4jx9km,0.012436881233126279,HeatPump_Lake,Construction
"('IMPACT World+ Damage 2.0.1', 'Ecosystem quality', 'Marine eutrophication')",h0usdj8ej8074c6pqwdrbr9v3s4jx9km,0.10882271087176323,HeatPump_Lake,Construction
"('IMPACT World+ Midpoint 2.0.1', 'Midpoint', 'Ozone layer depletion')",h0usdj8ej8074c6pqwdrbr9v3s4jx9km,0.00026269641116093183,HeatPump_Lake,Construction
"('IMPACT World+ Damage 2.0.1', 'Human health', 'Ozone layer depletion')",h0usdj8ej8074c6pqwdrbr9v3s4jx9km,5.485323036007206e-07,HeatPump_Lake,Construction
"('IMPACT World+ Midpoint 2.0.1', 'Midpoint', 'Fossil and nuclear energy use')",h0usdj8ej8074c6pqwdrbr9v3s4jx9km,702.0435751896061,HeatPump_Lake,Construction
"('IMPACT World+ Midpoint 2.0.1', 'Midpoint', 'Mineral resources use')",h0usdj8ej8074c6pqwdrbr9v3s4jx9km,10.063751607899185,HeatPump_Lake,Construction
"('IMPACT World+ Midpoint 2.0.1', 'Midpoint', 'Freshwater acidification')",h0usdj8ej8074c6pqwdrbr9v3s4jx9km,0.9883597986909408,HeatPump_Lake,Construction
"('IMPACT World+ Damage 2.0.1', 'Ecosystem quality', 'Freshwater acidification')",h0usdj8ej8074c6pqwdrbr9v3s4jx9km,2.3394418520799416,HeatPump_Lake,Construction
"('IMPACT World+ Midpoint 2.0.1', 'Midpoint', 'Particulate matter formation')",h0usdj8ej8074c6pqwdrbr9v3s4jx9km,0.0737759677289917,HeatPump_Lake,Construction
"('IMPACT World+ Damage 2.0.1', 'Human health', 'Particulate matter formation')",h0usdj8ej8074c6pqwdrbr9v3s4jx9km,8.853116187525221e-05,HeatPump_Lake,Construction
"('IMPACT World+ Midpoint 2.0.1', 'Midpoint', 'Terrestrial acidification')",h0usdj8ej8074c6pqwdrbr9v3s4jx9km,1.019308525679127,HeatPump_Lake,Construction
"('IMPACT World+ Damage 2.0.1', 'Ecosystem quality', 'Terrestrial acidification')",h0usdj8ej8074c6pqwdrbr9v3s4jx9km,14.55595990535355,HeatPump_Lake,Construction
"('IMPACT World+ Midpoint 2.0.1', 'Midpoint', 'Freshwater eutrophication')",h0usdj8ej8074c6pqwdrbr9v3s4jx9km,0.001664873213238285,HeatPump_Lake,Construction
"('IMPACT World+ Damage 2.0.1', 'Ecosystem quality', 'Freshwater eutrophication')",h0usdj8ej8074c6pqwdrbr9v3s4jx9km,0.006032107253336791,HeatPump_Lake,Construction
"('IMPACT World+ Damage 2.0.1', 'Ecosystem quality', 'Ionizing radiation, ecosystem quality')",h0usdj8ej8074c6pqwdrbr9v3s4jx9km,1.1692410751940295e-08,HeatPump_Lake,Construction
"('IMPACT World+ Damage 2.0.1', 'Human health', 'Ionizing radiation, human health')",h0usdj8ej8074c6pqwdrbr9v3s4jx9km,1.4603104262025217e-07,HeatPump_Lake,Construction
"('IMPACT World+ Midpoint 2.0.1', 'Midpoint', 'Ionizing radiations')",h0usdj8ej8074c6pqwdrbr9v3s4jx9km,695.3859350048563,HeatPump_Lake,Construction
"('IMPACT World+ Midpoint 2.0.1', 'Midpoint', 'Land occupation, biodiversity')",h0usdj8ej8074c6pqwdrbr9v3s4jx9km,2.6414385589907683,HeatPump_Lake,Construction
"('IMPACT World+ Damage 2.0.1', 'Ecosystem quality', 'Land occupation, biodiversity')",h0usdj8ej8074c6pqwdrbr9v3s4jx9km,1.7383537991435494,HeatPump_Lake,Construction
"('IMPACT World+ Midpoint 2.0.1', 'Midpoint', 'Land transformation, biodiversity')",h0usdj8ej8074c6pqwdrbr9v3s4jx9km,0.026272188526513324,HeatPump_Lake,Construction
"('IMPACT World+ Damage 2.0.1', 'Ecosystem quality', 'Land transformation, biodiversity')",h0usdj8ej8074c6pqwdrbr9v3s4jx9km,4.181657192322034,HeatPump_Lake,Construction
"('IMPACT World+ Damage 2.0.1', 'Ecosystem quality', 'Thermally polluted water')",h0usdj8ej8074c6pqwdrbr9v3s4jx9km,9.182182912624722e-05,HeatPump_Lake,Construction
"('IMPACT World+ Damage 2.0.1', 'Ecosystem quality', 'Water availability, freshwater ecosystem')",h0usdj8ej8074c6pqwdrbr9v3s4jx9km,0.00028661518712598256,HeatPump_Lake,Construction
"('IMPACT World+ Damage 2.0.1', 'Human health', 'Water availability, human health')",h0usdj8ej8074c6pqwdrbr9v3s4jx9km,0.00010878169258531356,HeatPump_Lake,Construction
"('IMPACT World+ Midpoint 2.0.1', 'Midpoint', 'Water scarcity')",h0usdj8ej8074c6pqwdrbr9v3s4jx9km,40.20618459804682,HeatPump_Lake,Construction
"('IMPACT World+ Damage 2.0.1', 'Ecosystem quality', 'Water availability, terrestrial ecosystem')",h0usdj8ej8074c6pqwdrbr9v3s4jx9km,0.0011935196908487893,HeatPump_Lake,Construction
"('IMPACT World+ Damage 2.0.1', 'Human health', 'Total human health')",h0usdj8ej8074c6pqwdrbr9v3s4jx9km,0.0009537337686028602,HeatPump_Lake,Construction
"('IMPACT World+ Damage 2.0.1', 'Ecosystem quality', 'Total ecosystem quality')",h0usdj8ej8074c6pqwdrbr9v3s4jx9km,147.24897021551268,HeatPump_Lake,Construction
"('IMPACT World+ Damage 2.0.1', 'Ecosystem quality', 'Climate change, ecosystem quality, long term')",enzri1xh1mq7u6550gubrrqclna4611b,29.98877301720347,HeatPump_Geothermal,Construction
"('IMPACT World+ Damage 2.0.1', 'Ecosystem quality', 'Climate change, ecosystem quality, short term')",enzri1xh1mq7u6550gubrrqclna4611b,28.264553684428904,HeatPump_Geothermal,Construction
"('IMPACT World+ Damage 2.0.1', 'Human health', 'Climate change, human health, long term')",enzri1xh1mq7u6550gubrrqclna4611b,0.00013540397002282398,HeatPump_Geothermal,Construction
"('IMPACT World+ Damage 2.0.1', 'Human health', 'Climate change, human health, short term')",enzri1xh1mq7u6550gubrrqclna4611b,0.00013089016492102073,HeatPump_Geothermal,Construction
"('IMPACT World+ Midpoint 2.0.1', 'Midpoint', 'Climate change, long term')",enzri1xh1mq7u6550gubrrqclna4611b,69.04356725928298,HeatPump_Geothermal,Construction
"('IMPACT World+ Midpoint 2.0.1', 'Midpoint', 'Climate change, short term')",enzri1xh1mq7u6550gubrrqclna4611b,157.48126667815143,HeatPump_Geothermal,Construction
"('IMPACT World+ Damage 2.0.1', 'Ecosystem quality', 'Marine acidification, long term')",enzri1xh1mq7u6550gubrrqclna4611b,6.712978827618237,HeatPump_Geothermal,Construction
"('IMPACT World+ Damage 2.0.1', 'Ecosystem quality', 'Marine acidification, short term')",enzri1xh1mq7u6550gubrrqclna4611b,0.7295070697022483,HeatPump_Geothermal,Construction
"('IMPACT World+ Midpoint 2.0.1', 'Midpoint', 'Photochemical oxidant formation')",enzri1xh1mq7u6550gubrrqclna4611b,0.3679827846618412,HeatPump_Geothermal,Construction
"('IMPACT World+ Damage 2.0.1', 'Human health', 'Photochemical oxidant formation')",enzri1xh1mq7u6550gubrrqclna4611b,1.4216611048987773e-08,HeatPump_Geothermal,Construction
"('IMPACT World+ Midpoint 2.0.1', 'Midpoint', 'Freshwater ecotoxicity')",enzri1xh1mq7u6550gubrrqclna4611b,105217.83171747507,HeatPump_Geothermal,Construction
"('IMPACT World+ Damage 2.0.1', 'Ecosystem quality', 'Freshwater ecotoxicity, short term')",enzri1xh1mq7u6550gubrrqclna4611b,2.36969041531943,HeatPump_Geothermal,Construction
"('IMPACT World+ Midpoint 2.0.1', 'Midpoint', 'Human toxicity cancer')",enzri1xh1mq7u6550gubrrqclna4611b,8.982978099643977e-06,HeatPump_Geothermal,Construction
"('IMPACT World+ Damage 2.0.1', 'Human health', 'Human toxicity cancer, short term')",enzri1xh1mq7u6550gubrrqclna4611b,9.823360127110233e-05,HeatPump_Geothermal,Construction
"('IMPACT World+ Midpoint 2.0.1', 'Midpoint', 'Human toxicity non-cancer')",enzri1xh1mq7u6550gubrrqclna4611b,0.00014300509355020825,HeatPump_Geothermal,Construction
"('IMPACT World+ Damage 2.0.1', 'Human health', 'Human toxicity non-cancer, short term')",enzri1xh1mq7u6550gubrrqclna4611b,0.00021068547672904947,HeatPump_Geothermal,Construction
"('IMPACT World+ Damage 2.0.1', 'Ecosystem quality', 'Freshwater ecotoxicity, long term')",enzri1xh1mq7u6550gubrrqclna4611b,56.25162916862757,HeatPump_Geothermal,Construction
"('IMPACT World+ Damage 2.0.1', 'Human health', 'Human toxicity cancer, long term')",enzri1xh1mq7u6550gubrrqclna4611b,5.070645826418345e-06,HeatPump_Geothermal,Construction
"('IMPACT World+ Damage 2.0.1', 'Human health', 'Human toxicity non-cancer, long term')",enzri1xh1mq7u6550gubrrqclna4611b,0.00017542827791165716,HeatPump_Geothermal,Construction
"('IMPACT World+ Midpoint 2.0.1', 'Midpoint', 'Marine eutrophication')",enzri1xh1mq7u6550gubrrqclna4611b,0.012436881233126279,HeatPump_Geothermal,Construction
"('IMPACT World+ Damage 2.0.1', 'Ecosystem quality', 'Marine eutrophication')",enzri1xh1mq7u6550gubrrqclna4611b,0.10882271087176323,HeatPump_Geothermal,Construction
"('IMPACT World+ Midpoint 2.0.1', 'Midpoint', 'Ozone layer depletion')",enzri1xh1mq7u6550gubrrqclna4611b,0.00026269641116093183,HeatPump_Geothermal,Construction
"('IMPACT World+ Damage 2.0.1', 'Human health', 'Ozone layer depletion')",enzri1xh1mq7u6550gubrrqclna4611b,5.485323036007206e-07,HeatPump_Geothermal,Construction
"('IMPACT World+ Midpoint 2.0.1', 'Midpoint', 'Fossil and nuclear energy use')",enzri1xh1mq7u6550gubrrqclna4611b,702.0435751896061,HeatPump_Geothermal,Construction
"('IMPACT World+ Midpoint 2.0.1', 'Midpoint', 'Mineral resources use')",enzri1xh1mq7u6550gubrrqclna4611b,10.063751607899185,HeatPump_Geothermal,Construction
"('IMPACT World+ Midpoint 2.0.1', 'Midpoint', 'Freshwater acidification')",enzri1xh1mq7u6550gubrrqclna4611b,0.9883597986909408,HeatPump_Geothermal,Construction
"('IMPACT World+ Damage 2.0.1', 'Ecosystem quality', 'Freshwater acidification')",enzri1xh1mq7u6550gubrrqclna4611b,2.3394418520799416,HeatPump_Geothermal,Construction
"('IMPACT World+ Midpoint 2.0.1', 'Midpoint', 'Particulate matter formation')",enzri1xh1mq7u6550gubrrqclna4611b,0.0737759677289917,HeatPump_Geothermal,Construction
"('IMPACT World+ Damage 2.0.1', 'Human health', 'Particulate matter formation')",enzri1xh1mq7u6550gubrrqclna4611b,8.853116187525221e-05,HeatPump_Geothermal,Construction
"('IMPACT World+ Midpoint 2.0.1', 'Midpoint', 'Terrestrial acidification')",enzri1xh1mq7u6550gubrrqclna4611b,1.019308525679127,HeatPump_Geothermal,Construction
"('IMPACT World+ Damage 2.0.1', 'Ecosystem quality', 'Terrestrial acidification')",enzri1xh1mq7u6550gubrrqclna4611b,14.55595990535355,HeatPump_Geothermal,Construction
"('IMPACT World+ Midpoint 2.0.1', 'Midpoint', 'Freshwater eutrophication')",enzri1xh1mq7u6550gubrrqclna4611b,0.001664873213238285,HeatPump_Geothermal,Construction
"('IMPACT World+ Damage 2.0.1', 'Ecosystem quality', 'Freshwater eutrophication')",enzri1xh1mq7u6550gubrrqclna4611b,0.006032107253336791,HeatPump_Geothermal,Construction
"('IMPACT World+ Damage 2.0.1', 'Ecosystem quality', 'Ionizing radiation, ecosystem quality')",enzri1xh1mq7u6550gubrrqclna4611b,1.1692410751940295e-08,HeatPump_Geothermal,Construction
"('IMPACT World+ Damage 2.0.1', 'Human health', 'Ionizing radiation, human health')",enzri1xh1mq7u6550gubrrqclna4611b,1.4603104262025217e-07,HeatPump_Geothermal,Construction
"('IMPACT World+ Midpoint 2.0.1', 'Midpoint', 'Ionizing radiations')",enzri1xh1mq7u6550gubrrqclna4611b,695.3859350048563,HeatPump_Geothermal,Construction
"('IMPACT World+ Midpoint 2.0.1', 'Midpoint', 'Land occupation, biodiversity')",enzri1xh1mq7u6550gubrrqclna4611b,2.6414385589907683,HeatPump_Geothermal,Construction
"('IMPACT World+ Damage 2.0.1', 'Ecosystem quality', 'Land occupation, biodiversity')",enzri1xh1mq7u6550gubrrqclna4611b,1.7383537991435494,HeatPump_Geothermal,Construction
"('IMPACT World+ Midpoint 2.0.1', 'Midpoint', 'Land transformation, biodiversity')",enzri1xh1mq7u6550gubrrqclna4611b,0.026272188526513324,HeatPump_Geothermal,Construction
"('IMPACT World+ Damage 2.0.1', 'Ecosystem quality', 'Land transformation, biodiversity')",enzri1xh1mq7u6550gubrrqclna4611b,4.181657192322034,HeatPump_Geothermal,Construction
"('IMPACT World+ Damage 2.0.1', 'Ecosystem quality', 'Thermally polluted water')",enzri1xh1mq7u6550gubrrqclna4611b,9.182182912624722e-05,HeatPump_Geothermal,Construction
"('IMPACT World+ Damage 2.0.1', 'Ecosystem quality', 'Water availability, freshwater ecosystem')",enzri1xh1mq7u6550gubrrqclna4611b,0.00028661518712598256,HeatPump_Geothermal,Construction
"('IMPACT World+ Damage 2.0.1', 'Human health', 'Water availability, human health')",enzri1xh1mq7u6550gubrrqclna4611b,0.00010878169258531356,HeatPump_Geothermal,Construction
"('IMPACT World+ Midpoint 2.0.1', 'Midpoint', 'Water scarcity')",enzri1xh1mq7u6550gubrrqclna4611b,40.20618459804682,HeatPump_Geothermal,Construction
"('IMPACT World+ Damage 2.0.1', 'Ecosystem quality', 'Water availability, terrestrial ecosystem')",enzri1xh1mq7u6550gubrrqclna4611b,0.0011935196908487893,HeatPump_Geothermal,Construction
"('IMPACT World+ Damage 2.0.1', 'Human health', 'Total human health')",enzri1xh1mq7u6550gubrrqclna4611b,0.0009537337686028602,HeatPump_Geothermal,Construction
"('IMPACT World+ Damage 2.0.1', 'Ecosystem quality', 'Total ecosystem quality')",enzri1xh1mq7u6550gubrrqclna4611b,147.24897021551268,HeatPump_Geothermal,Construction
"('IMPACT World+ Damage 2.0.1', 'Ecosystem quality', 'Climate change, ecosystem quality, long term')",teg7w0ktwu4b4x7ueq0chqua74rixzfb,105.41288263241016,HeatPump_DHN,Construction
"('IMPACT World+ Damage 2.0.1', 'Ecosystem quality', 'Climate change, ecosystem quality, short term')",teg7w0ktwu4b4x7ueq0chqua74rixzfb,89.64819533530716,HeatPump_DHN,Construction
"('IMPACT World+ Damage 2.0.1', 'Human health', 'Climate change, human health, long term')",teg7w0ktwu4b4x7ueq0chqua74rixzfb,0.000476528867737665,HeatPump_DHN,Construction
"('IMPACT World+ Damage 2.0.1', 'Human health', 'Climate change, human health, short term')",teg7w0ktwu4b4x7ueq0chqua74rixzfb,0.00041510599371814356,HeatPump_DHN,Construction
"('IMPACT World+ Midpoint 2.0.1', 'Midpoint', 'Climate change, long term')",teg7w0ktwu4b4x7ueq0chqua74rixzfb,232.31854658368087,HeatPump_DHN,Construction
"('IMPACT World+ Midpoint 2.0.1', 'Midpoint', 'Climate change, short term')",teg7w0ktwu4b4x7ueq0chqua74rixzfb,499.29061922131433,HeatPump_DHN,Construction
"('IMPACT World+ Damage 2.0.1', 'Ecosystem quality', 'Marine acidification, long term')",teg7w0ktwu4b4x7ueq0chqua74rixzfb,23.852333151279943,HeatPump_DHN,Construction
"('IMPACT World+ Damage 2.0.1', 'Ecosystem quality', 'Marine acidification, short term')",teg7w0ktwu4b4x7ueq0chqua74rixzfb,2.5925705387447993,HeatPump_DHN,Construction
"('IMPACT World+ Midpoint 2.0.1', 'Midpoint', 'Photochemical oxidant formation')",teg7w0ktwu4b4x7ueq0chqua74rixzfb,1.1782950648818014,HeatPump_DHN,Construction
"('IMPACT World+ Damage 2.0.1', 'Human health', 'Photochemical oxidant formation')",teg7w0ktwu4b4x7ueq0chqua74rixzfb,4.550422346787556e-08,HeatPump_DHN,Construction
"('IMPACT World+ Midpoint 2.0.1', 'Midpoint', 'Freshwater ecotoxicity')",teg7w0ktwu4b4x7ueq0chqua74rixzfb,321659.133127385,HeatPump_DHN,Construction
"('IMPACT World+ Damage 2.0.1', 'Ecosystem quality', 'Freshwater ecotoxicity, short term')",teg7w0ktwu4b4x7ueq0chqua74rixzfb,8.556082226576528,HeatPump_DHN,Construction
"('IMPACT World+ Midpoint 2.0.1', 'Midpoint', 'Human toxicity cancer')",teg7w0ktwu4b4x7ueq0chqua74rixzfb,2.707648695907446e-05,HeatPump_DHN,Construction
"('IMPACT World+ Damage 2.0.1', 'Human health', 'Human toxicity cancer, short term')",teg7w0ktwu4b4x7ueq0chqua74rixzfb,0.00029605184199257313,HeatPump_DHN,Construction
"('IMPACT World+ Midpoint 2.0.1', 'Midpoint', 'Human toxicity non-cancer')",teg7w0ktwu4b4x7ueq0chqua74rixzfb,0.00043134705816685735,HeatPump_DHN,Construction
"('IMPACT World+ Damage 2.0.1', 'Human health', 'Human toxicity non-cancer, short term')",teg7w0ktwu4b4x7ueq0chqua74rixzfb,0.0006348632702833134,HeatPump_DHN,Construction
"('IMPACT World+ Damage 2.0.1', 'Ecosystem quality', 'Freshwater ecotoxicity, long term')",teg7w0ktwu4b4x7ueq0chqua74rixzfb,170.63620121108295,HeatPump_DHN,Construction
"('IMPACT World+ Damage 2.0.1', 'Human health', 'Human toxicity cancer, long term')",teg7w0ktwu4b4x7ueq0chqua74rixzfb,1.532775487567177e-05,HeatPump_DHN,Construction
"('IMPACT World+ Damage 2.0.1', 'Human health', 'Human toxicity non-cancer, long term')",teg7w0ktwu4b4x7ueq0chqua74rixzfb,0.0005297737931546017,HeatPump_DHN,Construction
"('IMPACT World+ Midpoint 2.0.1', 'Midpoint', 'Marine eutrophication')",teg7w0ktwu4b4x7ueq0chqua74rixzfb,0.03933224164009058,HeatPump_DHN,Construction
"('IMPACT World+ Damage 2.0.1', 'Ecosystem quality', 'Marine eutrophication')",teg7w0ktwu4b4x7ueq0chqua74rixzfb,0.34415711453816156,HeatPump_DHN,Construction
"('IMPACT World+ Midpoint 2.0.1', 'Midpoint', 'Ozone layer depletion')",teg7w0ktwu4b4x7ueq0chqua74rixzfb,0.0007894789694758496,HeatPump_DHN,Construction
"('IMPACT World+ Damage 2.0.1', 'Human health', 'Ozone layer depletion')",teg7w0ktwu4b4x7ueq0chqua74rixzfb,1.6483527561435385e-06,HeatPump_DHN,Construction
"('IMPACT World+ Midpoint 2.0.1', 'Midpoint', 'Fossil and nuclear energy use')",teg7w0ktwu4b4x7ueq0chqua74rixzfb,2497.695051893427,HeatPump_DHN,Construction
"('IMPACT World+ Midpoint 2.0.1', 'Midpoint', 'Mineral resources use')",teg7w0ktwu4b4x7ueq0chqua74rixzfb,30.237820999921027,HeatPump_DHN,Construction
"('IMPACT World+ Midpoint 2.0.1', 'Midpoint', 'Freshwater acidification')",teg7w0ktwu4b4x7ueq0chqua74rixzfb,3.065306470520669,HeatPump_DHN,Construction
"('IMPACT World+ Damage 2.0.1', 'Ecosystem quality', 'Freshwater acidification')",teg7w0ktwu4b4x7ueq0chqua74rixzfb,7.249579254453888,HeatPump_DHN,Construction
"('IMPACT World+ Midpoint 2.0.1', 'Midpoint', 'Particulate matter formation')",teg7w0ktwu4b4x7ueq0chqua74rixzfb,0.24091436833034133,HeatPump_DHN,Construction
"('IMPACT World+ Damage 2.0.1', 'Human health', 'Particulate matter formation')",teg7w0ktwu4b4x7ueq0chqua74rixzfb,0.0002890972441879444,HeatPump_DHN,Construction
"('IMPACT World+ Midpoint 2.0.1', 'Midpoint', 'Terrestrial acidification')",teg7w0ktwu4b4x7ueq0chqua74rixzfb,3.161880183133588,HeatPump_DHN,Construction
"('IMPACT World+ Damage 2.0.1', 'Ecosystem quality', 'Terrestrial acidification')",teg7w0ktwu4b4x7ueq0chqua74rixzfb,45.15893217954847,HeatPump_DHN,Construction
"('IMPACT World+ Midpoint 2.0.1', 'Midpoint', 'Freshwater eutrophication')",teg7w0ktwu4b4x7ueq0chqua74rixzfb,0.005159614510490429,HeatPump_DHN,Construction
"('IMPACT World+ Damage 2.0.1', 'Ecosystem quality', 'Freshwater eutrophication')",teg7w0ktwu4b4x7ueq0chqua74rixzfb,0.018694125099199738,HeatPump_DHN,Construction
"('IMPACT World+ Damage 2.0.1', 'Ecosystem quality', 'Ionizing radiation, ecosystem quality')",teg7w0ktwu4b4x7ueq0chqua74rixzfb,2.8504650222064104e-08,HeatPump_DHN,Construction
"('IMPACT World+ Damage 2.0.1', 'Human health', 'Ionizing radiation, human health')",teg7w0ktwu4b4x7ueq0chqua74rixzfb,3.503939015436906e-07,HeatPump_DHN,Construction
"('IMPACT World+ Midpoint 2.0.1', 'Midpoint', 'Ionizing radiations')",teg7w0ktwu4b4x7ueq0chqua74rixzfb,1668.5424310105227,HeatPump_DHN,Construction
"('IMPACT World+ Midpoint 2.0.1', 'Midpoint', 'Land occupation, biodiversity')",teg7w0ktwu4b4x7ueq0chqua74rixzfb,8.185043714949302,HeatPump_DHN,Construction
"('IMPACT World+ Damage 2.0.1', 'Ecosystem quality', 'Land occupation, biodiversity')",teg7w0ktwu4b4x7ueq0chqua74rixzfb,5.386648758932134,HeatPump_DHN,Construction
"('IMPACT World+ Midpoint 2.0.1', 'Midpoint', 'Land transformation, biodiversity')",teg7w0ktwu4b4x7ueq0chqua74rixzfb,0.08289896983228542,HeatPump_DHN,Construction
"('IMPACT World+ Damage 2.0.1', 'Ecosystem quality', 'Land transformation, biodiversity')",teg7w0ktwu4b4x7ueq0chqua74rixzfb,13.194754311091083,HeatPump_DHN,Construction
"('IMPACT World+ Damage 2.0.1', 'Ecosystem quality', 'Thermally polluted water')",teg7w0ktwu4b4x7ueq0chqua74rixzfb,0.0003678183146085912,HeatPump_DHN,Construction
"('IMPACT World+ Damage 2.0.1', 'Ecosystem quality', 'Water availability, freshwater ecosystem')",teg7w0ktwu4b4x7ueq0chqua74rixzfb,0.0007933820948364811,HeatPump_DHN,Construction
"('IMPACT World+ Damage 2.0.1', 'Human health', 'Water availability, human health')",teg7w0ktwu4b4x7ueq0chqua74rixzfb,0.0003003689092765827,HeatPump_DHN,Construction
"('IMPACT World+ Midpoint 2.0.1', 'Midpoint', 'Water scarcity')",teg7w0ktwu4b4x7ueq0chqua74rixzfb,111.29510366023169,HeatPump_DHN,Construction
"('IMPACT World+ Damage 2.0.1', 'Ecosystem quality', 'Water availability, terrestrial ecosystem')",teg7w0ktwu4b4x7ueq0chqua74rixzfb,0.004360198194810714,HeatPump_DHN,Construction
"('IMPACT World+ Damage 2.0.1', 'Human health', 'Total human health')",teg7w0ktwu4b4x7ueq0chqua74rixzfb,0.002959161918407483,HeatPump_DHN,Construction
"('IMPACT World+ Damage 2.0.1', 'Ecosystem quality', 'Total ecosystem quality')",teg7w0ktwu4b4x7ueq0chqua74rixzfb,472.05654755587113,HeatPump_DHN,Construction
"('IMPACT World+ Damage 2.0.1', 'Ecosystem quality', 'Climate change, ecosystem quality, long term')",k53wbvqov29l2daptvk2ow3ffowsxey4,29.98877301720347,HeatPump_Anergy,Construction
"('IMPACT World+ Damage 2.0.1', 'Ecosystem quality', 'Climate change, ecosystem quality, short term')",k53wbvqov29l2daptvk2ow3ffowsxey4,28.264553684428904,HeatPump_Anergy,Construction
"('IMPACT World+ Damage 2.0.1', 'Human health', 'Climate change, human health, long term')",k53wbvqov29l2daptvk2ow3ffowsxey4,0.00013540397002282398,HeatPump_Anergy,Construction
"('IMPACT World+ Damage 2.0.1', 'Human health', 'Climate change, human health, short term')",k53wbvqov29l2daptvk2ow3ffowsxey4,0.00013089016492102073,HeatPump_Anergy,Construction
"('IMPACT World+ Midpoint 2.0.1', 'Midpoint', 'Climate change, long term')",k53wbvqov29l2daptvk2ow3ffowsxey4,69.04356725928298,HeatPump_Anergy,Construction
"('IMPACT World+ Midpoint 2.0.1', 'Midpoint', 'Climate change, short term')",k53wbvqov29l2daptvk2ow3ffowsxey4,157.48126667815143,HeatPump_Anergy,Construction
"('IMPACT World+ Damage 2.0.1', 'Ecosystem quality', 'Marine acidification, long term')",k53wbvqov29l2daptvk2ow3ffowsxey4,6.712978827618237,HeatPump_Anergy,Construction
"('IMPACT World+ Damage 2.0.1', 'Ecosystem quality', 'Marine acidification, short term')",k53wbvqov29l2daptvk2ow3ffowsxey4,0.7295070697022483,HeatPump_Anergy,Construction
"('IMPACT World+ Midpoint 2.0.1', 'Midpoint', 'Photochemical oxidant formation')",k53wbvqov29l2daptvk2ow3ffowsxey4,0.3679827846618412,HeatPump_Anergy,Construction
"('IMPACT World+ Damage 2.0.1', 'Human health', 'Photochemical oxidant formation')",k53wbvqov29l2daptvk2ow3ffowsxey4,1.4216611048987773e-08,HeatPump_Anergy,Construction
"('IMPACT World+ Midpoint 2.0.1', 'Midpoint', 'Freshwater ecotoxicity')",k53wbvqov29l2daptvk2ow3ffowsxey4,105217.83171747507,HeatPump_Anergy,Construction
"('IMPACT World+ Damage 2.0.1', 'Ecosystem quality', 'Freshwater ecotoxicity, short term')",k53wbvqov29l2daptvk2ow3ffowsxey4,2.36969041531943,HeatPump_Anergy,Construction
"('IMPACT World+ Midpoint 2.0.1', 'Midpoint', 'Human toxicity cancer')",k53wbvqov29l2daptvk2ow3ffowsxey4,8.982978099643977e-06,HeatPump_Anergy,Construction
"('IMPACT World+ Damage 2.0.1', 'Human health', 'Human toxicity cancer, short term')",k53wbvqov29l2daptvk2ow3ffowsxey4,9.823360127110233e-05,HeatPump_Anergy,Construction
"('IMPACT World+ Midpoint 2.0.1', 'Midpoint', 'Human toxicity non-cancer')",k53wbvqov29l2daptvk2ow3ffowsxey4,0.00014300509355020825,HeatPump_Anergy,Construction
"('IMPACT World+ Damage 2.0.1', 'Human health', 'Human toxicity non-cancer, short term')",k53wbvqov29l2daptvk2ow3ffowsxey4,0.00021068547672904947,HeatPump_Anergy,Construction
"('IMPACT World+ Damage 2.0.1', 'Ecosystem quality', 'Freshwater ecotoxicity, long term')",k53wbvqov29l2daptvk2ow3ffowsxey4,56.25162916862757,HeatPump_Anergy,Construction
"('IMPACT World+ Damage 2.0.1', 'Human health', 'Human toxicity cancer, long term')",k53wbvqov29l2daptvk2ow3ffowsxey4,5.070645826418345e-06,HeatPump_Anergy,Construction
"('IMPACT World+ Damage 2.0.1', 'Human health', 'Human toxicity non-cancer, long term')",k53wbvqov29l2daptvk2ow3ffowsxey4,0.00017542827791165716,HeatPump_Anergy,Construction
"('IMPACT World+ Midpoint 2.0.1', 'Midpoint', 'Marine eutrophication')",k53wbvqov29l2daptvk2ow3ffowsxey4,0.012436881233126279,HeatPump_Anergy,Construction
"('IMPACT World+ Damage 2.0.1', 'Ecosystem quality', 'Marine eutrophication')",k53wbvqov29l2daptvk2ow3ffowsxey4,0.10882271087176323,HeatPump_Anergy,Construction
"('IMPACT World+ Midpoint 2.0.1', 'Midpoint', 'Ozone layer depletion')",k53wbvqov29l2daptvk2ow3ffowsxey4,0.00026269641116093183,HeatPump_Anergy,Construction
"('IMPACT World+ Damage 2.0.1', 'Human health', 'Ozone layer depletion')",k53wbvqov29l2daptvk2ow3ffowsxey4,5.485323036007206e-07,HeatPump_Anergy,Construction
"('IMPACT World+ Midpoint 2.0.1', 'Midpoint', 'Fossil and nuclear energy use')",k53wbvqov29l2daptvk2ow3ffowsxey4,702.0435751896061,HeatPump_Anergy,Construction
"('IMPACT World+ Midpoint 2.0.1', 'Midpoint', 'Mineral resources use')",k53wbvqov29l2daptvk2ow3ffowsxey4,10.063751607899185,HeatPump_Anergy,Construction
"('IMPACT World+ Midpoint 2.0.1', 'Midpoint', 'Freshwater acidification')",k53wbvqov29l2daptvk2ow3ffowsxey4,0.9883597986909408,HeatPump_Anergy,Construction
"('IMPACT World+ Damage 2.0.1', 'Ecosystem quality', 'Freshwater acidification')",k53wbvqov29l2daptvk2ow3ffowsxey4,2.3394418520799416,HeatPump_Anergy,Construction
"('IMPACT World+ Midpoint 2.0.1', 'Midpoint', 'Particulate matter formation')",k53wbvqov29l2daptvk2ow3ffowsxey4,0.0737759677289917,HeatPump_Anergy,Construction
"('IMPACT World+ Damage 2.0.1', 'Human health', 'Particulate matter formation')",k53wbvqov29l2daptvk2ow3ffowsxey4,8.853116187525221e-05,HeatPump_Anergy,Construction
"('IMPACT World+ Midpoint 2.0.1', 'Midpoint', 'Terrestrial acidification')",k53wbvqov29l2daptvk2ow3ffowsxey4,1.019308525679127,HeatPump_Anergy,Construction
"('IMPACT World+ Damage 2.0.1', 'Ecosystem quality', 'Terrestrial acidification')",k53wbvqov29l2daptvk2ow3ffowsxey4,14.55595990535355,HeatPump_Anergy,Construction
"('IMPACT World+ Midpoint 2.0.1', 'Midpoint', 'Freshwater eutrophication')",k53wbvqov29l2daptvk2ow3ffowsxey4,0.001664873213238285,HeatPump_Anergy,Construction
"('IMPACT World+ Damage 2.0.1', 'Ecosystem quality', 'Freshwater eutrophication')",k53wbvqov29l2daptvk2ow3ffowsxey4,0.006032107253336791,HeatPump_Anergy,Construction
"('IMPACT World+ Damage 2.0.1', 'Ecosystem quality', 'Ionizing radiation, ecosystem quality')",k53wbvqov29l2daptvk2ow3ffowsxey4,1.1692410751940295e-08,HeatPump_Anergy,Construction
"('IMPACT World+ Damage 2.0.1', 'Human health', 'Ionizing radiation, human health')",k53wbvqov29l2daptvk2ow3ffowsxey4,1.4603104262025217e-07,HeatPump_Anergy,Construction
"('IMPACT World+ Midpoint 2.0.1', 'Midpoint', 'Ionizing radiations')",k53wbvqov29l2daptvk2ow3ffowsxey4,695.3859350048563,HeatPump_Anergy,Construction
"('IMPACT World+ Midpoint 2.0.1', 'Midpoint', 'Land occupation, biodiversity')",k53wbvqov29l2daptvk2ow3ffowsxey4,2.6414385589907683,HeatPump_Anergy,Construction
"('IMPACT World+ Damage 2.0.1', 'Ecosystem quality', 'Land occupation, biodiversity')",k53wbvqov29l2daptvk2ow3ffowsxey4,1.7383537991435494,HeatPump_Anergy,Construction
"('IMPACT World+ Midpoint 2.0.1', 'Midpoint', 'Land transformation, biodiversity')",k53wbvqov29l2daptvk2ow3ffowsxey4,0.026272188526513324,HeatPump_Anergy,Construction
"('IMPACT World+ Damage 2.0.1', 'Ecosystem quality', 'Land transformation, biodiversity')",k53wbvqov29l2daptvk2ow3ffowsxey4,4.181657192322034,HeatPump_Anergy,Construction
"('IMPACT World+ Damage 2.0.1', 'Ecosystem quality', 'Thermally polluted water')",k53wbvqov29l2daptvk2ow3ffowsxey4,9.182182912624722e-05,HeatPump_Anergy,Construction
"('IMPACT World+ Damage 2.0.1', 'Ecosystem quality', 'Water availability, freshwater ecosystem')",k53wbvqov29l2daptvk2ow3ffowsxey4,0.00028661518712598256,HeatPump_Anergy,Construction
"('IMPACT World+ Damage 2.0.1', 'Human health', 'Water availability, human health')",k53wbvqov29l2daptvk2ow3ffowsxey4,0.00010878169258531356,HeatPump_Anergy,Construction
"('IMPACT World+ Midpoint 2.0.1', 'Midpoint', 'Water scarcity')",k53wbvqov29l2daptvk2ow3ffowsxey4,40.20618459804682,HeatPump_Anergy,Construction
"('IMPACT World+ Damage 2.0.1', 'Ecosystem quality', 'Water availability, terrestrial ecosystem')",k53wbvqov29l2daptvk2ow3ffowsxey4,0.0011935196908487893,HeatPump_Anergy,Construction
"('IMPACT World+ Damage 2.0.1', 'Human health', 'Total human health')",k53wbvqov29l2daptvk2ow3ffowsxey4,0.0009537337686028602,HeatPump_Anergy,Construction
"('IMPACT World+ Damage 2.0.1', 'Ecosystem quality', 'Total ecosystem quality')",k53wbvqov29l2daptvk2ow3ffowsxey4,147.24897021551268,HeatPump_Anergy,Construction
"('IMPACT World+ Damage 2.0.1', 'Ecosystem quality', 'Climate change, ecosystem quality, long term')",jjmu8cddml8n0mi3wx14fiuaxricj9ky,29.98877301720347,Air_Conditioner_Air,Construction
"('IMPACT World+ Damage 2.0.1', 'Ecosystem quality', 'Climate change, ecosystem quality, short term')",jjmu8cddml8n0mi3wx14fiuaxricj9ky,28.264553684428904,Air_Conditioner_Air,Construction
"('IMPACT World+ Damage 2.0.1', 'Human health', 'Climate change, human health, long term')",jjmu8cddml8n0mi3wx14fiuaxricj9ky,0.00013540397002282398,Air_Conditioner_Air,Construction
"('IMPACT World+ Damage 2.0.1', 'Human health', 'Climate change, human health, short term')",jjmu8cddml8n0mi3wx14fiuaxricj9ky,0.00013089016492102073,Air_Conditioner_Air,Construction
"('IMPACT World+ Midpoint 2.0.1', 'Midpoint', 'Climate change, long term')",jjmu8cddml8n0mi3wx14fiuaxricj9ky,69.04356725928298,Air_Conditioner_Air,Construction
"('IMPACT World+ Midpoint 2.0.1', 'Midpoint', 'Climate change, short term')",jjmu8cddml8n0mi3wx14fiuaxricj9ky,157.48126667815143,Air_Conditioner_Air,Construction
"('IMPACT World+ Damage 2.0.1', 'Ecosystem quality', 'Marine acidification, long term')",jjmu8cddml8n0mi3wx14fiuaxricj9ky,6.712978827618237,Air_Conditioner_Air,Construction
"('IMPACT World+ Damage 2.0.1', 'Ecosystem quality', 'Marine acidification, short term')",jjmu8cddml8n0mi3wx14fiuaxricj9ky,0.7295070697022483,Air_Conditioner_Air,Construction
"('IMPACT World+ Midpoint 2.0.1', 'Midpoint', 'Photochemical oxidant formation')",jjmu8cddml8n0mi3wx14fiuaxricj9ky,0.3679827846618412,Air_Conditioner_Air,Construction
"('IMPACT World+ Damage 2.0.1', 'Human health', 'Photochemical oxidant formation')",jjmu8cddml8n0mi3wx14fiuaxricj9ky,1.4216611048987773e-08,Air_Conditioner_Air,Construction
"('IMPACT World+ Midpoint 2.0.1', 'Midpoint', 'Freshwater ecotoxicity')",jjmu8cddml8n0mi3wx14fiuaxricj9ky,105217.83171747507,Air_Conditioner_Air,Construction
"('IMPACT World+ Damage 2.0.1', 'Ecosystem quality', 'Freshwater ecotoxicity, short term')",jjmu8cddml8n0mi3wx14fiuaxricj9ky,2.36969041531943,Air_Conditioner_Air,Construction
"('IMPACT World+ Midpoint 2.0.1', 'Midpoint', 'Human toxicity cancer')",jjmu8cddml8n0mi3wx14fiuaxricj9ky,8.982978099643977e-06,Air_Conditioner_Air,Construction
"('IMPACT World+ Damage 2.0.1', 'Human health', 'Human toxicity cancer, short term')",jjmu8cddml8n0mi3wx14fiuaxricj9ky,9.823360127110233e-05,Air_Conditioner_Air,Construction
"('IMPACT World+ Midpoint 2.0.1', 'Midpoint', 'Human toxicity non-cancer')",jjmu8cddml8n0mi3wx14fiuaxricj9ky,0.00014300509355020825,Air_Conditioner_Air,Construction
"('IMPACT World+ Damage 2.0.1', 'Human health', 'Human toxicity non-cancer, short term')",jjmu8cddml8n0mi3wx14fiuaxricj9ky,0.00021068547672904947,Air_Conditioner_Air,Construction
"('IMPACT World+ Damage 2.0.1', 'Ecosystem quality', 'Freshwater ecotoxicity, long term')",jjmu8cddml8n0mi3wx14fiuaxricj9ky,56.25162916862757,Air_Conditioner_Air,Construction
"('IMPACT World+ Damage 2.0.1', 'Human health', 'Human toxicity cancer, long term')",jjmu8cddml8n0mi3wx14fiuaxricj9ky,5.070645826418345e-06,Air_Conditioner_Air,Construction
"('IMPACT World+ Damage 2.0.1', 'Human health', 'Human toxicity non-cancer, long term')",jjmu8cddml8n0mi3wx14fiuaxricj9ky,0.00017542827791165716,Air_Conditioner_Air,Construction
"('IMPACT World+ Midpoint 2.0.1', 'Midpoint', 'Marine eutrophication')",jjmu8cddml8n0mi3wx14fiuaxricj9ky,0.012436881233126279,Air_Conditioner_Air,Construction
"('IMPACT World+ Damage 2.0.1', 'Ecosystem quality', 'Marine eutrophication')",jjmu8cddml8n0mi3wx14fiuaxricj9ky,0.10882271087176323,Air_Conditioner_Air,Construction
"('IMPACT World+ Midpoint 2.0.1', 'Midpoint', 'Ozone layer depletion')",jjmu8cddml8n0mi3wx14fiuaxricj9ky,0.00026269641116093183,Air_Conditioner_Air,Construction
"('IMPACT World+ Damage 2.0.1', 'Human health', 'Ozone layer depletion')",jjmu8cddml8n0mi3wx14fiuaxricj9ky,5.485323036007206e-07,Air_Conditioner_Air,Construction
"('IMPACT World+ Midpoint 2.0.1', 'Midpoint', 'Fossil and nuclear energy use')",jjmu8cddml8n0mi3wx14fiuaxricj9ky,702.0435751896061,Air_Conditioner_Air,Construction
"('IMPACT World+ Midpoint 2.0.1', 'Midpoint', 'Mineral resources use')",jjmu8cddml8n0mi3wx14fiuaxricj9ky,10.063751607899185,Air_Conditioner_Air,Construction
"('IMPACT World+ Midpoint 2.0.1', 'Midpoint', 'Freshwater acidification')",jjmu8cddml8n0mi3wx14fiuaxricj9ky,0.9883597986909408,Air_Conditioner_Air,Construction
"('IMPACT World+ Damage 2.0.1', 'Ecosystem quality', 'Freshwater acidification')",jjmu8cddml8n0mi3wx14fiuaxricj9ky,2.3394418520799416,Air_Conditioner_Air,Construction
"('IMPACT World+ Midpoint 2.0.1', 'Midpoint', 'Particulate matter formation')",jjmu8cddml8n0mi3wx14fiuaxricj9ky,0.0737759677289917,Air_Conditioner_Air,Construction
"('IMPACT World+ Damage 2.0.1', 'Human health', 'Particulate matter formation')",jjmu8cddml8n0mi3wx14fiuaxricj9ky,8.853116187525221e-05,Air_Conditioner_Air,Construction
"('IMPACT World+ Midpoint 2.0.1', 'Midpoint', 'Terrestrial acidification')",jjmu8cddml8n0mi3wx14fiuaxricj9ky,1.019308525679127,Air_Conditioner_Air,Construction
"('IMPACT World+ Damage 2.0.1', 'Ecosystem quality', 'Terrestrial acidification')",jjmu8cddml8n0mi3wx14fiuaxricj9ky,14.55595990535355,Air_Conditioner_Air,Construction
"('IMPACT World+ Midpoint 2.0.1', 'Midpoint', 'Freshwater eutrophication')",jjmu8cddml8n0mi3wx14fiuaxricj9ky,0.001664873213238285,Air_Conditioner_Air,Construction
"('IMPACT World+ Damage 2.0.1', 'Ecosystem quality', 'Freshwater eutrophication')",jjmu8cddml8n0mi3wx14fiuaxricj9ky,0.006032107253336791,Air_Conditioner_Air,Construction
"('IMPACT World+ Damage 2.0.1', 'Ecosystem quality', 'Ionizing radiation, ecosystem quality')",jjmu8cddml8n0mi3wx14fiuaxricj9ky,1.1692410751940295e-08,Air_Conditioner_Air,Construction
"('IMPACT World+ Damage 2.0.1', 'Human health', 'Ionizing radiation, human health')",jjmu8cddml8n0mi3wx14fiuaxricj9ky,1.4603104262025217e-07,Air_Conditioner_Air,Construction
"('IMPACT World+ Midpoint 2.0.1', 'Midpoint', 'Ionizing radiations')",jjmu8cddml8n0mi3wx14fiuaxricj9ky,695.3859350048563,Air_Conditioner_Air,Construction
"('IMPACT World+ Midpoint 2.0.1', 'Midpoint', 'Land occupation, biodiversity')",jjmu8cddml8n0mi3wx14fiuaxricj9ky,2.6414385589907683,Air_Conditioner_Air,Construction
"('IMPACT World+ Damage 2.0.1', 'Ecosystem quality', 'Land occupation, biodiversity')",jjmu8cddml8n0mi3wx14fiuaxricj9ky,1.7383537991435494,Air_Conditioner_Air,Construction
"('IMPACT World+ Midpoint 2.0.1', 'Midpoint', 'Land transformation, biodiversity')",jjmu8cddml8n0mi3wx14fiuaxricj9ky,0.026272188526513324,Air_Conditioner_Air,Construction
"('IMPACT World+ Damage 2.0.1', 'Ecosystem quality', 'Land transformation, biodiversity')",jjmu8cddml8n0mi3wx14fiuaxricj9ky,4.181657192322034,Air_Conditioner_Air,Construction
"('IMPACT World+ Damage 2.0.1', 'Ecosystem quality', 'Thermally polluted water')",jjmu8cddml8n0mi3wx14fiuaxricj9ky,9.182182912624722e-05,Air_Conditioner_Air,Construction
"('IMPACT World+ Damage 2.0.1', 'Ecosystem quality', 'Water availability, freshwater ecosystem')",jjmu8cddml8n0mi3wx14fiuaxricj9ky,0.00028661518712598256,Air_Conditioner_Air,Construction
"('IMPACT World+ Damage 2.0.1', 'Human health', 'Water availability, human health')",jjmu8cddml8n0mi3wx14fiuaxricj9ky,0.00010878169258531356,Air_Conditioner_Air,Construction
"('IMPACT World+ Midpoint 2.0.1', 'Midpoint', 'Water scarcity')",jjmu8cddml8n0mi3wx14fiuaxricj9ky,40.20618459804682,Air_Conditioner_Air,Construction
"('IMPACT World+ Damage 2.0.1', 'Ecosystem quality', 'Water availability, terrestrial ecosystem')",jjmu8cddml8n0mi3wx14fiuaxricj9ky,0.0011935196908487893,Air_Conditioner_Air,Construction
"('IMPACT World+ Damage 2.0.1', 'Human health', 'Total human health')",jjmu8cddml8n0mi3wx14fiuaxricj9ky,0.0009537337686028602,Air_Conditioner_Air,Construction
"('IMPACT World+ Damage 2.0.1', 'Ecosystem quality', 'Total ecosystem quality')",jjmu8cddml8n0mi3wx14fiuaxricj9ky,147.24897021551268,Air_Conditioner_Air,Construction
"('IMPACT World+ Damage 2.0.1', 'Ecosystem quality', 'Climate change, ecosystem quality, long term')",vo8y6qgumgtpvwirw4hwuksg2t7k64un,29.98877301720347,Air_Conditioner_DHN,Construction
"('IMPACT World+ Damage 2.0.1', 'Ecosystem quality', 'Climate change, ecosystem quality, short term')",vo8y6qgumgtpvwirw4hwuksg2t7k64un,28.264553684428904,Air_Conditioner_DHN,Construction
"('IMPACT World+ Damage 2.0.1', 'Human health', 'Climate change, human health, long term')",vo8y6qgumgtpvwirw4hwuksg2t7k64un,0.00013540397002282398,Air_Conditioner_DHN,Construction
"('IMPACT World+ Damage 2.0.1', 'Human health', 'Climate change, human health, short term')",vo8y6qgumgtpvwirw4hwuksg2t7k64un,0.00013089016492102073,Air_Conditioner_DHN,Construction
"('IMPACT World+ Midpoint 2.0.1', 'Midpoint', 'Climate change, long term')",vo8y6qgumgtpvwirw4hwuksg2t7k64un,69.04356725928298,Air_Conditioner_DHN,Construction
"('IMPACT World+ Midpoint 2.0.1', 'Midpoint', 'Climate change, short term')",vo8y6qgumgtpvwirw4hwuksg2t7k64un,157.48126667815143,Air_Conditioner_DHN,Construction
"('IMPACT World+ Damage 2.0.1', 'Ecosystem quality', 'Marine acidification, long term')",vo8y6qgumgtpvwirw4hwuksg2t7k64un,6.712978827618237,Air_Conditioner_DHN,Construction
"('IMPACT World+ Damage 2.0.1', 'Ecosystem quality', 'Marine acidification, short term')",vo8y6qgumgtpvwirw4hwuksg2t7k64un,0.7295070697022483,Air_Conditioner_DHN,Construction
"('IMPACT World+ Midpoint 2.0.1', 'Midpoint', 'Photochemical oxidant formation')",vo8y6qgumgtpvwirw4hwuksg2t7k64un,0.3679827846618412,Air_Conditioner_DHN,Construction
"('IMPACT World+ Damage 2.0.1', 'Human health', 'Photochemical oxidant formation')",vo8y6qgumgtpvwirw4hwuksg2t7k64un,1.4216611048987773e-08,Air_Conditioner_DHN,Construction
"('IMPACT World+ Midpoint 2.0.1', 'Midpoint', 'Freshwater ecotoxicity')",vo8y6qgumgtpvwirw4hwuksg2t7k64un,105217.83171747507,Air_Conditioner_DHN,Construction
"('IMPACT World+ Damage 2.0.1', 'Ecosystem quality', 'Freshwater ecotoxicity, short term')",vo8y6qgumgtpvwirw4hwuksg2t7k64un,2.36969041531943,Air_Conditioner_DHN,Construction
"('IMPACT World+ Midpoint 2.0.1', 'Midpoint', 'Human toxicity cancer')",vo8y6qgumgtpvwirw4hwuksg2t7k64un,8.982978099643977e-06,Air_Conditioner_DHN,Construction
"('IMPACT World+ Damage 2.0.1', 'Human health', 'Human toxicity cancer, short term')",vo8y6qgumgtpvwirw4hwuksg2t7k64un,9.823360127110233e-05,Air_Conditioner_DHN,Construction
"('IMPACT World+ Midpoint 2.0.1', 'Midpoint', 'Human toxicity non-cancer')",vo8y6qgumgtpvwirw4hwuksg2t7k64un,0.00014300509355020825,Air_Conditioner_DHN,Construction
"('IMPACT World+ Damage 2.0.1', 'Human health', 'Human toxicity non-cancer, short term')",vo8y6qgumgtpvwirw4hwuksg2t7k64un,0.00021068547672904947,Air_Conditioner_DHN,Construction
"('IMPACT World+ Damage 2.0.1', 'Ecosystem quality', 'Freshwater ecotoxicity, long term')",vo8y6qgumgtpvwirw4hwuksg2t7k64un,56.25162916862757,Air_Conditioner_DHN,Construction
"('IMPACT World+ Damage 2.0.1', 'Human health', 'Human toxicity cancer, long term')",vo8y6qgumgtpvwirw4hwuksg2t7k64un,5.070645826418345e-06,Air_Conditioner_DHN,Construction
"('IMPACT World+ Damage 2.0.1', 'Human health', 'Human toxicity non-cancer, long term')",vo8y6qgumgtpvwirw4hwuksg2t7k64un,0.00017542827791165716,Air_Conditioner_DHN,Construction
"('IMPACT World+ Midpoint 2.0.1', 'Midpoint', 'Marine eutrophication')",vo8y6qgumgtpvwirw4hwuksg2t7k64un,0.012436881233126279,Air_Conditioner_DHN,Construction
"('IMPACT World+ Damage 2.0.1', 'Ecosystem quality', 'Marine eutrophication')",vo8y6qgumgtpvwirw4hwuksg2t7k64un,0.10882271087176323,Air_Conditioner_DHN,Construction
"('IMPACT World+ Midpoint 2.0.1', 'Midpoint', 'Ozone layer depletion')",vo8y6qgumgtpvwirw4hwuksg2t7k64un,0.00026269641116093183,Air_Conditioner_DHN,Construction
"('IMPACT World+ Damage 2.0.1', 'Human health', 'Ozone layer depletion')",vo8y6qgumgtpvwirw4hwuksg2t7k64un,5.485323036007206e-07,Air_Conditioner_DHN,Construction
"('IMPACT World+ Midpoint 2.0.1', 'Midpoint', 'Fossil and nuclear energy use')",vo8y6qgumgtpvwirw4hwuksg2t7k64un,702.0435751896061,Air_Conditioner_DHN,Construction
"('IMPACT World+ Midpoint 2.0.1', 'Midpoint', 'Mineral resources use')",vo8y6qgumgtpvwirw4hwuksg2t7k64un,10.063751607899185,Air_Conditioner_DHN,Construction
"('IMPACT World+ Midpoint 2.0.1', 'Midpoint', 'Freshwater acidification')",vo8y6qgumgtpvwirw4hwuksg2t7k64un,0.9883597986909408,Air_Conditioner_DHN,Construction
"('IMPACT World+ Damage 2.0.1', 'Ecosystem quality', 'Freshwater acidification')",vo8y6qgumgtpvwirw4hwuksg2t7k64un,2.3394418520799416,Air_Conditioner_DHN,Construction
"('IMPACT World+ Midpoint 2.0.1', 'Midpoint', 'Particulate matter formation')",vo8y6qgumgtpvwirw4hwuksg2t7k64un,0.0737759677289917,Air_Conditioner_DHN,Construction
"('IMPACT World+ Damage 2.0.1', 'Human health', 'Particulate matter formation')",vo8y6qgumgtpvwirw4hwuksg2t7k64un,8.853116187525221e-05,Air_Conditioner_DHN,Construction
"('IMPACT World+ Midpoint 2.0.1', 'Midpoint', 'Terrestrial acidification')",vo8y6qgumgtpvwirw4hwuksg2t7k64un,1.019308525679127,Air_Conditioner_DHN,Construction
"('IMPACT World+ Damage 2.0.1', 'Ecosystem quality', 'Terrestrial acidification')",vo8y6qgumgtpvwirw4hwuksg2t7k64un,14.55595990535355,Air_Conditioner_DHN,Construction
"('IMPACT World+ Midpoint 2.0.1', 'Midpoint', 'Freshwater eutrophication')",vo8y6qgumgtpvwirw4hwuksg2t7k64un,0.001664873213238285,Air_Conditioner_DHN,Construction
"('IMPACT World+ Damage 2.0.1', 'Ecosystem quality', 'Freshwater eutrophication')",vo8y6qgumgtpvwirw4hwuksg2t7k64un,0.006032107253336791,Air_Conditioner_DHN,Construction
"('IMPACT World+ Damage 2.0.1', 'Ecosystem quality', 'Ionizing radiation, ecosystem quality')",vo8y6qgumgtpvwirw4hwuksg2t7k64un,1.1692410751940295e-08,Air_Conditioner_DHN,Construction
"('IMPACT World+ Damage 2.0.1', 'Human health', 'Ionizing radiation, human health')",vo8y6qgumgtpvwirw4hwuksg2t7k64un,1.4603104262025217e-07,Air_Conditioner_DHN,Construction
"('IMPACT World+ Midpoint 2.0.1', 'Midpoint', 'Ionizing radiations')",vo8y6qgumgtpvwirw4hwuksg2t7k64un,695.3859350048563,Air_Conditioner_DHN,Construction
"('IMPACT World+ Midpoint 2.0.1', 'Midpoint', 'Land occupation, biodiversity')",vo8y6qgumgtpvwirw4hwuksg2t7k64un,2.6414385589907683,Air_Conditioner_DHN,Construction
"('IMPACT World+ Damage 2.0.1', 'Ecosystem quality', 'Land occupation, biodiversity')",vo8y6qgumgtpvwirw4hwuksg2t7k64un,1.7383537991435494,Air_Conditioner_DHN,Construction
"('IMPACT World+ Midpoint 2.0.1', 'Midpoint', 'Land transformation, biodiversity')",vo8y6qgumgtpvwirw4hwuksg2t7k64un,0.026272188526513324,Air_Conditioner_DHN,Construction
"('IMPACT World+ Damage 2.0.1', 'Ecosystem quality', 'Land transformation, biodiversity')",vo8y6qgumgtpvwirw4hwuksg2t7k64un,4.181657192322034,Air_Conditioner_DHN,Construction
"('IMPACT World+ Damage 2.0.1', 'Ecosystem quality', 'Thermally polluted water')",vo8y6qgumgtpvwirw4hwuksg2t7k64un,9.182182912624722e-05,Air_Conditioner_DHN,Construction
"('IMPACT World+ Damage 2.0.1', 'Ecosystem quality', 'Water availability, freshwater ecosystem')",vo8y6qgumgtpvwirw4hwuksg2t7k64un,0.00028661518712598256,Air_Conditioner_DHN,Construction
"('IMPACT World+ Damage 2.0.1', 'Human health', 'Water availability, human health')",vo8y6qgumgtpvwirw4hwuksg2t7k64un,0.00010878169258531356,Air_Conditioner_DHN,Construction
"('IMPACT World+ Midpoint 2.0.1', 'Midpoint', 'Water scarcity')",vo8y6qgumgtpvwirw4hwuksg2t7k64un,40.20618459804682,Air_Conditioner_DHN,Construction
"('IMPACT World+ Damage 2.0.1', 'Ecosystem quality', 'Water availability, terrestrial ecosystem')",vo8y6qgumgtpvwirw4hwuksg2t7k64un,0.0011935196908487893,Air_Conditioner_DHN,Construction
"('IMPACT World+ Damage 2.0.1', 'Human health', 'Total human health')",vo8y6qgumgtpvwirw4hwuksg2t7k64un,0.0009537337686028602,Air_Conditioner_DHN,Construction
"('IMPACT World+ Damage 2.0.1', 'Ecosystem quality', 'Total ecosystem quality')",vo8y6qgumgtpvwirw4hwuksg2t7k64un,147.24897021551268,Air_Conditioner_DHN,Construction
"('IMPACT World+ Damage 2.0.1', 'Ecosystem quality', 'Climate change, ecosystem quality, long term')",thbwf76sn60ctoawemfowgsdbqs0yb7x,0.8608682398313361,ElectricalHeater_SH,Construction
"('IMPACT World+ Damage 2.0.1', 'Ecosystem quality', 'Climate change, ecosystem quality, short term')",thbwf76sn60ctoawemfowgsdbqs0yb7x,0.2656942972747801,ElectricalHeater_SH,Construction
"('IMPACT World+ Damage 2.0.1', 'Human health', 'Climate change, human health, long term')",thbwf76sn60ctoawemfowgsdbqs0yb7x,3.919153417621413e-06,ElectricalHeater_SH,Construction
"('IMPACT World+ Damage 2.0.1', 'Human health', 'Climate change, human health, short term')",thbwf76sn60ctoawemfowgsdbqs0yb7x,1.2279527889409505e-06,ElectricalHeater_SH,Construction
"('IMPACT World+ Midpoint 2.0.1', 'Midpoint', 'Climate change, long term')",thbwf76sn60ctoawemfowgsdbqs0yb7x,1.403062955262918,ElectricalHeater_SH,Construction
"('IMPACT World+ Midpoint 2.0.1', 'Midpoint', 'Climate change, short term')",thbwf76sn60ctoawemfowgsdbqs0yb7x,1.4761592050456898,ElectricalHeater_SH,Construction
"('IMPACT World+ Damage 2.0.1', 'Ecosystem quality', 'Marine acidification, long term')",thbwf76sn60ctoawemfowgsdbqs0yb7x,0.20679088857663097,ElectricalHeater_SH,Construction
"('IMPACT World+ Damage 2.0.1', 'Ecosystem quality', 'Marine acidification, short term')",thbwf76sn60ctoawemfowgsdbqs0yb7x,0.02247131941196283,ElectricalHeater_SH,Construction
"('IMPACT World+ Midpoint 2.0.1', 'Midpoint', 'Photochemical oxidant formation')",thbwf76sn60ctoawemfowgsdbqs0yb7x,0.005098723903596666,ElectricalHeater_SH,Construction
"('IMPACT World+ Damage 2.0.1', 'Human health', 'Photochemical oxidant formation')",thbwf76sn60ctoawemfowgsdbqs0yb7x,1.9747261056568503e-10,ElectricalHeater_SH,Construction
"('IMPACT World+ Midpoint 2.0.1', 'Midpoint', 'Freshwater ecotoxicity')",thbwf76sn60ctoawemfowgsdbqs0yb7x,654.106543032236,ElectricalHeater_SH,Construction
"('IMPACT World+ Damage 2.0.1', 'Ecosystem quality', 'Freshwater ecotoxicity, short term')",thbwf76sn60ctoawemfowgsdbqs0yb7x,0.044671274632525314,ElectricalHeater_SH,Construction
"('IMPACT World+ Midpoint 2.0.1', 'Midpoint', 'Human toxicity cancer')",thbwf76sn60ctoawemfowgsdbqs0yb7x,6.785727641301365e-07,ElectricalHeater_SH,Construction
"('IMPACT World+ Damage 2.0.1', 'Human health', 'Human toxicity cancer, short term')",thbwf76sn60ctoawemfowgsdbqs0yb7x,7.76907360809248e-06,ElectricalHeater_SH,Construction
"('IMPACT World+ Midpoint 2.0.1', 'Midpoint', 'Human toxicity non-cancer')",thbwf76sn60ctoawemfowgsdbqs0yb7x,6.804927225625756e-07,ElectricalHeater_SH,Construction
"('IMPACT World+ Damage 2.0.1', 'Human health', 'Human toxicity non-cancer, short term')",thbwf76sn60ctoawemfowgsdbqs0yb7x,7.195481589463809e-07,ElectricalHeater_SH,Construction
"('IMPACT World+ Damage 2.0.1', 'Ecosystem quality', 'Freshwater ecotoxicity, long term')",thbwf76sn60ctoawemfowgsdbqs0yb7x,0.31947418791645954,ElectricalHeater_SH,Construction
"('IMPACT World+ Damage 2.0.1', 'Human health', 'Human toxicity cancer, long term')",thbwf76sn60ctoawemfowgsdbqs0yb7x,3.451310910735992e-08,ElectricalHeater_SH,Construction
"('IMPACT World+ Damage 2.0.1', 'Human health', 'Human toxicity non-cancer, long term')",thbwf76sn60ctoawemfowgsdbqs0yb7x,1.1177821980201936e-06,ElectricalHeater_SH,Construction
"('IMPACT World+ Midpoint 2.0.1', 'Midpoint', 'Marine eutrophication')",thbwf76sn60ctoawemfowgsdbqs0yb7x,0.00015054472033246402,ElectricalHeater_SH,Construction
"('IMPACT World+ Damage 2.0.1', 'Ecosystem quality', 'Marine eutrophication')",thbwf76sn60ctoawemfowgsdbqs0yb7x,0.001317266300470818,ElectricalHeater_SH,Construction
"('IMPACT World+ Midpoint 2.0.1', 'Midpoint', 'Ozone layer depletion')",thbwf76sn60ctoawemfowgsdbqs0yb7x,7.598712326195909e-08,ElectricalHeater_SH,Construction
"('IMPACT World+ Damage 2.0.1', 'Human health', 'Ozone layer depletion')",thbwf76sn60ctoawemfowgsdbqs0yb7x,1.6424781251004508e-10,ElectricalHeater_SH,Construction
"('IMPACT World+ Midpoint 2.0.1', 'Midpoint', 'Fossil and nuclear energy use')",thbwf76sn60ctoawemfowgsdbqs0yb7x,17.016268314605814,ElectricalHeater_SH,Construction
"('IMPACT World+ Midpoint 2.0.1', 'Midpoint', 'Mineral resources use')",thbwf76sn60ctoawemfowgsdbqs0yb7x,0.2340274958847781,ElectricalHeater_SH,Construction
"('IMPACT World+ Midpoint 2.0.1', 'Midpoint', 'Freshwater acidification')",thbwf76sn60ctoawemfowgsdbqs0yb7x,0.006458833172371954,ElectricalHeater_SH,Construction
"('IMPACT World+ Damage 2.0.1', 'Ecosystem quality', 'Freshwater acidification')",thbwf76sn60ctoawemfowgsdbqs0yb7x,0.014997969969409925,ElectricalHeater_SH,Construction
"('IMPACT World+ Midpoint 2.0.1', 'Midpoint', 'Particulate matter formation')",thbwf76sn60ctoawemfowgsdbqs0yb7x,0.0012412549668283364,ElectricalHeater_SH,Construction
"('IMPACT World+ Damage 2.0.1', 'Human health', 'Particulate matter formation')",thbwf76sn60ctoawemfowgsdbqs0yb7x,1.489505964808224e-06,ElectricalHeater_SH,Construction
"('IMPACT World+ Midpoint 2.0.1', 'Midpoint', 'Terrestrial acidification')",thbwf76sn60ctoawemfowgsdbqs0yb7x,0.006785174422234211,ElectricalHeater_SH,Construction
"('IMPACT World+ Damage 2.0.1', 'Ecosystem quality', 'Terrestrial acidification')",thbwf76sn60ctoawemfowgsdbqs0yb7x,0.09719657784377118,ElectricalHeater_SH,Construction
"('IMPACT World+ Midpoint 2.0.1', 'Midpoint', 'Freshwater eutrophication')",thbwf76sn60ctoawemfowgsdbqs0yb7x,3.3945825641655245e-05,ElectricalHeater_SH,Construction
"('IMPACT World+ Damage 2.0.1', 'Ecosystem quality', 'Freshwater eutrophication')",thbwf76sn60ctoawemfowgsdbqs0yb7x,0.00012299126503537353,ElectricalHeater_SH,Construction
"('IMPACT World+ Damage 2.0.1', 'Ecosystem quality', 'Ionizing radiation, ecosystem quality')",thbwf76sn60ctoawemfowgsdbqs0yb7x,2.7338154347442335e-10,ElectricalHeater_SH,Construction
"('IMPACT World+ Damage 2.0.1', 'Human health', 'Ionizing radiation, human health')",thbwf76sn60ctoawemfowgsdbqs0yb7x,3.6165861491260355e-09,ElectricalHeater_SH,Construction
"('IMPACT World+ Midpoint 2.0.1', 'Midpoint', 'Ionizing radiations')",thbwf76sn60ctoawemfowgsdbqs0yb7x,17.22183924850105,ElectricalHeater_SH,Construction
"('IMPACT World+ Midpoint 2.0.1', 'Midpoint', 'Land occupation, biodiversity')",thbwf76sn60ctoawemfowgsdbqs0yb7x,0.04948798165032259,ElectricalHeater_SH,Construction
"('IMPACT World+ Damage 2.0.1', 'Ecosystem quality', 'Land occupation, biodiversity')",thbwf76sn60ctoawemfowgsdbqs0yb7x,0.03256847192440656,ElectricalHeater_SH,Construction
"('IMPACT World+ Midpoint 2.0.1', 'Midpoint', 'Land transformation, biodiversity')",thbwf76sn60ctoawemfowgsdbqs0yb7x,0.0004847245304427252,ElectricalHeater_SH,Construction
"('IMPACT World+ Damage 2.0.1', 'Ecosystem quality', 'Land transformation, biodiversity')",thbwf76sn60ctoawemfowgsdbqs0yb7x,0.07715199697916159,ElectricalHeater_SH,Construction
"('IMPACT World+ Damage 2.0.1', 'Ecosystem quality', 'Thermally polluted water')",thbwf76sn60ctoawemfowgsdbqs0yb7x,2.6146165887293686e-06,ElectricalHeater_SH,Construction
"('IMPACT World+ Damage 2.0.1', 'Ecosystem quality', 'Water availability, freshwater ecosystem')",thbwf76sn60ctoawemfowgsdbqs0yb7x,5.146674590023048e-06,ElectricalHeater_SH,Construction
"('IMPACT World+ Damage 2.0.1', 'Human health', 'Water availability, human health')",thbwf76sn60ctoawemfowgsdbqs0yb7x,1.9044765666366427e-06,ElectricalHeater_SH,Construction
"('IMPACT World+ Midpoint 2.0.1', 'Midpoint', 'Water scarcity')",thbwf76sn60ctoawemfowgsdbqs0yb7x,0.721972030539655,ElectricalHeater_SH,Construction
"('IMPACT World+ Damage 2.0.1', 'Ecosystem quality', 'Water availability, terrestrial ecosystem')",thbwf76sn60ctoawemfowgsdbqs0yb7x,3.181096412553366e-05,ElectricalHeater_SH,Construction
"('IMPACT World+ Damage 2.0.1', 'Human health', 'Total human health')",thbwf76sn60ctoawemfowgsdbqs0yb7x,1.8185984444052396e-05,ElectricalHeater_SH,Construction
"('IMPACT World+ Damage 2.0.1', 'Ecosystem quality', 'Total ecosystem quality')",thbwf76sn60ctoawemfowgsdbqs0yb7x,1.9433650433977236,ElectricalHeater_SH,Construction
"('IMPACT World+ Damage 2.0.1', 'Ecosystem quality', 'Climate change, ecosystem quality, long term')",6ym9y715ivm85khwydpxb90w3vdnbu5k,0.8608682398313361,ElectricalHeater_DHW,Construction
"('IMPACT World+ Damage 2.0.1', 'Ecosystem quality', 'Climate change, ecosystem quality, short term')",6ym9y715ivm85khwydpxb90w3vdnbu5k,0.2656942972747801,ElectricalHeater_DHW,Construction
"('IMPACT World+ Damage 2.0.1', 'Human health', 'Climate change, human health, long term')",6ym9y715ivm85khwydpxb90w3vdnbu5k,3.919153417621413e-06,ElectricalHeater_DHW,Construction
"('IMPACT World+ Damage 2.0.1', 'Human health', 'Climate change, human health, short term')",6ym9y715ivm85khwydpxb90w3vdnbu5k,1.2279527889409505e-06,ElectricalHeater_DHW,Construction
"('IMPACT World+ Midpoint 2.0.1', 'Midpoint', 'Climate change, long term')",6ym9y715ivm85khwydpxb90w3vdnbu5k,1.403062955262918,ElectricalHeater_DHW,Construction
"('IMPACT World+ Midpoint 2.0.1', 'Midpoint', 'Climate change, short term')",6ym9y715ivm85khwydpxb90w3vdnbu5k,1.4761592050456898,ElectricalHeater_DHW,Construction
"('IMPACT World+ Damage 2.0.1', 'Ecosystem quality', 'Marine acidification, long term')",6ym9y715ivm85khwydpxb90w3vdnbu5k,0.20679088857663097,ElectricalHeater_DHW,Construction
"('IMPACT World+ Damage 2.0.1', 'Ecosystem quality', 'Marine acidification, short term')",6ym9y715ivm85khwydpxb90w3vdnbu5k,0.02247131941196283,ElectricalHeater_DHW,Construction
"('IMPACT World+ Midpoint 2.0.1', 'Midpoint', 'Photochemical oxidant formation')",6ym9y715ivm85khwydpxb90w3vdnbu5k,0.005098723903596666,ElectricalHeater_DHW,Construction
"('IMPACT World+ Damage 2.0.1', 'Human health', 'Photochemical oxidant formation')",6ym9y715ivm85khwydpxb90w3vdnbu5k,1.9747261056568503e-10,ElectricalHeater_DHW,Construction
"('IMPACT World+ Midpoint 2.0.1', 'Midpoint', 'Freshwater ecotoxicity')",6ym9y715ivm85khwydpxb90w3vdnbu5k,654.106543032236,ElectricalHeater_DHW,Construction
"('IMPACT World+ Damage 2.0.1', 'Ecosystem quality', 'Freshwater ecotoxicity, short term')",6ym9y715ivm85khwydpxb90w3vdnbu5k,0.044671274632525314,ElectricalHeater_DHW,Construction
"('IMPACT World+ Midpoint 2.0.1', 'Midpoint', 'Human toxicity cancer')",6ym9y715ivm85khwydpxb90w3vdnbu5k,6.785727641301365e-07,ElectricalHeater_DHW,Construction
"('IMPACT World+ Damage 2.0.1', 'Human health', 'Human toxicity cancer, short term')",6ym9y715ivm85khwydpxb90w3vdnbu5k,7.76907360809248e-06,ElectricalHeater_DHW,Construction
"('IMPACT World+ Midpoint 2.0.1', 'Midpoint', 'Human toxicity non-cancer')",6ym9y715ivm85khwydpxb90w3vdnbu5k,6.804927225625756e-07,ElectricalHeater_DHW,Construction
"('IMPACT World+ Damage 2.0.1', 'Human health', 'Human toxicity non-cancer, short term')",6ym9y715ivm85khwydpxb90w3vdnbu5k,7.195481589463809e-07,ElectricalHeater_DHW,Construction
"('IMPACT World+ Damage 2.0.1', 'Ecosystem quality', 'Freshwater ecotoxicity, long term')",6ym9y715ivm85khwydpxb90w3vdnbu5k,0.31947418791645954,ElectricalHeater_DHW,Construction
"('IMPACT World+ Damage 2.0.1', 'Human health', 'Human toxicity cancer, long term')",6ym9y715ivm85khwydpxb90w3vdnbu5k,3.451310910735992e-08,ElectricalHeater_DHW,Construction
"('IMPACT World+ Damage 2.0.1', 'Human health', 'Human toxicity non-cancer, long term')",6ym9y715ivm85khwydpxb90w3vdnbu5k,1.1177821980201936e-06,ElectricalHeater_DHW,Construction
"('IMPACT World+ Midpoint 2.0.1', 'Midpoint', 'Marine eutrophication')",6ym9y715ivm85khwydpxb90w3vdnbu5k,0.00015054472033246402,ElectricalHeater_DHW,Construction
"('IMPACT World+ Damage 2.0.1', 'Ecosystem quality', 'Marine eutrophication')",6ym9y715ivm85khwydpxb90w3vdnbu5k,0.001317266300470818,ElectricalHeater_DHW,Construction
"('IMPACT World+ Midpoint 2.0.1', 'Midpoint', 'Ozone layer depletion')",6ym9y715ivm85khwydpxb90w3vdnbu5k,7.598712326195909e-08,ElectricalHeater_DHW,Construction
"('IMPACT World+ Damage 2.0.1', 'Human health', 'Ozone layer depletion')",6ym9y715ivm85khwydpxb90w3vdnbu5k,1.6424781251004508e-10,ElectricalHeater_DHW,Construction
"('IMPACT World+ Midpoint 2.0.1', 'Midpoint', 'Fossil and nuclear energy use')",6ym9y715ivm85khwydpxb90w3vdnbu5k,17.016268314605814,ElectricalHeater_DHW,Construction
"('IMPACT World+ Midpoint 2.0.1', 'Midpoint', 'Mineral resources use')",6ym9y715ivm85khwydpxb90w3vdnbu5k,0.2340274958847781,ElectricalHeater_DHW,Construction
"('IMPACT World+ Midpoint 2.0.1', 'Midpoint', 'Freshwater acidification')",6ym9y715ivm85khwydpxb90w3vdnbu5k,0.006458833172371954,ElectricalHeater_DHW,Construction
"('IMPACT World+ Damage 2.0.1', 'Ecosystem quality', 'Freshwater acidification')",6ym9y715ivm85khwydpxb90w3vdnbu5k,0.014997969969409925,ElectricalHeater_DHW,Construction
"('IMPACT World+ Midpoint 2.0.1', 'Midpoint', 'Particulate matter formation')",6ym9y715ivm85khwydpxb90w3vdnbu5k,0.0012412549668283364,ElectricalHeater_DHW,Construction
"('IMPACT World+ Damage 2.0.1', 'Human health', 'Particulate matter formation')",6ym9y715ivm85khwydpxb90w3vdnbu5k,1.489505964808224e-06,ElectricalHeater_DHW,Construction
"('IMPACT World+ Midpoint 2.0.1', 'Midpoint', 'Terrestrial acidification')",6ym9y715ivm85khwydpxb90w3vdnbu5k,0.006785174422234211,ElectricalHeater_DHW,Construction
"('IMPACT World+ Damage 2.0.1', 'Ecosystem quality', 'Terrestrial acidification')",6ym9y715ivm85khwydpxb90w3vdnbu5k,0.09719657784377118,ElectricalHeater_DHW,Construction
"('IMPACT World+ Midpoint 2.0.1', 'Midpoint', 'Freshwater eutrophication')",6ym9y715ivm85khwydpxb90w3vdnbu5k,3.3945825641655245e-05,ElectricalHeater_DHW,Construction
"('IMPACT World+ Damage 2.0.1', 'Ecosystem quality', 'Freshwater eutrophication')",6ym9y715ivm85khwydpxb90w3vdnbu5k,0.00012299126503537353,ElectricalHeater_DHW,Construction
"('IMPACT World+ Damage 2.0.1', 'Ecosystem quality', 'Ionizing radiation, ecosystem quality')",6ym9y715ivm85khwydpxb90w3vdnbu5k,2.7338154347442335e-10,ElectricalHeater_DHW,Construction
"('IMPACT World+ Damage 2.0.1', 'Human health', 'Ionizing radiation, human health')",6ym9y715ivm85khwydpxb90w3vdnbu5k,3.6165861491260355e-09,ElectricalHeater_DHW,Construction
"('IMPACT World+ Midpoint 2.0.1', 'Midpoint', 'Ionizing radiations')",6ym9y715ivm85khwydpxb90w3vdnbu5k,17.22183924850105,ElectricalHeater_DHW,Construction
"('IMPACT World+ Midpoint 2.0.1', 'Midpoint', 'Land occupation, biodiversity')",6ym9y715ivm85khwydpxb90w3vdnbu5k,0.04948798165032259,ElectricalHeater_DHW,Construction
"('IMPACT World+ Damage 2.0.1', 'Ecosystem quality', 'Land occupation, biodiversity')",6ym9y715ivm85khwydpxb90w3vdnbu5k,0.03256847192440656,ElectricalHeater_DHW,Construction
"('IMPACT World+ Midpoint 2.0.1', 'Midpoint', 'Land transformation, biodiversity')",6ym9y715ivm85khwydpxb90w3vdnbu5k,0.0004847245304427252,ElectricalHeater_DHW,Construction
"('IMPACT World+ Damage 2.0.1', 'Ecosystem quality', 'Land transformation, biodiversity')",6ym9y715ivm85khwydpxb90w3vdnbu5k,0.07715199697916159,ElectricalHeater_DHW,Construction
"('IMPACT World+ Damage 2.0.1', 'Ecosystem quality', 'Thermally polluted water')",6ym9y715ivm85khwydpxb90w3vdnbu5k,2.6146165887293686e-06,ElectricalHeater_DHW,Construction
"('IMPACT World+ Damage 2.0.1', 'Ecosystem quality', 'Water availability, freshwater ecosystem')",6ym9y715ivm85khwydpxb90w3vdnbu5k,5.146674590023048e-06,ElectricalHeater_DHW,Construction
"('IMPACT World+ Damage 2.0.1', 'Human health', 'Water availability, human health')",6ym9y715ivm85khwydpxb90w3vdnbu5k,1.9044765666366427e-06,ElectricalHeater_DHW,Construction
"('IMPACT World+ Midpoint 2.0.1', 'Midpoint', 'Water scarcity')",6ym9y715ivm85khwydpxb90w3vdnbu5k,0.721972030539655,ElectricalHeater_DHW,Construction
"('IMPACT World+ Damage 2.0.1', 'Ecosystem quality', 'Water availability, terrestrial ecosystem')",6ym9y715ivm85khwydpxb90w3vdnbu5k,3.181096412553366e-05,ElectricalHeater_DHW,Construction
"('IMPACT World+ Damage 2.0.1', 'Human health', 'Total human health')",6ym9y715ivm85khwydpxb90w3vdnbu5k,1.8185984444052396e-05,ElectricalHeater_DHW,Construction
"('IMPACT World+ Damage 2.0.1', 'Ecosystem quality', 'Total ecosystem quality')",6ym9y715ivm85khwydpxb90w3vdnbu5k,1.9433650433977236,ElectricalHeater_DHW,Construction
"('IMPACT World+ Damage 2.0.1', 'Ecosystem quality', 'Climate change, ecosystem quality, long term')",7ysj31eucth5cmlsvany9w7n4jdzuswc,37.38959690479243,PV,Construction
"('IMPACT World+ Damage 2.0.1', 'Ecosystem quality', 'Climate change, ecosystem quality, short term')",7ysj31eucth5cmlsvany9w7n4jdzuswc,11.682409090121494,PV,Construction
"('IMPACT World+ Damage 2.0.1', 'Human health', 'Climate change, human health, long term')",7ysj31eucth5cmlsvany9w7n4jdzuswc,0.00017020902948328072,PV,Construction
"('IMPACT World+ Damage 2.0.1', 'Human health', 'Climate change, human health, short term')",7ysj31eucth5cmlsvany9w7n4jdzuswc,5.399528432822327e-05,PV,Construction
"('IMPACT World+ Midpoint 2.0.1', 'Midpoint', 'Climate change, long term')",7ysj31eucth5cmlsvany9w7n4jdzuswc,61.40707258049516,PV,Construction
"('IMPACT World+ Midpoint 2.0.1', 'Midpoint', 'Climate change, short term')",7ysj31eucth5cmlsvany9w7n4jdzuswc,64.79630743524322,PV,Construction
"('IMPACT World+ Damage 2.0.1', 'Ecosystem quality', 'Marine acidification, long term')",7ysj31eucth5cmlsvany9w7n4jdzuswc,8.935202964945526,PV,Construction
"('IMPACT World+ Damage 2.0.1', 'Ecosystem quality', 'Marine acidification, short term')",7ysj31eucth5cmlsvany9w7n4jdzuswc,0.9712316642413409,PV,Construction
"('IMPACT World+ Midpoint 2.0.1', 'Midpoint', 'Photochemical oxidant formation')",7ysj31eucth5cmlsvany9w7n4jdzuswc,0.5899806379196808,PV,Construction
"('IMPACT World+ Damage 2.0.1', 'Human health', 'Photochemical oxidant formation')",7ysj31eucth5cmlsvany9w7n4jdzuswc,2.2659940883181087e-08,PV,Construction
"('IMPACT World+ Midpoint 2.0.1', 'Midpoint', 'Freshwater ecotoxicity')",7ysj31eucth5cmlsvany9w7n4jdzuswc,229026.80843512077,PV,Construction
"('IMPACT World+ Damage 2.0.1', 'Ecosystem quality', 'Freshwater ecotoxicity, short term')",7ysj31eucth5cmlsvany9w7n4jdzuswc,3.772705760858338,PV,Construction
"('IMPACT World+ Midpoint 2.0.1', 'Midpoint', 'Human toxicity cancer')",7ysj31eucth5cmlsvany9w7n4jdzuswc,6.738193697186239e-06,PV,Construction
"('IMPACT World+ Damage 2.0.1', 'Human health', 'Human toxicity cancer, short term')",7ysj31eucth5cmlsvany9w7n4jdzuswc,6.615950281343476e-05,PV,Construction
"('IMPACT World+ Midpoint 2.0.1', 'Midpoint', 'Human toxicity non-cancer')",7ysj31eucth5cmlsvany9w7n4jdzuswc,0.00032447083765047284,PV,Construction
"('IMPACT World+ Damage 2.0.1', 'Human health', 'Human toxicity non-cancer, short term')",7ysj31eucth5cmlsvany9w7n4jdzuswc,0.00048242967364375085,PV,Construction
"('IMPACT World+ Damage 2.0.1', 'Ecosystem quality', 'Freshwater ecotoxicity, long term')",7ysj31eucth5cmlsvany9w7n4jdzuswc,123.80383615899405,PV,Construction
"('IMPACT World+ Damage 2.0.1', 'Human health', 'Human toxicity cancer, long term')",7ysj31eucth5cmlsvany9w7n4jdzuswc,1.1329723534194268e-05,PV,Construction
"('IMPACT World+ Damage 2.0.1', 'Human health', 'Human toxicity non-cancer, long term')",7ysj31eucth5cmlsvany9w7n4jdzuswc,0.0003936415925483057,PV,Construction
"('IMPACT World+ Midpoint 2.0.1', 'Midpoint', 'Marine eutrophication')",7ysj31eucth5cmlsvany9w7n4jdzuswc,0.019688562706034078,PV,Construction
"('IMPACT World+ Damage 2.0.1', 'Ecosystem quality', 'Marine eutrophication')",7ysj31eucth5cmlsvany9w7n4jdzuswc,0.17227492352411705,PV,Construction
"('IMPACT World+ Midpoint 2.0.1', 'Midpoint', 'Ozone layer depletion')",7ysj31eucth5cmlsvany9w7n4jdzuswc,3.819714344738556e-06,PV,Construction
"('IMPACT World+ Damage 2.0.1', 'Human health', 'Ozone layer depletion')",7ysj31eucth5cmlsvany9w7n4jdzuswc,8.729739439770418e-09,PV,Construction
"('IMPACT World+ Midpoint 2.0.1', 'Midpoint', 'Fossil and nuclear energy use')",7ysj31eucth5cmlsvany9w7n4jdzuswc,943.490871310923,PV,Construction
"('IMPACT World+ Midpoint 2.0.1', 'Midpoint', 'Mineral resources use')",7ysj31eucth5cmlsvany9w7n4jdzuswc,4.23127426411799,PV,Construction
"('IMPACT World+ Midpoint 2.0.1', 'Midpoint', 'Freshwater acidification')",7ysj31eucth5cmlsvany9w7n4jdzuswc,2.0982388639046192,PV,Construction
"('IMPACT World+ Damage 2.0.1', 'Ecosystem quality', 'Freshwater acidification')",7ysj31eucth5cmlsvany9w7n4jdzuswc,4.978651392034797,PV,Construction
"('IMPACT World+ Midpoint 2.0.1', 'Midpoint', 'Particulate matter formation')",7ysj31eucth5cmlsvany9w7n4jdzuswc,0.1364722982222775,PV,Construction
"('IMPACT World+ Damage 2.0.1', 'Human health', 'Particulate matter formation')",7ysj31eucth5cmlsvany9w7n4jdzuswc,0.0001637667584061642,PV,Construction
"('IMPACT World+ Midpoint 2.0.1', 'Midpoint', 'Terrestrial acidification')",7ysj31eucth5cmlsvany9w7n4jdzuswc,2.1600638951490656,PV,Construction
"('IMPACT World+ Damage 2.0.1', 'Ecosystem quality', 'Terrestrial acidification')",7ysj31eucth5cmlsvany9w7n4jdzuswc,30.833338106243584,PV,Construction
"('IMPACT World+ Midpoint 2.0.1', 'Midpoint', 'Freshwater eutrophication')",7ysj31eucth5cmlsvany9w7n4jdzuswc,0.0015257746658787583,PV,Construction
"('IMPACT World+ Damage 2.0.1', 'Ecosystem quality', 'Freshwater eutrophication')",7ysj31eucth5cmlsvany9w7n4jdzuswc,0.0055281305300624705,PV,Construction
"('IMPACT World+ Damage 2.0.1', 'Ecosystem quality', 'Ionizing radiation, ecosystem quality')",7ysj31eucth5cmlsvany9w7n4jdzuswc,1.034894450061516e-08,PV,Construction
"('IMPACT World+ Damage 2.0.1', 'Human health', 'Ionizing radiation, human health')",7ysj31eucth5cmlsvany9w7n4jdzuswc,1.2542058048194664e-07,PV,Construction
"('IMPACT World+ Midpoint 2.0.1', 'Midpoint', 'Ionizing radiations')",7ysj31eucth5cmlsvany9w7n4jdzuswc,597.2408748253739,PV,Construction
"('IMPACT World+ Midpoint 2.0.1', 'Midpoint', 'Land occupation, biodiversity')",7ysj31eucth5cmlsvany9w7n4jdzuswc,5.109561729245012,PV,Construction
"('IMPACT World+ Damage 2.0.1', 'Ecosystem quality', 'Land occupation, biodiversity')",7ysj31eucth5cmlsvany9w7n4jdzuswc,3.3626473020503913,PV,Construction
"('IMPACT World+ Midpoint 2.0.1', 'Midpoint', 'Land transformation, biodiversity')",7ysj31eucth5cmlsvany9w7n4jdzuswc,0.050420140352118524,PV,Construction
"('IMPACT World+ Damage 2.0.1', 'Ecosystem quality', 'Land transformation, biodiversity')",7ysj31eucth5cmlsvany9w7n4jdzuswc,8.025206700477998,PV,Construction
"('IMPACT World+ Damage 2.0.1', 'Ecosystem quality', 'Thermally polluted water')",7ysj31eucth5cmlsvany9w7n4jdzuswc,0.00011509436321907459,PV,Construction
"('IMPACT World+ Damage 2.0.1', 'Ecosystem quality', 'Water availability, freshwater ecosystem')",7ysj31eucth5cmlsvany9w7n4jdzuswc,0.0004736080694335604,PV,Construction
"('IMPACT World+ Damage 2.0.1', 'Human health', 'Water availability, human health')",7ysj31eucth5cmlsvany9w7n4jdzuswc,0.00018632613278558107,PV,Construction
"('IMPACT World+ Midpoint 2.0.1', 'Midpoint', 'Water scarcity')",7ysj31eucth5cmlsvany9w7n4jdzuswc,66.43741965566183,PV,Construction
"('IMPACT World+ Damage 2.0.1', 'Ecosystem quality', 'Water availability, terrestrial ecosystem')",7ysj31eucth5cmlsvany9w7n4jdzuswc,0.0015751009086459116,PV,Construction
"('IMPACT World+ Damage 2.0.1', 'Human health', 'Total human health')",7ysj31eucth5cmlsvany9w7n4jdzuswc,0.00152801449472908,PV,Construction
"('IMPACT World+ Damage 2.0.1', 'Ecosystem quality', 'Total ecosystem quality')",7ysj31eucth5cmlsvany9w7n4jdzuswc,233.93479163300145,PV,Construction
"('IMPACT World+ Damage 2.0.1', 'Ecosystem quality', 'Climate change, ecosystem quality, long term')",j3pqtxj38nmk838rwrdxfyt7fy4dy6gq,72.99164380781563,ThermalSolar,Construction
"('IMPACT World+ Damage 2.0.1', 'Ecosystem quality', 'Climate change, ecosystem quality, short term')",j3pqtxj38nmk838rwrdxfyt7fy4dy6gq,22.737858441391865,ThermalSolar,Construction
"('IMPACT World+ Damage 2.0.1', 'Human health', 'Climate change, human health, long term')",j3pqtxj38nmk838rwrdxfyt7fy4dy6gq,0.0003322832492425991,ThermalSolar,Construction
"('IMPACT World+ Damage 2.0.1', 'Human health', 'Climate change, human health, short term')",j3pqtxj38nmk838rwrdxfyt7fy4dy6gq,0.00010508896998174717,ThermalSolar,Construction
"('IMPACT World+ Midpoint 2.0.1', 'Midpoint', 'Climate change, long term')",j3pqtxj38nmk838rwrdxfyt7fy4dy6gq,119.16094042322199,ThermalSolar,Construction
"('IMPACT World+ Midpoint 2.0.1', 'Midpoint', 'Climate change, short term')",j3pqtxj38nmk838rwrdxfyt7fy4dy6gq,125.95368568492495,ThermalSolar,Construction
"('IMPACT World+ Damage 2.0.1', 'Ecosystem quality', 'Marine acidification, long term')",j3pqtxj38nmk838rwrdxfyt7fy4dy6gq,17.118785130835864,ThermalSolar,Construction
"('IMPACT World+ Damage 2.0.1', 'Ecosystem quality', 'Marine acidification, short term')",j3pqtxj38nmk838rwrdxfyt7fy4dy6gq,1.8610264758813853,ThermalSolar,Construction
"('IMPACT World+ Midpoint 2.0.1', 'Midpoint', 'Photochemical oxidant formation')",j3pqtxj38nmk838rwrdxfyt7fy4dy6gq,0.681877498899429,ThermalSolar,Construction
"('IMPACT World+ Damage 2.0.1', 'Human health', 'Photochemical oxidant formation')",j3pqtxj38nmk838rwrdxfyt7fy4dy6gq,2.630473029916694e-08,ThermalSolar,Construction
"('IMPACT World+ Midpoint 2.0.1', 'Midpoint', 'Freshwater ecotoxicity')",j3pqtxj38nmk838rwrdxfyt7fy4dy6gq,158709.3686860372,ThermalSolar,Construction
"('IMPACT World+ Damage 2.0.1', 'Ecosystem quality', 'Freshwater ecotoxicity, short term')",j3pqtxj38nmk838rwrdxfyt7fy4dy6gq,5.879455435020498,ThermalSolar,Construction
"('IMPACT World+ Midpoint 2.0.1', 'Midpoint', 'Human toxicity cancer')",j3pqtxj38nmk838rwrdxfyt7fy4dy6gq,1.8475064758894202e-05,ThermalSolar,Construction
"('IMPACT World+ Damage 2.0.1', 'Human health', 'Human toxicity cancer, short term')",j3pqtxj38nmk838rwrdxfyt7fy4dy6gq,0.0002052977119500681,ThermalSolar,Construction
"('IMPACT World+ Midpoint 2.0.1', 'Midpoint', 'Human toxicity non-cancer')",j3pqtxj38nmk838rwrdxfyt7fy4dy6gq,0.00020392080795472988,ThermalSolar,Construction
"('IMPACT World+ Damage 2.0.1', 'Human health', 'Human toxicity non-cancer, short term')",j3pqtxj38nmk838rwrdxfyt7fy4dy6gq,0.0003043653328174631,ThermalSolar,Construction
"('IMPACT World+ Damage 2.0.1', 'Ecosystem quality', 'Freshwater ecotoxicity, long term')",j3pqtxj38nmk838rwrdxfyt7fy4dy6gq,82.51946267975131,ThermalSolar,Construction
"('IMPACT World+ Damage 2.0.1', 'Human health', 'Human toxicity cancer, long term')",j3pqtxj38nmk838rwrdxfyt7fy4dy6gq,7.16553062558188e-06,ThermalSolar,Construction
"('IMPACT World+ Damage 2.0.1', 'Human health', 'Human toxicity non-cancer, long term')",j3pqtxj38nmk838rwrdxfyt7fy4dy6gq,0.0002462208524435506,ThermalSolar,Construction
"('IMPACT World+ Midpoint 2.0.1', 'Midpoint', 'Marine eutrophication')",j3pqtxj38nmk838rwrdxfyt7fy4dy6gq,0.025635748124028572,ThermalSolar,Construction
"('IMPACT World+ Damage 2.0.1', 'Ecosystem quality', 'Marine eutrophication')",j3pqtxj38nmk838rwrdxfyt7fy4dy6gq,0.22431279593347103,ThermalSolar,Construction
"('IMPACT World+ Midpoint 2.0.1', 'Midpoint', 'Ozone layer depletion')",j3pqtxj38nmk838rwrdxfyt7fy4dy6gq,8.791170917689647e-06,ThermalSolar,Construction
"('IMPACT World+ Damage 2.0.1', 'Human health', 'Ozone layer depletion')",j3pqtxj38nmk838rwrdxfyt7fy4dy6gq,2.013058675421747e-08,ThermalSolar,Construction
"('IMPACT World+ Midpoint 2.0.1', 'Midpoint', 'Fossil and nuclear energy use')",j3pqtxj38nmk838rwrdxfyt7fy4dy6gq,1523.75600098716,ThermalSolar,Construction
"('IMPACT World+ Midpoint 2.0.1', 'Midpoint', 'Mineral resources use')",j3pqtxj38nmk838rwrdxfyt7fy4dy6gq,6.679785902126689,ThermalSolar,Construction
"('IMPACT World+ Midpoint 2.0.1', 'Midpoint', 'Freshwater acidification')",j3pqtxj38nmk838rwrdxfyt7fy4dy6gq,1.6907949998944785,ThermalSolar,Construction
"('IMPACT World+ Damage 2.0.1', 'Ecosystem quality', 'Freshwater acidification')",j3pqtxj38nmk838rwrdxfyt7fy4dy6gq,3.986402777138991,ThermalSolar,Construction
"('IMPACT World+ Midpoint 2.0.1', 'Midpoint', 'Particulate matter formation')",j3pqtxj38nmk838rwrdxfyt7fy4dy6gq,0.14907264301601256,ThermalSolar,Construction
"('IMPACT World+ Damage 2.0.1', 'Human health', 'Particulate matter formation')",j3pqtxj38nmk838rwrdxfyt7fy4dy6gq,0.0001788871734344662,ThermalSolar,Construction
"('IMPACT World+ Midpoint 2.0.1', 'Midpoint', 'Terrestrial acidification')",j3pqtxj38nmk838rwrdxfyt7fy4dy6gq,1.7486074811288947,ThermalSolar,Construction
"('IMPACT World+ Damage 2.0.1', 'Ecosystem quality', 'Terrestrial acidification')",j3pqtxj38nmk838rwrdxfyt7fy4dy6gq,24.987194522695624,ThermalSolar,Construction
"('IMPACT World+ Midpoint 2.0.1', 'Midpoint', 'Freshwater eutrophication')",j3pqtxj38nmk838rwrdxfyt7fy4dy6gq,0.019449266778562475,ThermalSolar,Construction
"('IMPACT World+ Damage 2.0.1', 'Ecosystem quality', 'Freshwater eutrophication')",j3pqtxj38nmk838rwrdxfyt7fy4dy6gq,0.0704678670754953,ThermalSolar,Construction
"('IMPACT World+ Damage 2.0.1', 'Ecosystem quality', 'Ionizing radiation, ecosystem quality')",j3pqtxj38nmk838rwrdxfyt7fy4dy6gq,1.6225910573417248e-08,ThermalSolar,Construction
"('IMPACT World+ Damage 2.0.1', 'Human health', 'Ionizing radiation, human health')",j3pqtxj38nmk838rwrdxfyt7fy4dy6gq,2.003844454099679e-07,ThermalSolar,Construction
"('IMPACT World+ Midpoint 2.0.1', 'Midpoint', 'Ionizing radiations')",j3pqtxj38nmk838rwrdxfyt7fy4dy6gq,954.2116691014858,ThermalSolar,Construction
"('IMPACT World+ Midpoint 2.0.1', 'Midpoint', 'Land occupation, biodiversity')",j3pqtxj38nmk838rwrdxfyt7fy4dy6gq,6.370731032910344,ThermalSolar,Construction
"('IMPACT World+ Damage 2.0.1', 'Ecosystem quality', 'Land occupation, biodiversity')",j3pqtxj38nmk838rwrdxfyt7fy4dy6gq,4.192633432248738,ThermalSolar,Construction
"('IMPACT World+ Midpoint 2.0.1', 'Midpoint', 'Land transformation, biodiversity')",j3pqtxj38nmk838rwrdxfyt7fy4dy6gq,0.049030125728657614,ThermalSolar,Construction
"('IMPACT World+ Damage 2.0.1', 'Ecosystem quality', 'Land transformation, biodiversity')",j3pqtxj38nmk838rwrdxfyt7fy4dy6gq,7.803962629388323,ThermalSolar,Construction
"('IMPACT World+ Damage 2.0.1', 'Ecosystem quality', 'Thermally polluted water')",j3pqtxj38nmk838rwrdxfyt7fy4dy6gq,0.00022715520438675404,ThermalSolar,Construction
"('IMPACT World+ Damage 2.0.1', 'Ecosystem quality', 'Water availability, freshwater ecosystem')",j3pqtxj38nmk838rwrdxfyt7fy4dy6gq,0.0004808122671498549,ThermalSolar,Construction
"('IMPACT World+ Damage 2.0.1', 'Human health', 'Water availability, human health')",j3pqtxj38nmk838rwrdxfyt7fy4dy6gq,0.00017753986447155423,ThermalSolar,Construction
"('IMPACT World+ Midpoint 2.0.1', 'Midpoint', 'Water scarcity')",j3pqtxj38nmk838rwrdxfyt7fy4dy6gq,67.44801963862847,ThermalSolar,Construction
"('IMPACT World+ Damage 2.0.1', 'Ecosystem quality', 'Water availability, terrestrial ecosystem')",j3pqtxj38nmk838rwrdxfyt7fy4dy6gq,0.004745189283601312,ThermalSolar,Construction
"('IMPACT World+ Damage 2.0.1', 'Human health', 'Total human health')",j3pqtxj38nmk838rwrdxfyt7fy4dy6gq,0.0015570955028142153,ThermalSolar,Construction
"('IMPACT World+ Damage 2.0.1', 'Ecosystem quality', 'Total ecosystem quality')",j3pqtxj38nmk838rwrdxfyt7fy4dy6gq,244.3786575962389,ThermalSolar,Construction
"('IMPACT World+ Damage 2.0.1', 'Ecosystem quality', 'Climate change, ecosystem quality, long term')",my7alea2vstek5pbhw5l361bcgpnvr5q,28.834763875962505,Battery,Construction
"('IMPACT World+ Damage 2.0.1', 'Ecosystem quality', 'Climate change, ecosystem quality, short term')",my7alea2vstek5pbhw5l361bcgpnvr5q,9.233243094435704,Battery,Construction
"('IMPACT World+ Damage 2.0.1', 'Human health', 'Climate change, human health, long term')",my7alea2vstek5pbhw5l361bcgpnvr5q,0.00013125281205965755,Battery,Construction
"('IMPACT World+ Damage 2.0.1', 'Human health', 'Climate change, human health, short term')",my7alea2vstek5pbhw5l361bcgpnvr5q,4.267595977616876e-05,Battery,Construction
"('IMPACT World+ Midpoint 2.0.1', 'Midpoint', 'Climate change, long term')",my7alea2vstek5pbhw5l361bcgpnvr5q,47.411664663546404,Battery,Construction
"('IMPACT World+ Midpoint 2.0.1', 'Midpoint', 'Climate change, short term')",my7alea2vstek5pbhw5l361bcgpnvr5q,50.95566972197759,Battery,Construction
"('IMPACT World+ Damage 2.0.1', 'Ecosystem quality', 'Marine acidification, long term')",my7alea2vstek5pbhw5l361bcgpnvr5q,6.807602737409529,Battery,Construction
"('IMPACT World+ Damage 2.0.1', 'Ecosystem quality', 'Marine acidification, short term')",my7alea2vstek5pbhw5l361bcgpnvr5q,0.7405160595509788,Battery,Construction
"('IMPACT World+ Midpoint 2.0.1', 'Midpoint', 'Photochemical oxidant formation')",my7alea2vstek5pbhw5l361bcgpnvr5q,0.2865440495610285,Battery,Construction
"('IMPACT World+ Damage 2.0.1', 'Human health', 'Photochemical oxidant formation')",my7alea2vstek5pbhw5l361bcgpnvr5q,1.1045662995001864e-08,Battery,Construction
"('IMPACT World+ Midpoint 2.0.1', 'Midpoint', 'Freshwater ecotoxicity')",my7alea2vstek5pbhw5l361bcgpnvr5q,69360.34588806455,Battery,Construction
"('IMPACT World+ Damage 2.0.1', 'Ecosystem quality', 'Freshwater ecotoxicity, short term')",my7alea2vstek5pbhw5l361bcgpnvr5q,2.77065383113962,Battery,Construction
"('IMPACT World+ Midpoint 2.0.1', 'Midpoint', 'Human toxicity cancer')",my7alea2vstek5pbhw5l361bcgpnvr5q,3.331992985728976e-06,Battery,Construction
"('IMPACT World+ Damage 2.0.1', 'Human health', 'Human toxicity cancer, short term')",my7alea2vstek5pbhw5l361bcgpnvr5q,3.522446518508853e-05,Battery,Construction
"('IMPACT World+ Midpoint 2.0.1', 'Midpoint', 'Human toxicity non-cancer')",my7alea2vstek5pbhw5l361bcgpnvr5q,8.520458924316462e-05,Battery,Construction
"('IMPACT World+ Damage 2.0.1', 'Human health', 'Human toxicity non-cancer, short term')",my7alea2vstek5pbhw5l361bcgpnvr5q,0.0001257123868363042,Battery,Construction
"('IMPACT World+ Damage 2.0.1', 'Ecosystem quality', 'Freshwater ecotoxicity, long term')",my7alea2vstek5pbhw5l361bcgpnvr5q,35.86095425200006,Battery,Construction
"('IMPACT World+ Damage 2.0.1', 'Human health', 'Human toxicity cancer, long term')",my7alea2vstek5pbhw5l361bcgpnvr5q,3.0934536556530567e-06,Battery,Construction
"('IMPACT World+ Damage 2.0.1', 'Human health', 'Human toxicity non-cancer, long term')",my7alea2vstek5pbhw5l361bcgpnvr5q,0.0001043400058275736,Battery,Construction
"('IMPACT World+ Midpoint 2.0.1', 'Midpoint', 'Marine eutrophication')",my7alea2vstek5pbhw5l361bcgpnvr5q,0.01423264749350433,Battery,Construction
"('IMPACT World+ Damage 2.0.1', 'Ecosystem quality', 'Marine eutrophication')",my7alea2vstek5pbhw5l361bcgpnvr5q,0.12453566522663106,Battery,Construction
"('IMPACT World+ Midpoint 2.0.1', 'Midpoint', 'Ozone layer depletion')",my7alea2vstek5pbhw5l361bcgpnvr5q,4.430376525399224e-06,Battery,Construction
"('IMPACT World+ Damage 2.0.1', 'Human health', 'Ozone layer depletion')",my7alea2vstek5pbhw5l361bcgpnvr5q,1.1286822653702961e-08,Battery,Construction
"('IMPACT World+ Midpoint 2.0.1', 'Midpoint', 'Fossil and nuclear energy use')",my7alea2vstek5pbhw5l361bcgpnvr5q,730.4176911525745,Battery,Construction
"('IMPACT World+ Midpoint 2.0.1', 'Midpoint', 'Mineral resources use')",my7alea2vstek5pbhw5l361bcgpnvr5q,4.2229764358745365,Battery,Construction
"('IMPACT World+ Midpoint 2.0.1', 'Midpoint', 'Freshwater acidification')",my7alea2vstek5pbhw5l361bcgpnvr5q,0.6873154309932918,Battery,Construction
"('IMPACT World+ Damage 2.0.1', 'Ecosystem quality', 'Freshwater acidification')",my7alea2vstek5pbhw5l361bcgpnvr5q,1.6211254339110819,Battery,Construction
"('IMPACT World+ Midpoint 2.0.1', 'Midpoint', 'Particulate matter formation')",my7alea2vstek5pbhw5l361bcgpnvr5q,0.058246917972340904,Battery,Construction
"('IMPACT World+ Damage 2.0.1', 'Human health', 'Particulate matter formation')",my7alea2vstek5pbhw5l361bcgpnvr5q,6.989630229253606e-05,Battery,Construction
"('IMPACT World+ Midpoint 2.0.1', 'Midpoint', 'Terrestrial acidification')",my7alea2vstek5pbhw5l361bcgpnvr5q,0.7108128550256254,Battery,Construction
"('IMPACT World+ Damage 2.0.1', 'Ecosystem quality', 'Terrestrial acidification')",my7alea2vstek5pbhw5l361bcgpnvr5q,10.15664468388728,Battery,Construction
"('IMPACT World+ Midpoint 2.0.1', 'Midpoint', 'Freshwater eutrophication')",my7alea2vstek5pbhw5l361bcgpnvr5q,0.0066372145542307635,Battery,Construction
"('IMPACT World+ Damage 2.0.1', 'Ecosystem quality', 'Freshwater eutrophication')",my7alea2vstek5pbhw5l361bcgpnvr5q,0.024047710946379725,Battery,Construction
"('IMPACT World+ Damage 2.0.1', 'Ecosystem quality', 'Ionizing radiation, ecosystem quality')",my7alea2vstek5pbhw5l361bcgpnvr5q,8.74853732820629e-09,Battery,Construction
"('IMPACT World+ Damage 2.0.1', 'Human health', 'Ionizing radiation, human health')",my7alea2vstek5pbhw5l361bcgpnvr5q,1.1881255684099846e-07,Battery,Construction
"('IMPACT World+ Midpoint 2.0.1', 'Midpoint', 'Ionizing radiations')",my7alea2vstek5pbhw5l361bcgpnvr5q,565.7740948382307,Battery,Construction
"('IMPACT World+ Midpoint 2.0.1', 'Midpoint', 'Land occupation, biodiversity')",my7alea2vstek5pbhw5l361bcgpnvr5q,2.2019089443789737,Battery,Construction
"('IMPACT World+ Damage 2.0.1', 'Ecosystem quality', 'Land occupation, biodiversity')",my7alea2vstek5pbhw5l361bcgpnvr5q,1.4490954756301602,Battery,Construction
"('IMPACT World+ Midpoint 2.0.1', 'Midpoint', 'Land transformation, biodiversity')",my7alea2vstek5pbhw5l361bcgpnvr5q,0.020896488812658216,Battery,Construction
"('IMPACT World+ Damage 2.0.1', 'Ecosystem quality', 'Land transformation, biodiversity')",my7alea2vstek5pbhw5l361bcgpnvr5q,3.326024880862211,Battery,Construction
"('IMPACT World+ Damage 2.0.1', 'Ecosystem quality', 'Thermally polluted water')",my7alea2vstek5pbhw5l361bcgpnvr5q,0.0001271222921036489,Battery,Construction
"('IMPACT World+ Damage 2.0.1', 'Ecosystem quality', 'Water availability, freshwater ecosystem')",my7alea2vstek5pbhw5l361bcgpnvr5q,0.00023192775025646263,Battery,Construction
"('IMPACT World+ Damage 2.0.1', 'Human health', 'Water availability, human health')",my7alea2vstek5pbhw5l361bcgpnvr5q,8.689076747137018e-05,Battery,Construction
"('IMPACT World+ Midpoint 2.0.1', 'Midpoint', 'Water scarcity')",my7alea2vstek5pbhw5l361bcgpnvr5q,32.53466794176441,Battery,Construction
"('IMPACT World+ Damage 2.0.1', 'Ecosystem quality', 'Water availability, terrestrial ecosystem')",my7alea2vstek5pbhw5l361bcgpnvr5q,0.0021293965168976965,Battery,Construction
"('IMPACT World+ Damage 2.0.1', 'Human health', 'Total human health')",my7alea2vstek5pbhw5l361bcgpnvr5q,0.0005992272952576547,Battery,Construction
"('IMPACT World+ Damage 2.0.1', 'Ecosystem quality', 'Total ecosystem quality')",my7alea2vstek5pbhw5l361bcgpnvr5q,100.9516955170948,Battery,Construction
"('IMPACT World+ Damage 2.0.1', 'Ecosystem quality', 'Climate change, ecosystem quality, long term')",bfhwqv4h3ey5in6x52o7pq4prkwmve56,758.1378600696154,WaterTankSH,Construction
"('IMPACT World+ Damage 2.0.1', 'Ecosystem quality', 'Climate change, ecosystem quality, short term')",bfhwqv4h3ey5in6x52o7pq4prkwmve56,237.49100991953028,WaterTankSH,Construction
"('IMPACT World+ Damage 2.0.1', 'Human health', 'Climate change, human health, long term')",bfhwqv4h3ey5in6x52o7pq4prkwmve56,0.0034512905583488065,WaterTankSH,Construction
"('IMPACT World+ Damage 2.0.1', 'Human health', 'Climate change, human health, short term')",bfhwqv4h3ey5in6x52o7pq4prkwmve56,0.0010975723583516955,WaterTankSH,Construction
"('IMPACT World+ Midpoint 2.0.1', 'Midpoint', 'Climate change, long term')",bfhwqv4h3ey5in6x52o7pq4prkwmve56,1238.4288436386032,WaterTankSH,Construction
"('IMPACT World+ Midpoint 2.0.1', 'Midpoint', 'Climate change, short term')",bfhwqv4h3ey5in6x52o7pq4prkwmve56,1314.0918991622502,WaterTankSH,Construction
"('IMPACT World+ Damage 2.0.1', 'Ecosystem quality', 'Marine acidification, long term')",bfhwqv4h3ey5in6x52o7pq4prkwmve56,182.2634673845062,WaterTankSH,Construction
"('IMPACT World+ Damage 2.0.1', 'Ecosystem quality', 'Marine acidification, short term')",bfhwqv4h3ey5in6x52o7pq4prkwmve56,19.8461782977694,WaterTankSH,Construction
"('IMPACT World+ Midpoint 2.0.1', 'Midpoint', 'Photochemical oxidant formation')",bfhwqv4h3ey5in6x52o7pq4prkwmve56,5.433839261010292,WaterTankSH,Construction
"('IMPACT World+ Damage 2.0.1', 'Human health', 'Photochemical oxidant formation')",bfhwqv4h3ey5in6x52o7pq4prkwmve56,2.1199880163323525e-07,WaterTankSH,Construction
"('IMPACT World+ Midpoint 2.0.1', 'Midpoint', 'Freshwater ecotoxicity')",bfhwqv4h3ey5in6x52o7pq4prkwmve56,432970.45391323924,WaterTankSH,Construction
"('IMPACT World+ Damage 2.0.1', 'Ecosystem quality', 'Freshwater ecotoxicity, short term')",bfhwqv4h3ey5in6x52o7pq4prkwmve56,40.62915576763166,WaterTankSH,Construction
"('IMPACT World+ Midpoint 2.0.1', 'Midpoint', 'Human toxicity cancer')",bfhwqv4h3ey5in6x52o7pq4prkwmve56,0.0005316712531246297,WaterTankSH,Construction
"('IMPACT World+ Damage 2.0.1', 'Human health', 'Human toxicity cancer, short term')",bfhwqv4h3ey5in6x52o7pq4prkwmve56,0.006100045404094374,WaterTankSH,Construction
"('IMPACT World+ Midpoint 2.0.1', 'Midpoint', 'Human toxicity non-cancer')",bfhwqv4h3ey5in6x52o7pq4prkwmve56,0.00023818741649132374,WaterTankSH,Construction
"('IMPACT World+ Damage 2.0.1', 'Human health', 'Human toxicity non-cancer, short term')",bfhwqv4h3ey5in6x52o7pq4prkwmve56,0.0001948799860564604,WaterTankSH,Construction
"('IMPACT World+ Damage 2.0.1', 'Ecosystem quality', 'Freshwater ecotoxicity, long term')",bfhwqv4h3ey5in6x52o7pq4prkwmve56,201.5808953673371,WaterTankSH,Construction
"('IMPACT World+ Damage 2.0.1', 'Human health', 'Human toxicity cancer, long term')",bfhwqv4h3ey5in6x52o7pq4prkwmve56,1.4173956748678375e-05,WaterTankSH,Construction
"('IMPACT World+ Damage 2.0.1', 'Human health', 'Human toxicity non-cancer, long term')",bfhwqv4h3ey5in6x52o7pq4prkwmve56,0.00044822604191493455,WaterTankSH,Construction
"('IMPACT World+ Midpoint 2.0.1', 'Midpoint', 'Marine eutrophication')",bfhwqv4h3ey5in6x52o7pq4prkwmve56,0.2531152083128961,WaterTankSH,Construction
"('IMPACT World+ Damage 2.0.1', 'Ecosystem quality', 'Marine eutrophication')",bfhwqv4h3ey5in6x52o7pq4prkwmve56,2.2147580757321976,WaterTankSH,Construction
"('IMPACT World+ Midpoint 2.0.1', 'Midpoint', 'Ozone layer depletion')",bfhwqv4h3ey5in6x52o7pq4prkwmve56,8.037534904337664e-05,WaterTankSH,Construction
"('IMPACT World+ Damage 2.0.1', 'Human health', 'Ozone layer depletion')",bfhwqv4h3ey5in6x52o7pq4prkwmve56,1.9763873789426238e-07,WaterTankSH,Construction
"('IMPACT World+ Midpoint 2.0.1', 'Midpoint', 'Fossil and nuclear energy use')",bfhwqv4h3ey5in6x52o7pq4prkwmve56,16222.132834123431,WaterTankSH,Construction
"('IMPACT World+ Midpoint 2.0.1', 'Midpoint', 'Mineral resources use')",bfhwqv4h3ey5in6x52o7pq4prkwmve56,360.4602516468628,WaterTankSH,Construction
"('IMPACT World+ Midpoint 2.0.1', 'Midpoint', 'Freshwater acidification')",bfhwqv4h3ey5in6x52o7pq4prkwmve56,4.350772666976543,WaterTankSH,Construction
"('IMPACT World+ Damage 2.0.1', 'Ecosystem quality', 'Freshwater acidification')",bfhwqv4h3ey5in6x52o7pq4prkwmve56,10.011177462805911,WaterTankSH,Construction
"('IMPACT World+ Midpoint 2.0.1', 'Midpoint', 'Particulate matter formation')",bfhwqv4h3ey5in6x52o7pq4prkwmve56,0.9020340810434209,WaterTankSH,Construction
"('IMPACT World+ Damage 2.0.1', 'Human health', 'Particulate matter formation')",bfhwqv4h3ey5in6x52o7pq4prkwmve56,0.0010824409117308948,WaterTankSH,Construction
"('IMPACT World+ Midpoint 2.0.1', 'Midpoint', 'Terrestrial acidification')",bfhwqv4h3ey5in6x52o7pq4prkwmve56,4.67188916443877,WaterTankSH,Construction
"('IMPACT World+ Damage 2.0.1', 'Ecosystem quality', 'Terrestrial acidification')",bfhwqv4h3ey5in6x52o7pq4prkwmve56,67.00544713715665,WaterTankSH,Construction
"('IMPACT World+ Midpoint 2.0.1', 'Midpoint', 'Freshwater eutrophication')",bfhwqv4h3ey5in6x52o7pq4prkwmve56,0.050248907122776035,WaterTankSH,Construction
"('IMPACT World+ Damage 2.0.1', 'Ecosystem quality', 'Freshwater eutrophication')",bfhwqv4h3ey5in6x52o7pq4prkwmve56,0.18205998613742616,WaterTankSH,Construction
"('IMPACT World+ Damage 2.0.1', 'Ecosystem quality', 'Ionizing radiation, ecosystem quality')",bfhwqv4h3ey5in6x52o7pq4prkwmve56,1.8519618573493414e-07,WaterTankSH,Construction
"('IMPACT World+ Damage 2.0.1', 'Human health', 'Ionizing radiation, human health')",bfhwqv4h3ey5in6x52o7pq4prkwmve56,2.390150872923595e-06,WaterTankSH,Construction
"('IMPACT World+ Midpoint 2.0.1', 'Midpoint', 'Ionizing radiations')",bfhwqv4h3ey5in6x52o7pq4prkwmve56,11381.671115016612,WaterTankSH,Construction
"('IMPACT World+ Midpoint 2.0.1', 'Midpoint', 'Land occupation, biodiversity')",bfhwqv4h3ey5in6x52o7pq4prkwmve56,62.19493890125215,WaterTankSH,Construction
"('IMPACT World+ Damage 2.0.1', 'Ecosystem quality', 'Land occupation, biodiversity')",bfhwqv4h3ey5in6x52o7pq4prkwmve56,40.93102958570843,WaterTankSH,Construction
"('IMPACT World+ Midpoint 2.0.1', 'Midpoint', 'Land transformation, biodiversity')",bfhwqv4h3ey5in6x52o7pq4prkwmve56,0.4097092942751761,WaterTankSH,Construction
"('IMPACT World+ Damage 2.0.1', 'Ecosystem quality', 'Land transformation, biodiversity')",bfhwqv4h3ey5in6x52o7pq4prkwmve56,65.21206997686333,WaterTankSH,Construction
"('IMPACT World+ Damage 2.0.1', 'Ecosystem quality', 'Thermally polluted water')",bfhwqv4h3ey5in6x52o7pq4prkwmve56,0.0022050789092808998,WaterTankSH,Construction
"('IMPACT World+ Damage 2.0.1', 'Ecosystem quality', 'Water availability, freshwater ecosystem')",bfhwqv4h3ey5in6x52o7pq4prkwmve56,0.004903576701047481,WaterTankSH,Construction
"('IMPACT World+ Damage 2.0.1', 'Human health', 'Water availability, human health')",bfhwqv4h3ey5in6x52o7pq4prkwmve56,0.0017953206581602927,WaterTankSH,Construction
"('IMPACT World+ Midpoint 2.0.1', 'Midpoint', 'Water scarcity')",bfhwqv4h3ey5in6x52o7pq4prkwmve56,687.8704230934676,WaterTankSH,Construction
"('IMPACT World+ Damage 2.0.1', 'Ecosystem quality', 'Water availability, terrestrial ecosystem')",bfhwqv4h3ey5in6x52o7pq4prkwmve56,0.04329472999244067,WaterTankSH,Construction
"('IMPACT World+ Damage 2.0.1', 'Human health', 'Total human health')",bfhwqv4h3ey5in6x52o7pq4prkwmve56,0.014186749915691308,WaterTankSH,Construction
"('IMPACT World+ Damage 2.0.1', 'Ecosystem quality', 'Total ecosystem quality')",bfhwqv4h3ey5in6x52o7pq4prkwmve56,1625.5555034036338,WaterTankSH,Construction
"('IMPACT World+ Damage 2.0.1', 'Ecosystem quality', 'Climate change, ecosystem quality, long term')",scx6htpgsvnqgmz0g4h2mng5nlefwocs,758.1378600696154,WaterTankDHW,Construction
"('IMPACT World+ Damage 2.0.1', 'Ecosystem quality', 'Climate change, ecosystem quality, short term')",scx6htpgsvnqgmz0g4h2mng5nlefwocs,237.49100991953028,WaterTankDHW,Construction
"('IMPACT World+ Damage 2.0.1', 'Human health', 'Climate change, human health, long term')",scx6htpgsvnqgmz0g4h2mng5nlefwocs,0.0034512905583488065,WaterTankDHW,Construction
"('IMPACT World+ Damage 2.0.1', 'Human health', 'Climate change, human health, short term')",scx6htpgsvnqgmz0g4h2mng5nlefwocs,0.0010975723583516955,WaterTankDHW,Construction
"('IMPACT World+ Midpoint 2.0.1', 'Midpoint', 'Climate change, long term')",scx6htpgsvnqgmz0g4h2mng5nlefwocs,1238.4288436386032,WaterTankDHW,Construction
"('IMPACT World+ Midpoint 2.0.1', 'Midpoint', 'Climate change, short term')",scx6htpgsvnqgmz0g4h2mng5nlefwocs,1314.0918991622502,WaterTankDHW,Construction
"('IMPACT World+ Damage 2.0.1', 'Ecosystem quality', 'Marine acidification, long term')",scx6htpgsvnqgmz0g4h2mng5nlefwocs,182.2634673845062,WaterTankDHW,Construction
"('IMPACT World+ Damage 2.0.1', 'Ecosystem quality', 'Marine acidification, short term')",scx6htpgsvnqgmz0g4h2mng5nlefwocs,19.8461782977694,WaterTankDHW,Construction
"('IMPACT World+ Midpoint 2.0.1', 'Midpoint', 'Photochemical oxidant formation')",scx6htpgsvnqgmz0g4h2mng5nlefwocs,5.433839261010292,WaterTankDHW,Construction
"('IMPACT World+ Damage 2.0.1', 'Human health', 'Photochemical oxidant formation')",scx6htpgsvnqgmz0g4h2mng5nlefwocs,2.1199880163323525e-07,WaterTankDHW,Construction
"('IMPACT World+ Midpoint 2.0.1', 'Midpoint', 'Freshwater ecotoxicity')",scx6htpgsvnqgmz0g4h2mng5nlefwocs,432970.45391323924,WaterTankDHW,Construction
"('IMPACT World+ Damage 2.0.1', 'Ecosystem quality', 'Freshwater ecotoxicity, short term')",scx6htpgsvnqgmz0g4h2mng5nlefwocs,40.62915576763166,WaterTankDHW,Construction
"('IMPACT World+ Midpoint 2.0.1', 'Midpoint', 'Human toxicity cancer')",scx6htpgsvnqgmz0g4h2mng5nlefwocs,0.0005316712531246297,WaterTankDHW,Construction
"('IMPACT World+ Damage 2.0.1', 'Human health', 'Human toxicity cancer, short term')",scx6htpgsvnqgmz0g4h2mng5nlefwocs,0.006100045404094374,WaterTankDHW,Construction
"('IMPACT World+ Midpoint 2.0.1', 'Midpoint', 'Human toxicity non-cancer')",scx6htpgsvnqgmz0g4h2mng5nlefwocs,0.00023818741649132374,WaterTankDHW,Construction
"('IMPACT World+ Damage 2.0.1', 'Human health', 'Human toxicity non-cancer, short term')",scx6htpgsvnqgmz0g4h2mng5nlefwocs,0.0001948799860564604,WaterTankDHW,Construction
"('IMPACT World+ Damage 2.0.1', 'Ecosystem quality', 'Freshwater ecotoxicity, long term')",scx6htpgsvnqgmz0g4h2mng5nlefwocs,201.5808953673371,WaterTankDHW,Construction
"('IMPACT World+ Damage 2.0.1', 'Human health', 'Human toxicity cancer, long term')",scx6htpgsvnqgmz0g4h2mng5nlefwocs,1.4173956748678375e-05,WaterTankDHW,Construction
"('IMPACT World+ Damage 2.0.1', 'Human health', 'Human toxicity non-cancer, long term')",scx6htpgsvnqgmz0g4h2mng5nlefwocs,0.00044822604191493455,WaterTankDHW,Construction
"('IMPACT World+ Midpoint 2.0.1', 'Midpoint', 'Marine eutrophication')",scx6htpgsvnqgmz0g4h2mng5nlefwocs,0.2531152083128961,WaterTankDHW,Construction
"('IMPACT World+ Damage 2.0.1', 'Ecosystem quality', 'Marine eutrophication')",scx6htpgsvnqgmz0g4h2mng5nlefwocs,2.2147580757321976,WaterTankDHW,Construction
"('IMPACT World+ Midpoint 2.0.1', 'Midpoint', 'Ozone layer depletion')",scx6htpgsvnqgmz0g4h2mng5nlefwocs,8.037534904337664e-05,WaterTankDHW,Construction
"('IMPACT World+ Damage 2.0.1', 'Human health', 'Ozone layer depletion')",scx6htpgsvnqgmz0g4h2mng5nlefwocs,1.9763873789426238e-07,WaterTankDHW,Construction
"('IMPACT World+ Midpoint 2.0.1', 'Midpoint', 'Fossil and nuclear energy use')",scx6htpgsvnqgmz0g4h2mng5nlefwocs,16222.132834123431,WaterTankDHW,Construction
"('IMPACT World+ Midpoint 2.0.1', 'Midpoint', 'Mineral resources use')",scx6htpgsvnqgmz0g4h2mng5nlefwocs,360.4602516468628,WaterTankDHW,Construction
"('IMPACT World+ Midpoint 2.0.1', 'Midpoint', 'Freshwater acidification')",scx6htpgsvnqgmz0g4h2mng5nlefwocs,4.350772666976543,WaterTankDHW,Construction
"('IMPACT World+ Damage 2.0.1', 'Ecosystem quality', 'Freshwater acidification')",scx6htpgsvnqgmz0g4h2mng5nlefwocs,10.011177462805911,WaterTankDHW,Construction
"('IMPACT World+ Midpoint 2.0.1', 'Midpoint', 'Particulate matter formation')",scx6htpgsvnqgmz0g4h2mng5nlefwocs,0.9020340810434209,WaterTankDHW,Construction
"('IMPACT World+ Damage 2.0.1', 'Human health', 'Particulate matter formation')",scx6htpgsvnqgmz0g4h2mng5nlefwocs,0.0010824409117308948,WaterTankDHW,Construction
"('IMPACT World+ Midpoint 2.0.1', 'Midpoint', 'Terrestrial acidification')",scx6htpgsvnqgmz0g4h2mng5nlefwocs,4.67188916443877,WaterTankDHW,Construction
"('IMPACT World+ Damage 2.0.1', 'Ecosystem quality', 'Terrestrial acidification')",scx6htpgsvnqgmz0g4h2mng5nlefwocs,67.00544713715665,WaterTankDHW,Construction
"('IMPACT World+ Midpoint 2.0.1', 'Midpoint', 'Freshwater eutrophication')",scx6htpgsvnqgmz0g4h2mng5nlefwocs,0.050248907122776035,WaterTankDHW,Construction
"('IMPACT World+ Damage 2.0.1', 'Ecosystem quality', 'Freshwater eutrophication')",scx6htpgsvnqgmz0g4h2mng5nlefwocs,0.18205998613742616,WaterTankDHW,Construction
"('IMPACT World+ Damage 2.0.1', 'Ecosystem quality', 'Ionizing radiation, ecosystem quality')",scx6htpgsvnqgmz0g4h2mng5nlefwocs,1.8519618573493414e-07,WaterTankDHW,Construction
"('IMPACT World+ Damage 2.0.1', 'Human health', 'Ionizing radiation, human health')",scx6htpgsvnqgmz0g4h2mng5nlefwocs,2.390150872923595e-06,WaterTankDHW,Construction
"('IMPACT World+ Midpoint 2.0.1', 'Midpoint', 'Ionizing radiations')",scx6htpgsvnqgmz0g4h2mng5nlefwocs,11381.671115016612,WaterTankDHW,Construction
"('IMPACT World+ Midpoint 2.0.1', 'Midpoint', 'Land occupation, biodiversity')",scx6htpgsvnqgmz0g4h2mng5nlefwocs,62.19493890125215,WaterTankDHW,Construction
"('IMPACT World+ Damage 2.0.1', 'Ecosystem quality', 'Land occupation, biodiversity')",scx6htpgsvnqgmz0g4h2mng5nlefwocs,40.93102958570843,WaterTankDHW,Construction
"('IMPACT World+ Midpoint 2.0.1', 'Midpoint', 'Land transformation, biodiversity')",scx6htpgsvnqgmz0g4h2mng5nlefwocs,0.4097092942751761,WaterTankDHW,Construction
"('IMPACT World+ Damage 2.0.1', 'Ecosystem quality', 'Land transformation, biodiversity')",scx6htpgsvnqgmz0g4h2mng5nlefwocs,65.21206997686333,WaterTankDHW,Construction
"('IMPACT World+ Damage 2.0.1', 'Ecosystem quality', 'Thermally polluted water')",scx6htpgsvnqgmz0g4h2mng5nlefwocs,0.0022050789092808998,WaterTankDHW,Construction
"('IMPACT World+ Damage 2.0.1', 'Ecosystem quality', 'Water availability, freshwater ecosystem')",scx6htpgsvnqgmz0g4h2mng5nlefwocs,0.004903576701047481,WaterTankDHW,Construction
"('IMPACT World+ Damage 2.0.1', 'Human health', 'Water availability, human health')",scx6htpgsvnqgmz0g4h2mng5nlefwocs,0.0017953206581602927,WaterTankDHW,Construction
"('IMPACT World+ Midpoint 2.0.1', 'Midpoint', 'Water scarcity')",scx6htpgsvnqgmz0g4h2mng5nlefwocs,687.8704230934676,WaterTankDHW,Construction
"('IMPACT World+ Damage 2.0.1', 'Ecosystem quality', 'Water availability, terrestrial ecosystem')",scx6htpgsvnqgmz0g4h2mng5nlefwocs,0.04329472999244067,WaterTankDHW,Construction
"('IMPACT World+ Damage 2.0.1', 'Human health', 'Total human health')",scx6htpgsvnqgmz0g4h2mng5nlefwocs,0.014186749915691308,WaterTankDHW,Construction
"('IMPACT World+ Damage 2.0.1', 'Ecosystem quality', 'Total ecosystem quality')",scx6htpgsvnqgmz0g4h2mng5nlefwocs,1625.5555034036338,WaterTankDHW,Construction
"('IMPACT World+ Damage 2.0.1', 'Ecosystem quality', 'Climate change, ecosystem quality, long term')",ej4unysyca03305n8c5j0vj8g3fcw4xw,28.834763875962505,Battery_district,Construction
"('IMPACT World+ Damage 2.0.1', 'Ecosystem quality', 'Climate change, ecosystem quality, short term')",ej4unysyca03305n8c5j0vj8g3fcw4xw,9.233243094435704,Battery_district,Construction
"('IMPACT World+ Damage 2.0.1', 'Human health', 'Climate change, human health, long term')",ej4unysyca03305n8c5j0vj8g3fcw4xw,0.00013125281205965755,Battery_district,Construction
"('IMPACT World+ Damage 2.0.1', 'Human health', 'Climate change, human health, short term')",ej4unysyca03305n8c5j0vj8g3fcw4xw,4.267595977616876e-05,Battery_district,Construction
"('IMPACT World+ Midpoint 2.0.1', 'Midpoint', 'Climate change, long term')",ej4unysyca03305n8c5j0vj8g3fcw4xw,47.411664663546404,Battery_district,Construction
"('IMPACT World+ Midpoint 2.0.1', 'Midpoint', 'Climate change, short term')",ej4unysyca03305n8c5j0vj8g3fcw4xw,50.95566972197759,Battery_district,Construction
"('IMPACT World+ Damage 2.0.1', 'Ecosystem quality', 'Marine acidification, long term')",ej4unysyca03305n8c5j0vj8g3fcw4xw,6.807602737409529,Battery_district,Construction
"('IMPACT World+ Damage 2.0.1', 'Ecosystem quality', 'Marine acidification, short term')",ej4unysyca03305n8c5j0vj8g3fcw4xw,0.7405160595509788,Battery_district,Construction
"('IMPACT World+ Midpoint 2.0.1', 'Midpoint', 'Photochemical oxidant formation')",ej4unysyca03305n8c5j0vj8g3fcw4xw,0.2865440495610285,Battery_district,Construction
"('IMPACT World+ Damage 2.0.1', 'Human health', 'Photochemical oxidant formation')",ej4unysyca03305n8c5j0vj8g3fcw4xw,1.1045662995001864e-08,Battery_district,Construction
"('IMPACT World+ Midpoint 2.0.1', 'Midpoint', 'Freshwater ecotoxicity')",ej4unysyca03305n8c5j0vj8g3fcw4xw,69360.34588806455,Battery_district,Construction
"('IMPACT World+ Damage 2.0.1', 'Ecosystem quality', 'Freshwater ecotoxicity, short term')",ej4unysyca03305n8c5j0vj8g3fcw4xw,2.77065383113962,Battery_district,Construction
"('IMPACT World+ Midpoint 2.0.1', 'Midpoint', 'Human toxicity cancer')",ej4unysyca03305n8c5j0vj8g3fcw4xw,3.331992985728976e-06,Battery_district,Construction
"('IMPACT World+ Damage 2.0.1', 'Human health', 'Human toxicity cancer, short term')",ej4unysyca03305n8c5j0vj8g3fcw4xw,3.522446518508853e-05,Battery_district,Construction
"('IMPACT World+ Midpoint 2.0.1', 'Midpoint', 'Human toxicity non-cancer')",ej4unysyca03305n8c5j0vj8g3fcw4xw,8.520458924316462e-05,Battery_district,Construction
"('IMPACT World+ Damage 2.0.1', 'Human health', 'Human toxicity non-cancer, short term')",ej4unysyca03305n8c5j0vj8g3fcw4xw,0.0001257123868363042,Battery_district,Construction
"('IMPACT World+ Damage 2.0.1', 'Ecosystem quality', 'Freshwater ecotoxicity, long term')",ej4unysyca03305n8c5j0vj8g3fcw4xw,35.86095425200006,Battery_district,Construction
"('IMPACT World+ Damage 2.0.1', 'Human health', 'Human toxicity cancer, long term')",ej4unysyca03305n8c5j0vj8g3fcw4xw,3.0934536556530567e-06,Battery_district,Construction
"('IMPACT World+ Damage 2.0.1', 'Human health', 'Human toxicity non-cancer, long term')",ej4unysyca03305n8c5j0vj8g3fcw4xw,0.0001043400058275736,Battery_district,Construction
"('IMPACT World+ Midpoint 2.0.1', 'Midpoint', 'Marine eutrophication')",ej4unysyca03305n8c5j0vj8g3fcw4xw,0.01423264749350433,Battery_district,Construction
"('IMPACT World+ Damage 2.0.1', 'Ecosystem quality', 'Marine eutrophication')",ej4unysyca03305n8c5j0vj8g3fcw4xw,0.12453566522663106,Battery_district,Construction
"('IMPACT World+ Midpoint 2.0.1', 'Midpoint', 'Ozone layer depletion')",ej4unysyca03305n8c5j0vj8g3fcw4xw,4.430376525399224e-06,Battery_district,Construction
"('IMPACT World+ Damage 2.0.1', 'Human health', 'Ozone layer depletion')",ej4unysyca03305n8c5j0vj8g3fcw4xw,1.1286822653702961e-08,Battery_district,Construction
"('IMPACT World+ Midpoint 2.0.1', 'Midpoint', 'Fossil and nuclear energy use')",ej4unysyca03305n8c5j0vj8g3fcw4xw,730.4176911525745,Battery_district,Construction
"('IMPACT World+ Midpoint 2.0.1', 'Midpoint', 'Mineral resources use')",ej4unysyca03305n8c5j0vj8g3fcw4xw,4.2229764358745365,Battery_district,Construction
"('IMPACT World+ Midpoint 2.0.1', 'Midpoint', 'Freshwater acidification')",ej4unysyca03305n8c5j0vj8g3fcw4xw,0.6873154309932918,Battery_district,Construction
"('IMPACT World+ Damage 2.0.1', 'Ecosystem quality', 'Freshwater acidification')",ej4unysyca03305n8c5j0vj8g3fcw4xw,1.6211254339110819,Battery_district,Construction
"('IMPACT World+ Midpoint 2.0.1', 'Midpoint', 'Particulate matter formation')",ej4unysyca03305n8c5j0vj8g3fcw4xw,0.058246917972340904,Battery_district,Construction
"('IMPACT World+ Damage 2.0.1', 'Human health', 'Particulate matter formation')",ej4unysyca03305n8c5j0vj8g3fcw4xw,6.989630229253606e-05,Battery_district,Construction
"('IMPACT World+ Midpoint 2.0.1', 'Midpoint', 'Terrestrial acidification')",ej4unysyca03305n8c5j0vj8g3fcw4xw,0.7108128550256254,Battery_district,Construction
"('IMPACT World+ Damage 2.0.1', 'Ecosystem quality', 'Terrestrial acidification')",ej4unysyca03305n8c5j0vj8g3fcw4xw,10.15664468388728,Battery_district,Construction
"('IMPACT World+ Midpoint 2.0.1', 'Midpoint', 'Freshwater eutrophication')",ej4unysyca03305n8c5j0vj8g3fcw4xw,0.0066372145542307635,Battery_district,Construction
"('IMPACT World+ Damage 2.0.1', 'Ecosystem quality', 'Freshwater eutrophication')",ej4unysyca03305n8c5j0vj8g3fcw4xw,0.024047710946379725,Battery_district,Construction
"('IMPACT World+ Damage 2.0.1', 'Ecosystem quality', 'Ionizing radiation, ecosystem quality')",ej4unysyca03305n8c5j0vj8g3fcw4xw,8.74853732820629e-09,Battery_district,Construction
"('IMPACT World+ Damage 2.0.1', 'Human health', 'Ionizing radiation, human health')",ej4unysyca03305n8c5j0vj8g3fcw4xw,1.1881255684099846e-07,Battery_district,Construction
"('IMPACT World+ Midpoint 2.0.1', 'Midpoint', 'Ionizing radiations')",ej4unysyca03305n8c5j0vj8g3fcw4xw,565.7740948382307,Battery_district,Construction
"('IMPACT World+ Midpoint 2.0.1', 'Midpoint', 'Land occupation, biodiversity')",ej4unysyca03305n8c5j0vj8g3fcw4xw,2.2019089443789737,Battery_district,Construction
"('IMPACT World+ Damage 2.0.1', 'Ecosystem quality', 'Land occupation, biodiversity')",ej4unysyca03305n8c5j0vj8g3fcw4xw,1.4490954756301602,Battery_district,Construction
"('IMPACT World+ Midpoint 2.0.1', 'Midpoint', 'Land transformation, biodiversity')",ej4unysyca03305n8c5j0vj8g3fcw4xw,0.020896488812658216,Battery_district,Construction
"('IMPACT World+ Damage 2.0.1', 'Ecosystem quality', 'Land transformation, biodiversity')",ej4unysyca03305n8c5j0vj8g3fcw4xw,3.326024880862211,Battery_district,Construction
"('IMPACT World+ Damage 2.0.1', 'Ecosystem quality', 'Thermally polluted water')",ej4unysyca03305n8c5j0vj8g3fcw4xw,0.0001271222921036489,Battery_district,Construction
"('IMPACT World+ Damage 2.0.1', 'Ecosystem quality', 'Water availability, freshwater ecosystem')",ej4unysyca03305n8c5j0vj8g3fcw4xw,0.00023192775025646263,Battery_district,Construction
"('IMPACT World+ Damage 2.0.1', 'Human health', 'Water availability, human health')",ej4unysyca03305n8c5j0vj8g3fcw4xw,8.689076747137018e-05,Battery_district,Construction
"('IMPACT World+ Midpoint 2.0.1', 'Midpoint', 'Water scarcity')",ej4unysyca03305n8c5j0vj8g3fcw4xw,32.53466794176441,Battery_district,Construction
"('IMPACT World+ Damage 2.0.1', 'Ecosystem quality', 'Water availability, terrestrial ecosystem')",ej4unysyca03305n8c5j0vj8g3fcw4xw,0.0021293965168976965,Battery_district,Construction
"('IMPACT World+ Damage 2.0.1', 'Human health', 'Total human health')",ej4unysyca03305n8c5j0vj8g3fcw4xw,0.0005992272952576547,Battery_district,Construction
"('IMPACT World+ Damage 2.0.1', 'Ecosystem quality', 'Total ecosystem quality')",ej4unysyca03305n8c5j0vj8g3fcw4xw,100.9516955170948,Battery_district,Construction
"('IMPACT World+ Damage 2.0.1', 'Ecosystem quality', 'Climate change, ecosystem quality, long term')",qnkh37ucdu17etyczylfkqh2xysw3olt,29.988773017203467,HeatPump_Geothermal_district,Construction
"('IMPACT World+ Damage 2.0.1', 'Ecosystem quality', 'Climate change, ecosystem quality, short term')",qnkh37ucdu17etyczylfkqh2xysw3olt,28.264553684428904,HeatPump_Geothermal_district,Construction
"('IMPACT World+ Damage 2.0.1', 'Human health', 'Climate change, human health, long term')",qnkh37ucdu17etyczylfkqh2xysw3olt,0.00013540397002282398,HeatPump_Geothermal_district,Construction
"('IMPACT World+ Damage 2.0.1', 'Human health', 'Climate change, human health, short term')",qnkh37ucdu17etyczylfkqh2xysw3olt,0.00013089016492102073,HeatPump_Geothermal_district,Construction
"('IMPACT World+ Midpoint 2.0.1', 'Midpoint', 'Climate change, long term')",qnkh37ucdu17etyczylfkqh2xysw3olt,69.04356725928298,HeatPump_Geothermal_district,Construction
"('IMPACT World+ Midpoint 2.0.1', 'Midpoint', 'Climate change, short term')",qnkh37ucdu17etyczylfkqh2xysw3olt,157.48126667815143,HeatPump_Geothermal_district,Construction
"('IMPACT World+ Damage 2.0.1', 'Ecosystem quality', 'Marine acidification, long term')",qnkh37ucdu17etyczylfkqh2xysw3olt,6.712978827618237,HeatPump_Geothermal_district,Construction
"('IMPACT World+ Damage 2.0.1', 'Ecosystem quality', 'Marine acidification, short term')",qnkh37ucdu17etyczylfkqh2xysw3olt,0.7295070697022483,HeatPump_Geothermal_district,Construction
"('IMPACT World+ Midpoint 2.0.1', 'Midpoint', 'Photochemical oxidant formation')",qnkh37ucdu17etyczylfkqh2xysw3olt,0.3679827846618412,HeatPump_Geothermal_district,Construction
"('IMPACT World+ Damage 2.0.1', 'Human health', 'Photochemical oxidant formation')",qnkh37ucdu17etyczylfkqh2xysw3olt,1.4216611048987774e-08,HeatPump_Geothermal_district,Construction
"('IMPACT World+ Midpoint 2.0.1', 'Midpoint', 'Freshwater ecotoxicity')",qnkh37ucdu17etyczylfkqh2xysw3olt,105217.83171747507,HeatPump_Geothermal_district,Construction
"('IMPACT World+ Damage 2.0.1', 'Ecosystem quality', 'Freshwater ecotoxicity, short term')",qnkh37ucdu17etyczylfkqh2xysw3olt,2.36969041531943,HeatPump_Geothermal_district,Construction
"('IMPACT World+ Midpoint 2.0.1', 'Midpoint', 'Human toxicity cancer')",qnkh37ucdu17etyczylfkqh2xysw3olt,8.982978099643977e-06,HeatPump_Geothermal_district,Construction
"('IMPACT World+ Damage 2.0.1', 'Human health', 'Human toxicity cancer, short term')",qnkh37ucdu17etyczylfkqh2xysw3olt,9.823360127110233e-05,HeatPump_Geothermal_district,Construction
"('IMPACT World+ Midpoint 2.0.1', 'Midpoint', 'Human toxicity non-cancer')",qnkh37ucdu17etyczylfkqh2xysw3olt,0.00014300509355020825,HeatPump_Geothermal_district,Construction
"('IMPACT World+ Damage 2.0.1', 'Human health', 'Human toxicity non-cancer, short term')",qnkh37ucdu17etyczylfkqh2xysw3olt,0.00021068547672904947,HeatPump_Geothermal_district,Construction
"('IMPACT World+ Damage 2.0.1', 'Ecosystem quality', 'Freshwater ecotoxicity, long term')",qnkh37ucdu17etyczylfkqh2xysw3olt,56.251629168627574,HeatPump_Geothermal_district,Construction
"('IMPACT World+ Damage 2.0.1', 'Human health', 'Human toxicity cancer, long term')",qnkh37ucdu17etyczylfkqh2xysw3olt,5.070645826418345e-06,HeatPump_Geothermal_district,Construction
"('IMPACT World+ Damage 2.0.1', 'Human health', 'Human toxicity non-cancer, long term')",qnkh37ucdu17etyczylfkqh2xysw3olt,0.00017542827791165716,HeatPump_Geothermal_district,Construction
"('IMPACT World+ Midpoint 2.0.1', 'Midpoint', 'Marine eutrophication')",qnkh37ucdu17etyczylfkqh2xysw3olt,0.01243688123312628,HeatPump_Geothermal_district,Construction
"('IMPACT World+ Damage 2.0.1', 'Ecosystem quality', 'Marine eutrophication')",qnkh37ucdu17etyczylfkqh2xysw3olt,0.10882271087176323,HeatPump_Geothermal_district,Construction
"('IMPACT World+ Midpoint 2.0.1', 'Midpoint', 'Ozone layer depletion')",qnkh37ucdu17etyczylfkqh2xysw3olt,0.00026269641116093183,HeatPump_Geothermal_district,Construction
"('IMPACT World+ Damage 2.0.1', 'Human health', 'Ozone layer depletion')",qnkh37ucdu17etyczylfkqh2xysw3olt,5.485323036007206e-07,HeatPump_Geothermal_district,Construction
"('IMPACT World+ Midpoint 2.0.1', 'Midpoint', 'Fossil and nuclear energy use')",qnkh37ucdu17etyczylfkqh2xysw3olt,702.0435751896063,HeatPump_Geothermal_district,Construction
"('IMPACT World+ Midpoint 2.0.1', 'Midpoint', 'Mineral resources use')",qnkh37ucdu17etyczylfkqh2xysw3olt,10.063751607899185,HeatPump_Geothermal_district,Construction
"('IMPACT World+ Midpoint 2.0.1', 'Midpoint', 'Freshwater acidification')",qnkh37ucdu17etyczylfkqh2xysw3olt,0.9883597986909407,HeatPump_Geothermal_district,Construction
"('IMPACT World+ Damage 2.0.1', 'Ecosystem quality', 'Freshwater acidification')",qnkh37ucdu17etyczylfkqh2xysw3olt,2.3394418520799416,HeatPump_Geothermal_district,Construction
"('IMPACT World+ Midpoint 2.0.1', 'Midpoint', 'Particulate matter formation')",qnkh37ucdu17etyczylfkqh2xysw3olt,0.0737759677289917,HeatPump_Geothermal_district,Construction
"('IMPACT World+ Damage 2.0.1', 'Human health', 'Particulate matter formation')",qnkh37ucdu17etyczylfkqh2xysw3olt,8.853116187525221e-05,HeatPump_Geothermal_district,Construction
"('IMPACT World+ Midpoint 2.0.1', 'Midpoint', 'Terrestrial acidification')",qnkh37ucdu17etyczylfkqh2xysw3olt,1.019308525679127,HeatPump_Geothermal_district,Construction
"('IMPACT World+ Damage 2.0.1', 'Ecosystem quality', 'Terrestrial acidification')",qnkh37ucdu17etyczylfkqh2xysw3olt,14.55595990535355,HeatPump_Geothermal_district,Construction
"('IMPACT World+ Midpoint 2.0.1', 'Midpoint', 'Freshwater eutrophication')",qnkh37ucdu17etyczylfkqh2xysw3olt,0.0016648732132382848,HeatPump_Geothermal_district,Construction
"('IMPACT World+ Damage 2.0.1', 'Ecosystem quality', 'Freshwater eutrophication')",qnkh37ucdu17etyczylfkqh2xysw3olt,0.006032107253336791,HeatPump_Geothermal_district,Construction
"('IMPACT World+ Damage 2.0.1', 'Ecosystem quality', 'Ionizing radiation, ecosystem quality')",qnkh37ucdu17etyczylfkqh2xysw3olt,1.1692410751940295e-08,HeatPump_Geothermal_district,Construction
"('IMPACT World+ Damage 2.0.1', 'Human health', 'Ionizing radiation, human health')",qnkh37ucdu17etyczylfkqh2xysw3olt,1.4603104262025217e-07,HeatPump_Geothermal_district,Construction
"('IMPACT World+ Midpoint 2.0.1', 'Midpoint', 'Ionizing radiations')",qnkh37ucdu17etyczylfkqh2xysw3olt,695.3859350048563,HeatPump_Geothermal_district,Construction
"('IMPACT World+ Midpoint 2.0.1', 'Midpoint', 'Land occupation, biodiversity')",qnkh37ucdu17etyczylfkqh2xysw3olt,2.6414385589907687,HeatPump_Geothermal_district,Construction
"('IMPACT World+ Damage 2.0.1', 'Ecosystem quality', 'Land occupation, biodiversity')",qnkh37ucdu17etyczylfkqh2xysw3olt,1.7383537991435494,HeatPump_Geothermal_district,Construction
"('IMPACT World+ Midpoint 2.0.1', 'Midpoint', 'Land transformation, biodiversity')",qnkh37ucdu17etyczylfkqh2xysw3olt,0.02627218852651332,HeatPump_Geothermal_district,Construction
"('IMPACT World+ Damage 2.0.1', 'Ecosystem quality', 'Land transformation, biodiversity')",qnkh37ucdu17etyczylfkqh2xysw3olt,4.181657192322034,HeatPump_Geothermal_district,Construction
"('IMPACT World+ Damage 2.0.1', 'Ecosystem quality', 'Thermally polluted water')",qnkh37ucdu17etyczylfkqh2xysw3olt,9.18218291262472e-05,HeatPump_Geothermal_district,Construction
"('IMPACT World+ Damage 2.0.1', 'Ecosystem quality', 'Water availability, freshwater ecosystem')",qnkh37ucdu17etyczylfkqh2xysw3olt,0.00028661518712598256,HeatPump_Geothermal_district,Construction
"('IMPACT World+ Damage 2.0.1', 'Human health', 'Water availability, human health')",qnkh37ucdu17etyczylfkqh2xysw3olt,0.00010878169258531356,HeatPump_Geothermal_district,Construction
"('IMPACT World+ Midpoint 2.0.1', 'Midpoint', 'Water scarcity')",qnkh37ucdu17etyczylfkqh2xysw3olt,40.206184598046825,HeatPump_Geothermal_district,Construction
"('IMPACT World+ Damage 2.0.1', 'Ecosystem quality', 'Water availability, terrestrial ecosystem')",qnkh37ucdu17etyczylfkqh2xysw3olt,0.0011935196908487893,HeatPump_Geothermal_district,Construction
"('IMPACT World+ Damage 2.0.1', 'Human health', 'Total human health')",qnkh37ucdu17etyczylfkqh2xysw3olt,0.0009537337686028602,HeatPump_Geothermal_district,Construction
"('IMPACT World+ Damage 2.0.1', 'Ecosystem quality', 'Total ecosystem quality')",qnkh37ucdu17etyczylfkqh2xysw3olt,147.24897021551268,HeatPump_Geothermal_district,Construction
"('IMPACT World+ Damage 2.0.1', 'Ecosystem quality', 'Climate change, ecosystem quality, long term')",0zyhyi8mgzxwcyi1bea3go41p7hhw0cp,28.699927224839094,NG_Boiler_district,Construction
"('IMPACT World+ Damage 2.0.1', 'Ecosystem quality', 'Climate change, ecosystem quality, short term')",0zyhyi8mgzxwcyi1bea3go41p7hhw0cp,9.014012390421692,NG_Boiler_district,Construction
"('IMPACT World+ Damage 2.0.1', 'Human health', 'Climate change, human health, long term')",0zyhyi8mgzxwcyi1bea3go41p7hhw0cp,0.00013065083423772385,NG_Boiler_district,Construction
"('IMPACT World+ Damage 2.0.1', 'Human health', 'Climate change, human health, short term')",0zyhyi8mgzxwcyi1bea3go41p7hhw0cp,4.165907887597651e-05,NG_Boiler_district,Construction
"('IMPACT World+ Midpoint 2.0.1', 'Midpoint', 'Climate change, long term')",0zyhyi8mgzxwcyi1bea3go41p7hhw0cp,46.91103354021577,NG_Boiler_district,Construction
"('IMPACT World+ Midpoint 2.0.1', 'Midpoint', 'Climate change, short term')",0zyhyi8mgzxwcyi1bea3go41p7hhw0cp,49.75509619569163,NG_Boiler_district,Construction
"('IMPACT World+ Damage 2.0.1', 'Ecosystem quality', 'Marine acidification, long term')",0zyhyi8mgzxwcyi1bea3go41p7hhw0cp,6.866041488425828,NG_Boiler_district,Construction
"('IMPACT World+ Damage 2.0.1', 'Ecosystem quality', 'Marine acidification, short term')",0zyhyi8mgzxwcyi1bea3go41p7hhw0cp,0.7495511917232168,NG_Boiler_district,Construction
"('IMPACT World+ Midpoint 2.0.1', 'Midpoint', 'Photochemical oxidant formation')",0zyhyi8mgzxwcyi1bea3go41p7hhw0cp,0.23550843168988844,NG_Boiler_district,Construction
"('IMPACT World+ Damage 2.0.1', 'Human health', 'Photochemical oxidant formation')",0zyhyi8mgzxwcyi1bea3go41p7hhw0cp,9.14759128596057e-09,NG_Boiler_district,Construction
"('IMPACT World+ Midpoint 2.0.1', 'Midpoint', 'Freshwater ecotoxicity')",0zyhyi8mgzxwcyi1bea3go41p7hhw0cp,38206.11262955867,NG_Boiler_district,Construction
"('IMPACT World+ Damage 2.0.1', 'Ecosystem quality', 'Freshwater ecotoxicity, short term')",0zyhyi8mgzxwcyi1bea3go41p7hhw0cp,1.8581099506618362,NG_Boiler_district,Construction
"('IMPACT World+ Midpoint 2.0.1', 'Midpoint', 'Human toxicity cancer')",0zyhyi8mgzxwcyi1bea3go41p7hhw0cp,1.3554455764845924e-05,NG_Boiler_district,Construction
"('IMPACT World+ Damage 2.0.1', 'Human health', 'Human toxicity cancer, short term')",0zyhyi8mgzxwcyi1bea3go41p7hhw0cp,0.0001542386837243168,NG_Boiler_district,Construction
"('IMPACT World+ Midpoint 2.0.1', 'Midpoint', 'Human toxicity non-cancer')",0zyhyi8mgzxwcyi1bea3go41p7hhw0cp,4.256386044000239e-05,NG_Boiler_district,Construction
"('IMPACT World+ Damage 2.0.1', 'Human health', 'Human toxicity non-cancer, short term')",0zyhyi8mgzxwcyi1bea3go41p7hhw0cp,5.941683166573579e-05,NG_Boiler_district,Construction
"('IMPACT World+ Damage 2.0.1', 'Ecosystem quality', 'Freshwater ecotoxicity, long term')",0zyhyi8mgzxwcyi1bea3go41p7hhw0cp,19.450529859932384,NG_Boiler_district,Construction
"('IMPACT World+ Damage 2.0.1', 'Human health', 'Human toxicity cancer, long term')",0zyhyi8mgzxwcyi1bea3go41p7hhw0cp,1.6375562764867115e-06,NG_Boiler_district,Construction
"('IMPACT World+ Damage 2.0.1', 'Human health', 'Human toxicity non-cancer, long term')",0zyhyi8mgzxwcyi1bea3go41p7hhw0cp,5.550559232192476e-05,NG_Boiler_district,Construction
"('IMPACT World+ Midpoint 2.0.1', 'Midpoint', 'Marine eutrophication')",0zyhyi8mgzxwcyi1bea3go41p7hhw0cp,0.009706254014163834,NG_Boiler_district,Construction
"('IMPACT World+ Damage 2.0.1', 'Ecosystem quality', 'Marine eutrophication')",0zyhyi8mgzxwcyi1bea3go41p7hhw0cp,0.08492972269844433,NG_Boiler_district,Construction
"('IMPACT World+ Midpoint 2.0.1', 'Midpoint', 'Ozone layer depletion')",0zyhyi8mgzxwcyi1bea3go41p7hhw0cp,2.9918760551616865e-06,NG_Boiler_district,Construction
"('IMPACT World+ Damage 2.0.1', 'Human health', 'Ozone layer depletion')",0zyhyi8mgzxwcyi1bea3go41p7hhw0cp,6.806365402150726e-09,NG_Boiler_district,Construction
"('IMPACT World+ Midpoint 2.0.1', 'Midpoint', 'Fossil and nuclear energy use')",0zyhyi8mgzxwcyi1bea3go41p7hhw0cp,606.8608697207478,NG_Boiler_district,Construction
"('IMPACT World+ Midpoint 2.0.1', 'Midpoint', 'Mineral resources use')",0zyhyi8mgzxwcyi1bea3go41p7hhw0cp,10.360662526572323,NG_Boiler_district,Construction
"('IMPACT World+ Midpoint 2.0.1', 'Midpoint', 'Freshwater acidification')",0zyhyi8mgzxwcyi1bea3go41p7hhw0cp,0.3772582710206367,NG_Boiler_district,Construction
"('IMPACT World+ Damage 2.0.1', 'Ecosystem quality', 'Freshwater acidification')",0zyhyi8mgzxwcyi1bea3go41p7hhw0cp,0.88450947804972,NG_Boiler_district,Construction
"('IMPACT World+ Midpoint 2.0.1', 'Midpoint', 'Particulate matter formation')",0zyhyi8mgzxwcyi1bea3go41p7hhw0cp,0.0426704832549345,NG_Boiler_district,Construction
"('IMPACT World+ Damage 2.0.1', 'Human health', 'Particulate matter formation')",0zyhyi8mgzxwcyi1bea3go41p7hhw0cp,5.1204580641099214e-05,NG_Boiler_district,Construction
"('IMPACT World+ Midpoint 2.0.1', 'Midpoint', 'Terrestrial acidification')",0zyhyi8mgzxwcyi1bea3go41p7hhw0cp,0.39195676698572446,NG_Boiler_district,Construction
"('IMPACT World+ Damage 2.0.1', 'Ecosystem quality', 'Terrestrial acidification')",0zyhyi8mgzxwcyi1bea3go41p7hhw0cp,5.606177210761141,NG_Boiler_district,Construction
"('IMPACT World+ Midpoint 2.0.1', 'Midpoint', 'Freshwater eutrophication')",0zyhyi8mgzxwcyi1bea3go41p7hhw0cp,0.0016546570778712508,NG_Boiler_district,Construction
"('IMPACT World+ Damage 2.0.1', 'Ecosystem quality', 'Freshwater eutrophication')",0zyhyi8mgzxwcyi1bea3go41p7hhw0cp,0.005995092477648791,NG_Boiler_district,Construction
"('IMPACT World+ Damage 2.0.1', 'Ecosystem quality', 'Ionizing radiation, ecosystem quality')",0zyhyi8mgzxwcyi1bea3go41p7hhw0cp,5.975887085047844e-09,NG_Boiler_district,Construction
"('IMPACT World+ Damage 2.0.1', 'Human health', 'Ionizing radiation, human health')",0zyhyi8mgzxwcyi1bea3go41p7hhw0cp,7.502921895854174e-08,NG_Boiler_district,Construction
"('IMPACT World+ Midpoint 2.0.1', 'Midpoint', 'Ionizing radiations')",0zyhyi8mgzxwcyi1bea3go41p7hhw0cp,357.2820041841819,NG_Boiler_district,Construction
"('IMPACT World+ Midpoint 2.0.1', 'Midpoint', 'Land occupation, biodiversity')",0zyhyi8mgzxwcyi1bea3go41p7hhw0cp,1.7882814372813396,NG_Boiler_district,Construction
"('IMPACT World+ Damage 2.0.1', 'Ecosystem quality', 'Land occupation, biodiversity')",0zyhyi8mgzxwcyi1bea3go41p7hhw0cp,1.176883382392355,NG_Boiler_district,Construction
"('IMPACT World+ Midpoint 2.0.1', 'Midpoint', 'Land transformation, biodiversity')",0zyhyi8mgzxwcyi1bea3go41p7hhw0cp,0.014957215882544306,NG_Boiler_district,Construction
"('IMPACT World+ Damage 2.0.1', 'Ecosystem quality', 'Land transformation, biodiversity')",0zyhyi8mgzxwcyi1bea3go41p7hhw0cp,2.3806904415655312,NG_Boiler_district,Construction
"('IMPACT World+ Damage 2.0.1', 'Ecosystem quality', 'Thermally polluted water')",0zyhyi8mgzxwcyi1bea3go41p7hhw0cp,8.222376162351658e-05,NG_Boiler_district,Construction
"('IMPACT World+ Damage 2.0.1', 'Ecosystem quality', 'Water availability, freshwater ecosystem')",0zyhyi8mgzxwcyi1bea3go41p7hhw0cp,0.00017179705254308786,NG_Boiler_district,Construction
"('IMPACT World+ Damage 2.0.1', 'Human health', 'Water availability, human health')",0zyhyi8mgzxwcyi1bea3go41p7hhw0cp,6.370179615727279e-05,NG_Boiler_district,Construction
"('IMPACT World+ Midpoint 2.0.1', 'Midpoint', 'Water scarcity')",0zyhyi8mgzxwcyi1bea3go41p7hhw0cp,24.09957433589443,NG_Boiler_district,Construction
"('IMPACT World+ Damage 2.0.1', 'Ecosystem quality', 'Water availability, terrestrial ecosystem')",0zyhyi8mgzxwcyi1bea3go41p7hhw0cp,0.0016220742819183468,NG_Boiler_district,Construction
"('IMPACT World+ Damage 2.0.1', 'Human health', 'Total human health')",0zyhyi8mgzxwcyi1bea3go41p7hhw0cp,0.0005581059416741807,NG_Boiler_district,Construction
"('IMPACT World+ Damage 2.0.1', 'Ecosystem quality', 'Total ecosystem quality')",0zyhyi8mgzxwcyi1bea3go41p7hhw0cp,76.77923307847992,NG_Boiler_district,Construction
"('IMPACT World+ Damage 2.0.1', 'Ecosystem quality', 'Climate change, ecosystem quality, long term')",fmaozp0joa52hjbp4gx1tt8jy4le0mou,2037.56275671625,NG_Cogeneration,Construction
"('IMPACT World+ Damage 2.0.1', 'Ecosystem quality', 'Climate change, ecosystem quality, short term')",fmaozp0joa52hjbp4gx1tt8jy4le0mou,660.7444228358086,NG_Cogeneration,Construction
"('IMPACT World+ Damage 2.0.1', 'Human health', 'Climate change, human health, long term')",fmaozp0joa52hjbp4gx1tt8jy4le0mou,0.00927442544568143,NG_Cogeneration,Construction
"('IMPACT World+ Damage 2.0.1', 'Human health', 'Climate change, human health, short term')",fmaozp0joa52hjbp4gx1tt8jy4le0mou,0.003054105158206065,NG_Cogeneration,Construction
"('IMPACT World+ Midpoint 2.0.1', 'Midpoint', 'Climate change, long term')",fmaozp0joa52hjbp4gx1tt8jy4le0mou,3395.800219648412,NG_Cogeneration,Construction
"('IMPACT World+ Midpoint 2.0.1', 'Midpoint', 'Climate change, short term')",fmaozp0joa52hjbp4gx1tt8jy4le0mou,3619.166782557834,NG_Cogeneration,Construction
"('IMPACT World+ Damage 2.0.1', 'Ecosystem quality', 'Marine acidification, long term')",fmaozp0joa52hjbp4gx1tt8jy4le0mou,481.05265481711405,NG_Cogeneration,Construction
"('IMPACT World+ Damage 2.0.1', 'Ecosystem quality', 'Marine acidification, short term')",fmaozp0joa52hjbp4gx1tt8jy4le0mou,52.83015600992614,NG_Cogeneration,Construction
"('IMPACT World+ Midpoint 2.0.1', 'Midpoint', 'Photochemical oxidant formation')",fmaozp0joa52hjbp4gx1tt8jy4le0mou,19.520935242163173,NG_Cogeneration,Construction
"('IMPACT World+ Damage 2.0.1', 'Human health', 'Photochemical oxidant formation')",fmaozp0joa52hjbp4gx1tt8jy4le0mou,7.56842778296767e-07,NG_Cogeneration,Construction
"('IMPACT World+ Midpoint 2.0.1', 'Midpoint', 'Freshwater ecotoxicity')",fmaozp0joa52hjbp4gx1tt8jy4le0mou,2142625.272580076,NG_Cogeneration,Construction
"('IMPACT World+ Damage 2.0.1', 'Ecosystem quality', 'Freshwater ecotoxicity, short term')",fmaozp0joa52hjbp4gx1tt8jy4le0mou,100.53040298522563,NG_Cogeneration,Construction
"('IMPACT World+ Midpoint 2.0.1', 'Midpoint', 'Human toxicity cancer')",fmaozp0joa52hjbp4gx1tt8jy4le0mou,0.0003990463127266304,NG_Cogeneration,Construction
"('IMPACT World+ Damage 2.0.1', 'Human health', 'Human toxicity cancer, short term')",fmaozp0joa52hjbp4gx1tt8jy4le0mou,0.00452504109731121,NG_Cogeneration,Construction
"('IMPACT World+ Midpoint 2.0.1', 'Midpoint', 'Human toxicity non-cancer')",fmaozp0joa52hjbp4gx1tt8jy4le0mou,0.0016948258521272672,NG_Cogeneration,Construction
"('IMPACT World+ Damage 2.0.1', 'Human health', 'Human toxicity non-cancer, short term')",fmaozp0joa52hjbp4gx1tt8jy4le0mou,0.002508565789093903,NG_Cogeneration,Construction
"('IMPACT World+ Damage 2.0.1', 'Ecosystem quality', 'Freshwater ecotoxicity, long term')",fmaozp0joa52hjbp4gx1tt8jy4le0mou,1094.2961845758462,NG_Cogeneration,Construction
"('IMPACT World+ Damage 2.0.1', 'Human health', 'Human toxicity cancer, long term')",fmaozp0joa52hjbp4gx1tt8jy4le0mou,6.399145988361595e-05,NG_Cogeneration,Construction
"('IMPACT World+ Damage 2.0.1', 'Human health', 'Human toxicity non-cancer, long term')",fmaozp0joa52hjbp4gx1tt8jy4le0mou,0.002067464073871286,NG_Cogeneration,Construction
"('IMPACT World+ Midpoint 2.0.1', 'Midpoint', 'Marine eutrophication')",fmaozp0joa52hjbp4gx1tt8jy4le0mou,0.6799187386767997,NG_Cogeneration,Construction
"('IMPACT World+ Damage 2.0.1', 'Ecosystem quality', 'Marine eutrophication')",fmaozp0joa52hjbp4gx1tt8jy4le0mou,5.949289005539261,NG_Cogeneration,Construction
"('IMPACT World+ Midpoint 2.0.1', 'Midpoint', 'Ozone layer depletion')",fmaozp0joa52hjbp4gx1tt8jy4le0mou,0.000333218457622946,NG_Cogeneration,Construction
"('IMPACT World+ Damage 2.0.1', 'Human health', 'Ozone layer depletion')",fmaozp0joa52hjbp4gx1tt8jy4le0mou,7.853019167565986e-07,NG_Cogeneration,Construction
"('IMPACT World+ Midpoint 2.0.1', 'Midpoint', 'Fossil and nuclear energy use')",fmaozp0joa52hjbp4gx1tt8jy4le0mou,54518.95599793024,NG_Cogeneration,Construction
"('IMPACT World+ Midpoint 2.0.1', 'Midpoint', 'Mineral resources use')",fmaozp0joa52hjbp4gx1tt8jy4le0mou,504.10033374749554,NG_Cogeneration,Construction
"('IMPACT World+ Midpoint 2.0.1', 'Midpoint', 'Freshwater acidification')",fmaozp0joa52hjbp4gx1tt8jy4le0mou,24.521332320993125,NG_Cogeneration,Construction
"('IMPACT World+ Damage 2.0.1', 'Ecosystem quality', 'Freshwater acidification')",fmaozp0joa52hjbp4gx1tt8jy4le0mou,57.28196876935925,NG_Cogeneration,Construction
"('IMPACT World+ Midpoint 2.0.1', 'Midpoint', 'Particulate matter formation')",fmaozp0joa52hjbp4gx1tt8jy4le0mou,2.581589516178427,NG_Cogeneration,Construction
"('IMPACT World+ Damage 2.0.1', 'Human health', 'Particulate matter formation')",fmaozp0joa52hjbp4gx1tt8jy4le0mou,0.003097907469732377,NG_Cogeneration,Construction
"('IMPACT World+ Midpoint 2.0.1', 'Midpoint', 'Terrestrial acidification')",fmaozp0joa52hjbp4gx1tt8jy4le0mou,25.571496626850948,NG_Cogeneration,Construction
"('IMPACT World+ Damage 2.0.1', 'Ecosystem quality', 'Terrestrial acidification')",fmaozp0joa52hjbp4gx1tt8jy4le0mou,365.9667167556492,NG_Cogeneration,Construction
"('IMPACT World+ Midpoint 2.0.1', 'Midpoint', 'Freshwater eutrophication')",fmaozp0joa52hjbp4gx1tt8jy4le0mou,0.3688743648747027,NG_Cogeneration,Construction
"('IMPACT World+ Damage 2.0.1', 'Ecosystem quality', 'Freshwater eutrophication')",fmaozp0joa52hjbp4gx1tt8jy4le0mou,1.3364920113710763,NG_Cogeneration,Construction
"('IMPACT World+ Damage 2.0.1', 'Ecosystem quality', 'Ionizing radiation, ecosystem quality')",fmaozp0joa52hjbp4gx1tt8jy4le0mou,7.086069717069465e-07,NG_Cogeneration,Construction
"('IMPACT World+ Damage 2.0.1', 'Human health', 'Ionizing radiation, human health')",fmaozp0joa52hjbp4gx1tt8jy4le0mou,8.893049948940401e-06,NG_Cogeneration,Construction
"('IMPACT World+ Midpoint 2.0.1', 'Midpoint', 'Ionizing radiations')",fmaozp0joa52hjbp4gx1tt8jy4le0mou,42347.85797486573,NG_Cogeneration,Construction
"('IMPACT World+ Midpoint 2.0.1', 'Midpoint', 'Land occupation, biodiversity')",fmaozp0joa52hjbp4gx1tt8jy4le0mou,116.95514575829607,NG_Cogeneration,Construction
"('IMPACT World+ Damage 2.0.1', 'Ecosystem quality', 'Land occupation, biodiversity')",fmaozp0joa52hjbp4gx1tt8jy4le0mou,76.9691650979265,NG_Cogeneration,Construction
"('IMPACT World+ Midpoint 2.0.1', 'Midpoint', 'Land transformation, biodiversity')",fmaozp0joa52hjbp4gx1tt8jy4le0mou,1.7795889357226515,NG_Cogeneration,Construction
"('IMPACT World+ Damage 2.0.1', 'Ecosystem quality', 'Land transformation, biodiversity')",fmaozp0joa52hjbp4gx1tt8jy4le0mou,283.2512580646527,NG_Cogeneration,Construction
"('IMPACT World+ Damage 2.0.1', 'Ecosystem quality', 'Thermally polluted water')",fmaozp0joa52hjbp4gx1tt8jy4le0mou,0.006434474278620338,NG_Cogeneration,Construction
"('IMPACT World+ Damage 2.0.1', 'Ecosystem quality', 'Water availability, freshwater ecosystem')",fmaozp0joa52hjbp4gx1tt8jy4le0mou,0.013370115729121834,NG_Cogeneration,Construction
"('IMPACT World+ Damage 2.0.1', 'Human health', 'Water availability, human health')",fmaozp0joa52hjbp4gx1tt8jy4le0mou,0.004979341227861478,NG_Cogeneration,Construction
"('IMPACT World+ Midpoint 2.0.1', 'Midpoint', 'Water scarcity')",fmaozp0joa52hjbp4gx1tt8jy4le0mou,1875.5507916106433,NG_Cogeneration,Construction
"('IMPACT World+ Damage 2.0.1', 'Ecosystem quality', 'Water availability, terrestrial ecosystem')",fmaozp0joa52hjbp4gx1tt8jy4le0mou,0.11334087896341719,NG_Cogeneration,Construction
"('IMPACT World+ Damage 2.0.1', 'Human health', 'Total human health')",fmaozp0joa52hjbp4gx1tt8jy4le0mou,0.029581277007887652,NG_Cogeneration,Construction
"('IMPACT World+ Damage 2.0.1', 'Ecosystem quality', 'Total ecosystem quality')",fmaozp0joa52hjbp4gx1tt8jy4le0mou,5217.904582013887,NG_Cogeneration,Construction
"('IMPACT World+ Damage 2.0.1', 'Ecosystem quality', 'Climate change, ecosystem quality, long term')",ldmado73zzt7uzs0we8hpwm01j7l9g9c,2037.5627567162503,NG_Cogeneration_district,Construction
"('IMPACT World+ Damage 2.0.1', 'Ecosystem quality', 'Climate change, ecosystem quality, short term')",ldmado73zzt7uzs0we8hpwm01j7l9g9c,660.7444228358085,NG_Cogeneration_district,Construction
"('IMPACT World+ Damage 2.0.1', 'Human health', 'Climate change, human health, long term')",ldmado73zzt7uzs0we8hpwm01j7l9g9c,0.009274425445681429,NG_Cogeneration_district,Construction
"('IMPACT World+ Damage 2.0.1', 'Human health', 'Climate change, human health, short term')",ldmado73zzt7uzs0we8hpwm01j7l9g9c,0.003054105158206065,NG_Cogeneration_district,Construction
"('IMPACT World+ Midpoint 2.0.1', 'Midpoint', 'Climate change, long term')",ldmado73zzt7uzs0we8hpwm01j7l9g9c,3395.8002196484117,NG_Cogeneration_district,Construction
"('IMPACT World+ Midpoint 2.0.1', 'Midpoint', 'Climate change, short term')",ldmado73zzt7uzs0we8hpwm01j7l9g9c,3619.1667825578334,NG_Cogeneration_district,Construction
"('IMPACT World+ Damage 2.0.1', 'Ecosystem quality', 'Marine acidification, long term')",ldmado73zzt7uzs0we8hpwm01j7l9g9c,481.0526548171141,NG_Cogeneration_district,Construction
"('IMPACT World+ Damage 2.0.1', 'Ecosystem quality', 'Marine acidification, short term')",ldmado73zzt7uzs0we8hpwm01j7l9g9c,52.83015600992614,NG_Cogeneration_district,Construction
"('IMPACT World+ Midpoint 2.0.1', 'Midpoint', 'Photochemical oxidant formation')",ldmado73zzt7uzs0we8hpwm01j7l9g9c,19.520935242163173,NG_Cogeneration_district,Construction
"('IMPACT World+ Damage 2.0.1', 'Human health', 'Photochemical oxidant formation')",ldmado73zzt7uzs0we8hpwm01j7l9g9c,7.568427782967671e-07,NG_Cogeneration_district,Construction
"('IMPACT World+ Midpoint 2.0.1', 'Midpoint', 'Freshwater ecotoxicity')",ldmado73zzt7uzs0we8hpwm01j7l9g9c,2142625.272580076,NG_Cogeneration_district,Construction
"('IMPACT World+ Damage 2.0.1', 'Ecosystem quality', 'Freshwater ecotoxicity, short term')",ldmado73zzt7uzs0we8hpwm01j7l9g9c,100.53040298522563,NG_Cogeneration_district,Construction
"('IMPACT World+ Midpoint 2.0.1', 'Midpoint', 'Human toxicity cancer')",ldmado73zzt7uzs0we8hpwm01j7l9g9c,0.0003990463127266303,NG_Cogeneration_district,Construction
"('IMPACT World+ Damage 2.0.1', 'Human health', 'Human toxicity cancer, short term')",ldmado73zzt7uzs0we8hpwm01j7l9g9c,0.00452504109731121,NG_Cogeneration_district,Construction
"('IMPACT World+ Midpoint 2.0.1', 'Midpoint', 'Human toxicity non-cancer')",ldmado73zzt7uzs0we8hpwm01j7l9g9c,0.0016948258521272672,NG_Cogeneration_district,Construction
"('IMPACT World+ Damage 2.0.1', 'Human health', 'Human toxicity non-cancer, short term')",ldmado73zzt7uzs0we8hpwm01j7l9g9c,0.002508565789093903,NG_Cogeneration_district,Construction
"('IMPACT World+ Damage 2.0.1', 'Ecosystem quality', 'Freshwater ecotoxicity, long term')",ldmado73zzt7uzs0we8hpwm01j7l9g9c,1094.2961845758462,NG_Cogeneration_district,Construction
"('IMPACT World+ Damage 2.0.1', 'Human health', 'Human toxicity cancer, long term')",ldmado73zzt7uzs0we8hpwm01j7l9g9c,6.399145988361595e-05,NG_Cogeneration_district,Construction
"('IMPACT World+ Damage 2.0.1', 'Human health', 'Human toxicity non-cancer, long term')",ldmado73zzt7uzs0we8hpwm01j7l9g9c,0.0020674640738712865,NG_Cogeneration_district,Construction
"('IMPACT World+ Midpoint 2.0.1', 'Midpoint', 'Marine eutrophication')",ldmado73zzt7uzs0we8hpwm01j7l9g9c,0.6799187386767997,NG_Cogeneration_district,Construction
"('IMPACT World+ Damage 2.0.1', 'Ecosystem quality', 'Marine eutrophication')",ldmado73zzt7uzs0we8hpwm01j7l9g9c,5.949289005539262,NG_Cogeneration_district,Construction
"('IMPACT World+ Midpoint 2.0.1', 'Midpoint', 'Ozone layer depletion')",ldmado73zzt7uzs0we8hpwm01j7l9g9c,0.00033321845762294603,NG_Cogeneration_district,Construction
"('IMPACT World+ Damage 2.0.1', 'Human health', 'Ozone layer depletion')",ldmado73zzt7uzs0we8hpwm01j7l9g9c,7.853019167565987e-07,NG_Cogeneration_district,Construction
"('IMPACT World+ Midpoint 2.0.1', 'Midpoint', 'Fossil and nuclear energy use')",ldmado73zzt7uzs0we8hpwm01j7l9g9c,54518.95599793026,NG_Cogeneration_district,Construction
"('IMPACT World+ Midpoint 2.0.1', 'Midpoint', 'Mineral resources use')",ldmado73zzt7uzs0we8hpwm01j7l9g9c,504.10033374749554,NG_Cogeneration_district,Construction
"('IMPACT World+ Midpoint 2.0.1', 'Midpoint', 'Freshwater acidification')",ldmado73zzt7uzs0we8hpwm01j7l9g9c,24.521332320993125,NG_Cogeneration_district,Construction
"('IMPACT World+ Damage 2.0.1', 'Ecosystem quality', 'Freshwater acidification')",ldmado73zzt7uzs0we8hpwm01j7l9g9c,57.281968769359246,NG_Cogeneration_district,Construction
"('IMPACT World+ Midpoint 2.0.1', 'Midpoint', 'Particulate matter formation')",ldmado73zzt7uzs0we8hpwm01j7l9g9c,2.581589516178427,NG_Cogeneration_district,Construction
"('IMPACT World+ Damage 2.0.1', 'Human health', 'Particulate matter formation')",ldmado73zzt7uzs0we8hpwm01j7l9g9c,0.0030979074697323776,NG_Cogeneration_district,Construction
"('IMPACT World+ Midpoint 2.0.1', 'Midpoint', 'Terrestrial acidification')",ldmado73zzt7uzs0we8hpwm01j7l9g9c,25.571496626850948,NG_Cogeneration_district,Construction
"('IMPACT World+ Damage 2.0.1', 'Ecosystem quality', 'Terrestrial acidification')",ldmado73zzt7uzs0we8hpwm01j7l9g9c,365.96671675564914,NG_Cogeneration_district,Construction
"('IMPACT World+ Midpoint 2.0.1', 'Midpoint', 'Freshwater eutrophication')",ldmado73zzt7uzs0we8hpwm01j7l9g9c,0.3688743648747027,NG_Cogeneration_district,Construction
"('IMPACT World+ Damage 2.0.1', 'Ecosystem quality', 'Freshwater eutrophication')",ldmado73zzt7uzs0we8hpwm01j7l9g9c,1.3364920113710763,NG_Cogeneration_district,Construction
"('IMPACT World+ Damage 2.0.1', 'Ecosystem quality', 'Ionizing radiation, ecosystem quality')",ldmado73zzt7uzs0we8hpwm01j7l9g9c,7.086069717069467e-07,NG_Cogeneration_district,Construction
"('IMPACT World+ Damage 2.0.1', 'Human health', 'Ionizing radiation, human health')",ldmado73zzt7uzs0we8hpwm01j7l9g9c,8.893049948940401e-06,NG_Cogeneration_district,Construction
"('IMPACT World+ Midpoint 2.0.1', 'Midpoint', 'Ionizing radiations')",ldmado73zzt7uzs0we8hpwm01j7l9g9c,42347.85797486573,NG_Cogeneration_district,Construction
"('IMPACT World+ Midpoint 2.0.1', 'Midpoint', 'Land occupation, biodiversity')",ldmado73zzt7uzs0we8hpwm01j7l9g9c,116.95514575829613,NG_Cogeneration_district,Construction
"('IMPACT World+ Damage 2.0.1', 'Ecosystem quality', 'Land occupation, biodiversity')",ldmado73zzt7uzs0we8hpwm01j7l9g9c,76.96916509792655,NG_Cogeneration_district,Construction
"('IMPACT World+ Midpoint 2.0.1', 'Midpoint', 'Land transformation, biodiversity')",ldmado73zzt7uzs0we8hpwm01j7l9g9c,1.7795889357226546,NG_Cogeneration_district,Construction
"('IMPACT World+ Damage 2.0.1', 'Ecosystem quality', 'Land transformation, biodiversity')",ldmado73zzt7uzs0we8hpwm01j7l9g9c,283.25125806465314,NG_Cogeneration_district,Construction
"('IMPACT World+ Damage 2.0.1', 'Ecosystem quality', 'Thermally polluted water')",ldmado73zzt7uzs0we8hpwm01j7l9g9c,0.006434474278620338,NG_Cogeneration_district,Construction
"('IMPACT World+ Damage 2.0.1', 'Ecosystem quality', 'Water availability, freshwater ecosystem')",ldmado73zzt7uzs0we8hpwm01j7l9g9c,0.013370115729121888,NG_Cogeneration_district,Construction
"('IMPACT World+ Damage 2.0.1', 'Human health', 'Water availability, human health')",ldmado73zzt7uzs0we8hpwm01j7l9g9c,0.004979341227861477,NG_Cogeneration_district,Construction
"('IMPACT World+ Midpoint 2.0.1', 'Midpoint', 'Water scarcity')",ldmado73zzt7uzs0we8hpwm01j7l9g9c,1875.550791610643,NG_Cogeneration_district,Construction
"('IMPACT World+ Damage 2.0.1', 'Ecosystem quality', 'Water availability, terrestrial ecosystem')",ldmado73zzt7uzs0we8hpwm01j7l9g9c,0.11334087896341721,NG_Cogeneration_district,Construction
"('IMPACT World+ Damage 2.0.1', 'Human health', 'Total human health')",ldmado73zzt7uzs0we8hpwm01j7l9g9c,0.02958127700788765,NG_Cogeneration_district,Construction
"('IMPACT World+ Damage 2.0.1', 'Ecosystem quality', 'Total ecosystem quality')",ldmado73zzt7uzs0we8hpwm01j7l9g9c,5217.904582013887,NG_Cogeneration_district,Construction
"('IMPACT World+ Damage 2.0.1', 'Ecosystem quality', 'Climate change, ecosystem quality, long term')",sgu1nfc1z2xdm1jvk9ybmbbqsh0zxgwf,0.12444230897065028,NG_Boiler,Operation
"('IMPACT World+ Damage 2.0.1', 'Ecosystem quality', 'Climate change, ecosystem quality, short term')",sgu1nfc1z2xdm1jvk9ybmbbqsh0zxgwf,0.03519309928354685,NG_Boiler,Operation
"('IMPACT World+ Damage 2.0.1', 'Human health', 'Climate change, human health, long term')",sgu1nfc1z2xdm1jvk9ybmbbqsh0zxgwf,5.667200040960851e-07,NG_Boiler,Operation
"('IMPACT World+ Damage 2.0.1', 'Human health', 'Climate change, human health, short term')",sgu1nfc1z2xdm1jvk9ybmbbqsh0zxgwf,1.6264550813624644e-07,NG_Boiler,Operation
"('IMPACT World+ Midpoint 2.0.1', 'Midpoint', 'Climate change, long term')",sgu1nfc1z2xdm1jvk9ybmbbqsh0zxgwf,0.19848863514251544,NG_Boiler,Operation
"('IMPACT World+ Midpoint 2.0.1', 'Midpoint', 'Climate change, short term')",sgu1nfc1z2xdm1jvk9ybmbbqsh0zxgwf,0.1987310401106343,NG_Boiler,Operation
"('IMPACT World+ Damage 2.0.1', 'Ecosystem quality', 'Marine acidification, long term')",sgu1nfc1z2xdm1jvk9ybmbbqsh0zxgwf,0.030091665494070892,NG_Boiler,Operation
"('IMPACT World+ Damage 2.0.1', 'Ecosystem quality', 'Marine acidification, short term')",sgu1nfc1z2xdm1jvk9ybmbbqsh0zxgwf,0.0032665393301812068,NG_Boiler,Operation
"('IMPACT World+ Midpoint 2.0.1', 'Midpoint', 'Photochemical oxidant formation')",sgu1nfc1z2xdm1jvk9ybmbbqsh0zxgwf,4.3639580548856445e-05,NG_Boiler,Operation
"('IMPACT World+ Damage 2.0.1', 'Human health', 'Photochemical oxidant formation')",sgu1nfc1z2xdm1jvk9ybmbbqsh0zxgwf,1.701662104263146e-12,NG_Boiler,Operation
"('IMPACT World+ Midpoint 2.0.1', 'Midpoint', 'Freshwater ecotoxicity')",sgu1nfc1z2xdm1jvk9ybmbbqsh0zxgwf,0.2682961694621815,NG_Boiler,Operation
"('IMPACT World+ Damage 2.0.1', 'Ecosystem quality', 'Freshwater ecotoxicity, short term')",sgu1nfc1z2xdm1jvk9ybmbbqsh0zxgwf,1.280946091647697e-05,NG_Boiler,Operation
"('IMPACT World+ Midpoint 2.0.1', 'Midpoint', 'Human toxicity cancer')",sgu1nfc1z2xdm1jvk9ybmbbqsh0zxgwf,4.8296924014685977e-11,NG_Boiler,Operation
"('IMPACT World+ Damage 2.0.1', 'Human health', 'Human toxicity cancer, short term')",sgu1nfc1z2xdm1jvk9ybmbbqsh0zxgwf,5.353304880143873e-10,NG_Boiler,Operation
"('IMPACT World+ Midpoint 2.0.1', 'Midpoint', 'Human toxicity non-cancer')",sgu1nfc1z2xdm1jvk9ybmbbqsh0zxgwf,3.1623469924123446e-10,NG_Boiler,Operation
"('IMPACT World+ Damage 2.0.1', 'Human health', 'Human toxicity non-cancer, short term')",sgu1nfc1z2xdm1jvk9ybmbbqsh0zxgwf,2.749745611187415e-10,NG_Boiler,Operation
"('IMPACT World+ Damage 2.0.1', 'Ecosystem quality', 'Freshwater ecotoxicity, long term')",sgu1nfc1z2xdm1jvk9ybmbbqsh0zxgwf,0.00013817614523280888,NG_Boiler,Operation
"('IMPACT World+ Damage 2.0.1', 'Human health', 'Human toxicity cancer, long term')",sgu1nfc1z2xdm1jvk9ybmbbqsh0zxgwf,2.0084131951269518e-11,NG_Boiler,Operation
"('IMPACT World+ Damage 2.0.1', 'Human health', 'Human toxicity non-cancer, long term')",sgu1nfc1z2xdm1jvk9ybmbbqsh0zxgwf,5.788591368597963e-10,NG_Boiler,Operation
"('IMPACT World+ Midpoint 2.0.1', 'Midpoint', 'Marine eutrophication')",sgu1nfc1z2xdm1jvk9ybmbbqsh0zxgwf,1.3276633499746888e-06,NG_Boiler,Operation
"('IMPACT World+ Damage 2.0.1', 'Ecosystem quality', 'Marine eutrophication')",sgu1nfc1z2xdm1jvk9ybmbbqsh0zxgwf,1.1617054287202865e-05,NG_Boiler,Operation
"('IMPACT World+ Midpoint 2.0.1', 'Midpoint', 'Ozone layer depletion')",sgu1nfc1z2xdm1jvk9ybmbbqsh0zxgwf,4.17367444917523e-11,NG_Boiler,Operation
"('IMPACT World+ Damage 2.0.1', 'Human health', 'Ozone layer depletion')",sgu1nfc1z2xdm1jvk9ybmbbqsh0zxgwf,8.839023523188449e-14,NG_Boiler,Operation
"('IMPACT World+ Midpoint 2.0.1', 'Midpoint', 'Fossil and nuclear energy use')",sgu1nfc1z2xdm1jvk9ybmbbqsh0zxgwf,0.03454450367074915,NG_Boiler,Operation
"('IMPACT World+ Midpoint 2.0.1', 'Midpoint', 'Mineral resources use')",sgu1nfc1z2xdm1jvk9ybmbbqsh0zxgwf,1.5556424330005325e-05,NG_Boiler,Operation
"('IMPACT World+ Midpoint 2.0.1', 'Midpoint', 'Freshwater acidification')",sgu1nfc1z2xdm1jvk9ybmbbqsh0zxgwf,1.7626748418014818e-05,NG_Boiler,Operation
"('IMPACT World+ Damage 2.0.1', 'Ecosystem quality', 'Freshwater acidification')",sgu1nfc1z2xdm1jvk9ybmbbqsh0zxgwf,3.712959737728567e-05,NG_Boiler,Operation
"('IMPACT World+ Midpoint 2.0.1', 'Midpoint', 'Particulate matter formation')",sgu1nfc1z2xdm1jvk9ybmbbqsh0zxgwf,1.3716227346284305e-06,NG_Boiler,Operation
"('IMPACT World+ Damage 2.0.1', 'Human health', 'Particulate matter formation')",sgu1nfc1z2xdm1jvk9ybmbbqsh0zxgwf,1.645947317669091e-09,NG_Boiler,Operation
"('IMPACT World+ Midpoint 2.0.1', 'Midpoint', 'Terrestrial acidification')",sgu1nfc1z2xdm1jvk9ybmbbqsh0zxgwf,1.9754921029803417e-05,NG_Boiler,Operation
"('IMPACT World+ Damage 2.0.1', 'Ecosystem quality', 'Terrestrial acidification')",sgu1nfc1z2xdm1jvk9ybmbbqsh0zxgwf,0.0002869599374370664,NG_Boiler,Operation
"('IMPACT World+ Midpoint 2.0.1', 'Midpoint', 'Freshwater eutrophication')",sgu1nfc1z2xdm1jvk9ybmbbqsh0zxgwf,9.35652308504653e-09,NG_Boiler,Operation
"('IMPACT World+ Damage 2.0.1', 'Ecosystem quality', 'Freshwater eutrophication')",sgu1nfc1z2xdm1jvk9ybmbbqsh0zxgwf,3.390020934897238e-08,NG_Boiler,Operation
"('IMPACT World+ Damage 2.0.1', 'Ecosystem quality', 'Ionizing radiation, ecosystem quality')",sgu1nfc1z2xdm1jvk9ybmbbqsh0zxgwf,3.3035481531065327e-12,NG_Boiler,Operation
"('IMPACT World+ Damage 2.0.1', 'Human health', 'Ionizing radiation, human health')",sgu1nfc1z2xdm1jvk9ybmbbqsh0zxgwf,4.625653216336479e-11,NG_Boiler,Operation
"('IMPACT World+ Midpoint 2.0.1', 'Midpoint', 'Ionizing radiations')",sgu1nfc1z2xdm1jvk9ybmbbqsh0zxgwf,0.22026920646511217,NG_Boiler,Operation
"('IMPACT World+ Midpoint 2.0.1', 'Midpoint', 'Land occupation, biodiversity')",sgu1nfc1z2xdm1jvk9ybmbbqsh0zxgwf,3.919262490749095e-05,NG_Boiler,Operation
"('IMPACT World+ Damage 2.0.1', 'Ecosystem quality', 'Land occupation, biodiversity')",sgu1nfc1z2xdm1jvk9ybmbbqsh0zxgwf,2.5793001120402286e-05,NG_Boiler,Operation
"('IMPACT World+ Midpoint 2.0.1', 'Midpoint', 'Land transformation, biodiversity')",sgu1nfc1z2xdm1jvk9ybmbbqsh0zxgwf,8.247755515215392e-08,NG_Boiler,Operation
"('IMPACT World+ Damage 2.0.1', 'Ecosystem quality', 'Land transformation, biodiversity')",sgu1nfc1z2xdm1jvk9ybmbbqsh0zxgwf,1.3127678094941935e-05,NG_Boiler,Operation
"('IMPACT World+ Damage 2.0.1', 'Ecosystem quality', 'Thermally polluted water')",sgu1nfc1z2xdm1jvk9ybmbbqsh0zxgwf,8.011193991545837e-09,NG_Boiler,Operation
"('IMPACT World+ Damage 2.0.1', 'Ecosystem quality', 'Water availability, freshwater ecosystem')",sgu1nfc1z2xdm1jvk9ybmbbqsh0zxgwf,3.2396934421054825e-08,NG_Boiler,Operation
"('IMPACT World+ Damage 2.0.1', 'Human health', 'Water availability, human health')",sgu1nfc1z2xdm1jvk9ybmbbqsh0zxgwf,1.2193834947389856e-08,NG_Boiler,Operation
"('IMPACT World+ Midpoint 2.0.1', 'Midpoint', 'Water scarcity')",sgu1nfc1z2xdm1jvk9ybmbbqsh0zxgwf,0.004544620048934789,NG_Boiler,Operation
"('IMPACT World+ Damage 2.0.1', 'Ecosystem quality', 'Water availability, terrestrial ecosystem')",sgu1nfc1z2xdm1jvk9ybmbbqsh0zxgwf,1.0299562978687214e-08,NG_Boiler,Operation
"('IMPACT World+ Damage 2.0.1', 'Human health', 'Total human health')",sgu1nfc1z2xdm1jvk9ybmbbqsh0zxgwf,7.446625893847658e-07,NG_Boiler,Operation
"('IMPACT World+ Damage 2.0.1', 'Ecosystem quality', 'Total ecosystem quality')",sgu1nfc1z2xdm1jvk9ybmbbqsh0zxgwf,0.19351930982232105,NG_Boiler,Operation
"('IMPACT World+ Damage 2.0.1', 'Ecosystem quality', 'Climate change, ecosystem quality, long term')",qoiu9owtqlosd4yq40aht4mite6xb058,0.1797074513079728,OIL_Boiler,Operation
"('IMPACT World+ Damage 2.0.1', 'Ecosystem quality', 'Climate change, ecosystem quality, short term')",qoiu9owtqlosd4yq40aht4mite6xb058,0.050810824457412584,OIL_Boiler,Operation
"('IMPACT World+ Damage 2.0.1', 'Human health', 'Climate change, human health, long term')",qoiu9owtqlosd4yq40aht4mite6xb058,8.184025831615386e-07,OIL_Boiler,Operation
"('IMPACT World+ Damage 2.0.1', 'Human health', 'Climate change, human health, short term')",qoiu9owtqlosd4yq40aht4mite6xb058,2.348231308844935e-07,OIL_Boiler,Operation
"('IMPACT World+ Midpoint 2.0.1', 'Midpoint', 'Climate change, long term')",qoiu9owtqlosd4yq40aht4mite6xb058,0.28663853541619677,OIL_Boiler,Operation
"('IMPACT World+ Midpoint 2.0.1', 'Midpoint', 'Climate change, short term')",qoiu9owtqlosd4yq40aht4mite6xb058,0.28692309785531667,OIL_Boiler,Operation
"('IMPACT World+ Damage 2.0.1', 'Ecosystem quality', 'Marine acidification, long term')",qoiu9owtqlosd4yq40aht4mite6xb058,0.04345282042804669,OIL_Boiler,Operation
"('IMPACT World+ Damage 2.0.1', 'Ecosystem quality', 'Marine acidification, short term')",qoiu9owtqlosd4yq40aht4mite6xb058,0.004717225919678634,OIL_Boiler,Operation
"('IMPACT World+ Midpoint 2.0.1', 'Midpoint', 'Photochemical oxidant formation')",qoiu9owtqlosd4yq40aht4mite6xb058,0.00013704476579589361,OIL_Boiler,Operation
"('IMPACT World+ Damage 2.0.1', 'Human health', 'Photochemical oxidant formation')",qoiu9owtqlosd4yq40aht4mite6xb058,5.3207563308934215e-12,OIL_Boiler,Operation
"('IMPACT World+ Midpoint 2.0.1', 'Midpoint', 'Freshwater ecotoxicity')",qoiu9owtqlosd4yq40aht4mite6xb058,2.5967182697249247,OIL_Boiler,Operation
"('IMPACT World+ Damage 2.0.1', 'Ecosystem quality', 'Freshwater ecotoxicity, short term')",qoiu9owtqlosd4yq40aht4mite6xb058,9.692723601762928e-05,OIL_Boiler,Operation
"('IMPACT World+ Midpoint 2.0.1', 'Midpoint', 'Human toxicity cancer')",qoiu9owtqlosd4yq40aht4mite6xb058,8.64599797796833e-10,OIL_Boiler,Operation
"('IMPACT World+ Damage 2.0.1', 'Human health', 'Human toxicity cancer, short term')",qoiu9owtqlosd4yq40aht4mite6xb058,9.613506613616558e-09,OIL_Boiler,Operation
"('IMPACT World+ Midpoint 2.0.1', 'Midpoint', 'Human toxicity non-cancer')",qoiu9owtqlosd4yq40aht4mite6xb058,5.320764855113632e-09,OIL_Boiler,Operation
"('IMPACT World+ Damage 2.0.1', 'Human health', 'Human toxicity non-cancer, short term')",qoiu9owtqlosd4yq40aht4mite6xb058,4.5768692006047235e-09,OIL_Boiler,Operation
"('IMPACT World+ Damage 2.0.1', 'Ecosystem quality', 'Freshwater ecotoxicity, long term')",qoiu9owtqlosd4yq40aht4mite6xb058,0.0013535576347479272,OIL_Boiler,Operation
"('IMPACT World+ Damage 2.0.1', 'Human health', 'Human toxicity cancer, long term')",qoiu9owtqlosd4yq40aht4mite6xb058,3.2939098468899486e-10,OIL_Boiler,Operation
"('IMPACT World+ Damage 2.0.1', 'Human health', 'Human toxicity non-cancer, long term')",qoiu9owtqlosd4yq40aht4mite6xb058,9.789196058813257e-09,OIL_Boiler,Operation
"('IMPACT World+ Midpoint 2.0.1', 'Midpoint', 'Marine eutrophication')",qoiu9owtqlosd4yq40aht4mite6xb058,3.921773866316681e-06,OIL_Boiler,Operation
"('IMPACT World+ Damage 2.0.1', 'Ecosystem quality', 'Marine eutrophication')",qoiu9owtqlosd4yq40aht4mite6xb058,3.431552123742031e-05,OIL_Boiler,Operation
"('IMPACT World+ Midpoint 2.0.1', 'Midpoint', 'Ozone layer depletion')",qoiu9owtqlosd4yq40aht4mite6xb058,1.8179521900759292e-10,OIL_Boiler,Operation
"('IMPACT World+ Damage 2.0.1', 'Human health', 'Ozone layer depletion')",qoiu9owtqlosd4yq40aht4mite6xb058,4.3558514190916295e-13,OIL_Boiler,Operation
"('IMPACT World+ Midpoint 2.0.1', 'Midpoint', 'Fossil and nuclear energy use')",qoiu9owtqlosd4yq40aht4mite6xb058,0.07312945402741786,OIL_Boiler,Operation
"('IMPACT World+ Midpoint 2.0.1', 'Midpoint', 'Mineral resources use')",qoiu9owtqlosd4yq40aht4mite6xb058,0.0006846239517937122,OIL_Boiler,Operation
"('IMPACT World+ Midpoint 2.0.1', 'Midpoint', 'Freshwater acidification')",qoiu9owtqlosd4yq40aht4mite6xb058,0.00024388552594446002,OIL_Boiler,Operation
"('IMPACT World+ Damage 2.0.1', 'Ecosystem quality', 'Freshwater acidification')",qoiu9owtqlosd4yq40aht4mite6xb058,0.0005676619317968075,OIL_Boiler,Operation
"('IMPACT World+ Midpoint 2.0.1', 'Midpoint', 'Particulate matter formation')",qoiu9owtqlosd4yq40aht4mite6xb058,1.842621399142554e-05,OIL_Boiler,Operation
"('IMPACT World+ Damage 2.0.1', 'Human health', 'Particulate matter formation')",qoiu9owtqlosd4yq40aht4mite6xb058,2.2111456849915802e-08,OIL_Boiler,Operation
"('IMPACT World+ Midpoint 2.0.1', 'Midpoint', 'Terrestrial acidification')",qoiu9owtqlosd4yq40aht4mite6xb058,0.000250784908049606,OIL_Boiler,Operation
"('IMPACT World+ Damage 2.0.1', 'Ecosystem quality', 'Terrestrial acidification')",qoiu9owtqlosd4yq40aht4mite6xb058,0.0035920681151575505,OIL_Boiler,Operation
"('IMPACT World+ Midpoint 2.0.1', 'Midpoint', 'Freshwater eutrophication')",qoiu9owtqlosd4yq40aht4mite6xb058,1.0211884375116487e-07,OIL_Boiler,Operation
"('IMPACT World+ Damage 2.0.1', 'Ecosystem quality', 'Freshwater eutrophication')",qoiu9owtqlosd4yq40aht4mite6xb058,3.6999322685552233e-07,OIL_Boiler,Operation
"('IMPACT World+ Damage 2.0.1', 'Ecosystem quality', 'Ionizing radiation, ecosystem quality')",qoiu9owtqlosd4yq40aht4mite6xb058,4.894479527023491e-12,OIL_Boiler,Operation
"('IMPACT World+ Damage 2.0.1', 'Human health', 'Ionizing radiation, human health')",qoiu9owtqlosd4yq40aht4mite6xb058,6.801538882172513e-11,OIL_Boiler,Operation
"('IMPACT World+ Midpoint 2.0.1', 'Midpoint', 'Ionizing radiations')",qoiu9owtqlosd4yq40aht4mite6xb058,0.32388281226922905,OIL_Boiler,Operation
"('IMPACT World+ Midpoint 2.0.1', 'Midpoint', 'Land occupation, biodiversity')",qoiu9owtqlosd4yq40aht4mite6xb058,0.00014026340444508916,OIL_Boiler,Operation
"('IMPACT World+ Damage 2.0.1', 'Ecosystem quality', 'Land occupation, biodiversity')",qoiu9owtqlosd4yq40aht4mite6xb058,9.230854503782349e-05,OIL_Boiler,Operation
"('IMPACT World+ Midpoint 2.0.1', 'Midpoint', 'Land transformation, biodiversity')",qoiu9owtqlosd4yq40aht4mite6xb058,1.0091223716258662e-06,OIL_Boiler,Operation
"('IMPACT World+ Damage 2.0.1', 'Ecosystem quality', 'Land transformation, biodiversity')",qoiu9owtqlosd4yq40aht4mite6xb058,0.00016061865956917354,OIL_Boiler,Operation
"('IMPACT World+ Damage 2.0.1', 'Ecosystem quality', 'Thermally polluted water')",qoiu9owtqlosd4yq40aht4mite6xb058,1.4357541148854727e-08,OIL_Boiler,Operation
"('IMPACT World+ Damage 2.0.1', 'Ecosystem quality', 'Water availability, freshwater ecosystem')",qoiu9owtqlosd4yq40aht4mite6xb058,5.484407668413015e-08,OIL_Boiler,Operation
"('IMPACT World+ Damage 2.0.1', 'Human health', 'Water availability, human health')",qoiu9owtqlosd4yq40aht4mite6xb058,2.0591875120798806e-08,OIL_Boiler,Operation
"('IMPACT World+ Midpoint 2.0.1', 'Midpoint', 'Water scarcity')",qoiu9owtqlosd4yq40aht4mite6xb058,0.007693489983476631,OIL_Boiler,Operation
"('IMPACT World+ Damage 2.0.1', 'Ecosystem quality', 'Water availability, terrestrial ecosystem')",qoiu9owtqlosd4yq40aht4mite6xb058,6.979383163972305e-08,OIL_Boiler,Operation
"('IMPACT World+ Damage 2.0.1', 'Human health', 'Total human health')",qoiu9owtqlosd4yq40aht4mite6xb058,1.1203117815481702e-06,OIL_Boiler,Operation
"('IMPACT World+ Damage 2.0.1', 'Ecosystem quality', 'Total ecosystem quality')",qoiu9owtqlosd4yq40aht4mite6xb058,0.28458628754194853,OIL_Boiler,Operation
"('IMPACT World+ Damage 2.0.1', 'Ecosystem quality', 'Climate change, ecosystem quality, long term')",wcihb3zb8133dgayu1gew9ih0z8kr9fv,0.0034173994509036423,WOOD_Stove,Operation
"('IMPACT World+ Damage 2.0.1', 'Ecosystem quality', 'Climate change, ecosystem quality, short term')",wcihb3zb8133dgayu1gew9ih0z8kr9fv,0.010434982985743017,WOOD_Stove,Operation
"('IMPACT World+ Damage 2.0.1', 'Human health', 'Climate change, human health, long term')",wcihb3zb8133dgayu1gew9ih0z8kr9fv,1.4974856674587618e-08,WOOD_Stove,Operation
"('IMPACT World+ Damage 2.0.1', 'Human health', 'Climate change, human health, short term')",wcihb3zb8133dgayu1gew9ih0z8kr9fv,4.836311082338532e-08,WOOD_Stove,Operation
"('IMPACT World+ Midpoint 2.0.1', 'Midpoint', 'Climate change, long term')",wcihb3zb8133dgayu1gew9ih0z8kr9fv,0.02111798730004321,WOOD_Stove,Operation
"('IMPACT World+ Midpoint 2.0.1', 'Midpoint', 'Climate change, short term')",wcihb3zb8133dgayu1gew9ih0z8kr9fv,0.0487984789440523,WOOD_Stove,Operation
"('IMPACT World+ Damage 2.0.1', 'Ecosystem quality', 'Marine acidification, long term')",wcihb3zb8133dgayu1gew9ih0z8kr9fv,6.414092528643257e-06,WOOD_Stove,Operation
"('IMPACT World+ Damage 2.0.1', 'Ecosystem quality', 'Marine acidification, short term')",wcihb3zb8133dgayu1gew9ih0z8kr9fv,6.965711689114348e-07,WOOD_Stove,Operation
"('IMPACT World+ Midpoint 2.0.1', 'Midpoint', 'Photochemical oxidant formation')",wcihb3zb8133dgayu1gew9ih0z8kr9fv,0.00464684881857877,WOOD_Stove,Operation
"('IMPACT World+ Damage 2.0.1', 'Human health', 'Photochemical oxidant formation')",wcihb3zb8133dgayu1gew9ih0z8kr9fv,1.854988017823351e-10,WOOD_Stove,Operation
"('IMPACT World+ Midpoint 2.0.1', 'Midpoint', 'Freshwater ecotoxicity')",wcihb3zb8133dgayu1gew9ih0z8kr9fv,126.9315184373637,WOOD_Stove,Operation
"('IMPACT World+ Damage 2.0.1', 'Ecosystem quality', 'Freshwater ecotoxicity, short term')",wcihb3zb8133dgayu1gew9ih0z8kr9fv,5.474849197406093e-05,WOOD_Stove,Operation
"('IMPACT World+ Midpoint 2.0.1', 'Midpoint', 'Human toxicity cancer')",wcihb3zb8133dgayu1gew9ih0z8kr9fv,1.8925790635577565e-10,WOOD_Stove,Operation
"('IMPACT World+ Damage 2.0.1', 'Human health', 'Human toxicity cancer, short term')",wcihb3zb8133dgayu1gew9ih0z8kr9fv,1.4017029227326832e-09,WOOD_Stove,Operation
"('IMPACT World+ Midpoint 2.0.1', 'Midpoint', 'Human toxicity non-cancer')",wcihb3zb8133dgayu1gew9ih0z8kr9fv,2.2996322284724414e-08,WOOD_Stove,Operation
"('IMPACT World+ Damage 2.0.1', 'Human health', 'Human toxicity non-cancer, short term')",wcihb3zb8133dgayu1gew9ih0z8kr9fv,2.8105142014540702e-08,WOOD_Stove,Operation
"('IMPACT World+ Damage 2.0.1', 'Ecosystem quality', 'Freshwater ecotoxicity, long term')",wcihb3zb8133dgayu1gew9ih0z8kr9fv,0.07599559473763626,WOOD_Stove,Operation
"('IMPACT World+ Damage 2.0.1', 'Human health', 'Human toxicity cancer, long term')",wcihb3zb8133dgayu1gew9ih0z8kr9fv,7.747629968188619e-10,WOOD_Stove,Operation
"('IMPACT World+ Damage 2.0.1', 'Human health', 'Human toxicity non-cancer, long term')",wcihb3zb8133dgayu1gew9ih0z8kr9fv,3.398492933550826e-08,WOOD_Stove,Operation
"('IMPACT World+ Midpoint 2.0.1', 'Midpoint', 'Marine eutrophication')",wcihb3zb8133dgayu1gew9ih0z8kr9fv,2.1506617096772083e-05,WOOD_Stove,Operation
"('IMPACT World+ Damage 2.0.1', 'Ecosystem quality', 'Marine eutrophication')",wcihb3zb8133dgayu1gew9ih0z8kr9fv,0.0001881828990833041,WOOD_Stove,Operation
"('IMPACT World+ Midpoint 2.0.1', 'Midpoint', 'Ozone layer depletion')",wcihb3zb8133dgayu1gew9ih0z8kr9fv,1.1659691136334289e-11,WOOD_Stove,Operation
"('IMPACT World+ Damage 2.0.1', 'Human health', 'Ozone layer depletion')",wcihb3zb8133dgayu1gew9ih0z8kr9fv,2.3539164674032547e-14,WOOD_Stove,Operation
"('IMPACT World+ Midpoint 2.0.1', 'Midpoint', 'Fossil and nuclear energy use')",wcihb3zb8133dgayu1gew9ih0z8kr9fv,0.0008892864414433874,WOOD_Stove,Operation
"('IMPACT World+ Midpoint 2.0.1', 'Midpoint', 'Mineral resources use')",wcihb3zb8133dgayu1gew9ih0z8kr9fv,2.7355298209157774e-06,WOOD_Stove,Operation
"('IMPACT World+ Midpoint 2.0.1', 'Midpoint', 'Freshwater acidification')",wcihb3zb8133dgayu1gew9ih0z8kr9fv,0.00025321852911152005,WOOD_Stove,Operation
"('IMPACT World+ Damage 2.0.1', 'Ecosystem quality', 'Freshwater acidification')",wcihb3zb8133dgayu1gew9ih0z8kr9fv,0.0005267841464319827,WOOD_Stove,Operation
"('IMPACT World+ Midpoint 2.0.1', 'Midpoint', 'Particulate matter formation')",wcihb3zb8133dgayu1gew9ih0z8kr9fv,0.001090231538613205,WOOD_Stove,Operation
"('IMPACT World+ Damage 2.0.1', 'Human health', 'Particulate matter formation')",wcihb3zb8133dgayu1gew9ih0z8kr9fv,1.3082779385171528e-06,WOOD_Stove,Operation
"('IMPACT World+ Midpoint 2.0.1', 'Midpoint', 'Terrestrial acidification')",wcihb3zb8133dgayu1gew9ih0z8kr9fv,0.0002980559892351409,WOOD_Stove,Operation
"('IMPACT World+ Damage 2.0.1', 'Ecosystem quality', 'Terrestrial acidification')",wcihb3zb8133dgayu1gew9ih0z8kr9fv,0.004331136050329604,WOOD_Stove,Operation
"('IMPACT World+ Midpoint 2.0.1', 'Midpoint', 'Freshwater eutrophication')",wcihb3zb8133dgayu1gew9ih0z8kr9fv,1.1213546356191916e-08,WOOD_Stove,Operation
"('IMPACT World+ Damage 2.0.1', 'Ecosystem quality', 'Freshwater eutrophication')",wcihb3zb8133dgayu1gew9ih0z8kr9fv,4.0628507814657996e-08,WOOD_Stove,Operation
"('IMPACT World+ Damage 2.0.1', 'Ecosystem quality', 'Ionizing radiation, ecosystem quality')",wcihb3zb8133dgayu1gew9ih0z8kr9fv,1.3563969603001644e-14,WOOD_Stove,Operation
"('IMPACT World+ Damage 2.0.1', 'Human health', 'Ionizing radiation, human health')",wcihb3zb8133dgayu1gew9ih0z8kr9fv,9.695644839003907e-14,WOOD_Stove,Operation
"('IMPACT World+ Midpoint 2.0.1', 'Midpoint', 'Ionizing radiations')",wcihb3zb8133dgayu1gew9ih0z8kr9fv,0.0004616973833252659,WOOD_Stove,Operation
"('IMPACT World+ Midpoint 2.0.1', 'Midpoint', 'Land occupation, biodiversity')",wcihb3zb8133dgayu1gew9ih0z8kr9fv,4.892894004463447e-06,WOOD_Stove,Operation
"('IMPACT World+ Damage 2.0.1', 'Ecosystem quality', 'Land occupation, biodiversity')",wcihb3zb8133dgayu1gew9ih0z8kr9fv,3.2200564698901324e-06,WOOD_Stove,Operation
"('IMPACT World+ Midpoint 2.0.1', 'Midpoint', 'Land transformation, biodiversity')",wcihb3zb8133dgayu1gew9ih0z8kr9fv,3.627702813341478e-08,WOOD_Stove,Operation
"('IMPACT World+ Damage 2.0.1', 'Ecosystem quality', 'Land transformation, biodiversity')",wcihb3zb8133dgayu1gew9ih0z8kr9fv,5.774094350934952e-06,WOOD_Stove,Operation
"('IMPACT World+ Damage 2.0.1', 'Ecosystem quality', 'Thermally polluted water')",wcihb3zb8133dgayu1gew9ih0z8kr9fv,3.039541299380597e-11,WOOD_Stove,Operation
"('IMPACT World+ Damage 2.0.1', 'Ecosystem quality', 'Water availability, freshwater ecosystem')",wcihb3zb8133dgayu1gew9ih0z8kr9fv,2.0759927851629302e-10,WOOD_Stove,Operation
"('IMPACT World+ Damage 2.0.1', 'Human health', 'Water availability, human health')",wcihb3zb8133dgayu1gew9ih0z8kr9fv,7.69740514609566e-11,WOOD_Stove,Operation
"('IMPACT World+ Midpoint 2.0.1', 'Midpoint', 'Water scarcity')",wcihb3zb8133dgayu1gew9ih0z8kr9fv,2.9121886380623943e-05,WOOD_Stove,Operation
"('IMPACT World+ Damage 2.0.1', 'Ecosystem quality', 'Water availability, terrestrial ecosystem')",wcihb3zb8133dgayu1gew9ih0z8kr9fv,4.894231553938044e-10,WOOD_Stove,Operation
"('IMPACT World+ Damage 2.0.1', 'Human health', 'Total human health')",wcihb3zb8133dgayu1gew9ih0z8kr9fv,1.4361450339496898e-06,WOOD_Stove,Operation
"('IMPACT World+ Damage 2.0.1', 'Ecosystem quality', 'Total ecosystem quality')",wcihb3zb8133dgayu1gew9ih0z8kr9fv,0.09496497467604144,WOOD_Stove,Operation
"('IMPACT World+ Damage 2.0.1', 'Ecosystem quality', 'Climate change, ecosystem quality, long term')",saj2gpj2gp2wmw7rszcfd5bqc3yimefi,0.0004161610351997444,HeatPump_Air,Operation
"('IMPACT World+ Damage 2.0.1', 'Ecosystem quality', 'Climate change, ecosystem quality, short term')",saj2gpj2gp2wmw7rszcfd5bqc3yimefi,0.003987557635400257,HeatPump_Air,Operation
"('IMPACT World+ Damage 2.0.1', 'Human health', 'Climate change, human health, long term')",saj2gpj2gp2wmw7rszcfd5bqc3yimefi,1.6668821698775505e-09,HeatPump_Air,Operation
"('IMPACT World+ Damage 2.0.1', 'Human health', 'Climate change, human health, short term')",saj2gpj2gp2wmw7rszcfd5bqc3yimefi,1.8482264403489635e-08,HeatPump_Air,Operation
"('IMPACT World+ Midpoint 2.0.1', 'Midpoint', 'Climate change, long term')",saj2gpj2gp2wmw7rszcfd5bqc3yimefi,0.004582656151091981,HeatPump_Air,Operation
"('IMPACT World+ Midpoint 2.0.1', 'Midpoint', 'Climate change, short term')",saj2gpj2gp2wmw7rszcfd5bqc3yimefi,0.022267548349146758,HeatPump_Air,Operation
"('IMPACT World+ Damage 2.0.1', 'Ecosystem quality', 'Marine acidification, long term')",saj2gpj2gp2wmw7rszcfd5bqc3yimefi,1.287526477730172e-05,HeatPump_Air,Operation
"('IMPACT World+ Damage 2.0.1', 'Ecosystem quality', 'Marine acidification, short term')",saj2gpj2gp2wmw7rszcfd5bqc3yimefi,1.3985504703992648e-06,HeatPump_Air,Operation
"('IMPACT World+ Midpoint 2.0.1', 'Midpoint', 'Photochemical oxidant formation')",saj2gpj2gp2wmw7rszcfd5bqc3yimefi,5.332449001729916e-07,HeatPump_Air,Operation
"('IMPACT World+ Damage 2.0.1', 'Human health', 'Photochemical oxidant formation')",saj2gpj2gp2wmw7rszcfd5bqc3yimefi,2.0633839232152512e-14,HeatPump_Air,Operation
"('IMPACT World+ Midpoint 2.0.1', 'Midpoint', 'Freshwater ecotoxicity')",saj2gpj2gp2wmw7rszcfd5bqc3yimefi,0.0192787652512991,HeatPump_Air,Operation
"('IMPACT World+ Damage 2.0.1', 'Ecosystem quality', 'Freshwater ecotoxicity, short term')",saj2gpj2gp2wmw7rszcfd5bqc3yimefi,1.784459898372473e-06,HeatPump_Air,Operation
"('IMPACT World+ Midpoint 2.0.1', 'Midpoint', 'Human toxicity cancer')",saj2gpj2gp2wmw7rszcfd5bqc3yimefi,2.0425283092153543e-12,HeatPump_Air,Operation
"('IMPACT World+ Damage 2.0.1', 'Human health', 'Human toxicity cancer, short term')",saj2gpj2gp2wmw7rszcfd5bqc3yimefi,2.215719537762374e-11,HeatPump_Air,Operation
"('IMPACT World+ Midpoint 2.0.1', 'Midpoint', 'Human toxicity non-cancer')",saj2gpj2gp2wmw7rszcfd5bqc3yimefi,2.5254465201634518e-11,HeatPump_Air,Operation
"('IMPACT World+ Damage 2.0.1', 'Human health', 'Human toxicity non-cancer, short term')",saj2gpj2gp2wmw7rszcfd5bqc3yimefi,2.6994098796104486e-11,HeatPump_Air,Operation
"('IMPACT World+ Damage 2.0.1', 'Ecosystem quality', 'Freshwater ecotoxicity, long term')",saj2gpj2gp2wmw7rszcfd5bqc3yimefi,8.973407804104362e-06,HeatPump_Air,Operation
"('IMPACT World+ Damage 2.0.1', 'Human health', 'Human toxicity cancer, long term')",saj2gpj2gp2wmw7rszcfd5bqc3yimefi,1.3318801003997472e-12,HeatPump_Air,Operation
"('IMPACT World+ Damage 2.0.1', 'Human health', 'Human toxicity non-cancer, long term')",saj2gpj2gp2wmw7rszcfd5bqc3yimefi,4.119295820850711e-11,HeatPump_Air,Operation
"('IMPACT World+ Midpoint 2.0.1', 'Midpoint', 'Marine eutrophication')",saj2gpj2gp2wmw7rszcfd5bqc3yimefi,2.6283104826451292e-08,HeatPump_Air,Operation
"('IMPACT World+ Damage 2.0.1', 'Ecosystem quality', 'Marine eutrophication')",saj2gpj2gp2wmw7rszcfd5bqc3yimefi,2.2997717206345165e-07,HeatPump_Air,Operation
"('IMPACT World+ Midpoint 2.0.1', 'Midpoint', 'Ozone layer depletion')",saj2gpj2gp2wmw7rszcfd5bqc3yimefi,1.2061471108412595e-08,HeatPump_Air,Operation
"('IMPACT World+ Damage 2.0.1', 'Human health', 'Ozone layer depletion')",saj2gpj2gp2wmw7rszcfd5bqc3yimefi,2.5143510284327157e-11,HeatPump_Air,Operation
"('IMPACT World+ Midpoint 2.0.1', 'Midpoint', 'Fossil and nuclear energy use')",saj2gpj2gp2wmw7rszcfd5bqc3yimefi,0.001512282683958288,HeatPump_Air,Operation
"('IMPACT World+ Midpoint 2.0.1', 'Midpoint', 'Mineral resources use')",saj2gpj2gp2wmw7rszcfd5bqc3yimefi,2.1469206053563085e-05,HeatPump_Air,Operation
"('IMPACT World+ Midpoint 2.0.1', 'Midpoint', 'Freshwater acidification')",saj2gpj2gp2wmw7rszcfd5bqc3yimefi,5.913708333210335e-07,HeatPump_Air,Operation
"('IMPACT World+ Damage 2.0.1', 'Ecosystem quality', 'Freshwater acidification')",saj2gpj2gp2wmw7rszcfd5bqc3yimefi,1.3783922850078398e-06,HeatPump_Air,Operation
"('IMPACT World+ Midpoint 2.0.1', 'Midpoint', 'Particulate matter formation')",saj2gpj2gp2wmw7rszcfd5bqc3yimefi,6.903154247188743e-08,HeatPump_Air,Operation
"('IMPACT World+ Damage 2.0.1', 'Human health', 'Particulate matter formation')",saj2gpj2gp2wmw7rszcfd5bqc3yimefi,8.283785279203962e-11,HeatPump_Air,Operation
"('IMPACT World+ Midpoint 2.0.1', 'Midpoint', 'Terrestrial acidification')",saj2gpj2gp2wmw7rszcfd5bqc3yimefi,6.096536643668148e-07,HeatPump_Air,Operation
"('IMPACT World+ Damage 2.0.1', 'Ecosystem quality', 'Terrestrial acidification')",saj2gpj2gp2wmw7rszcfd5bqc3yimefi,8.729793519527927e-06,HeatPump_Air,Operation
"('IMPACT World+ Midpoint 2.0.1', 'Midpoint', 'Freshwater eutrophication')",saj2gpj2gp2wmw7rszcfd5bqc3yimefi,1.5387049534670425e-09,HeatPump_Air,Operation
"('IMPACT World+ Damage 2.0.1', 'Ecosystem quality', 'Freshwater eutrophication')",saj2gpj2gp2wmw7rszcfd5bqc3yimefi,5.574979057169934e-09,HeatPump_Air,Operation
"('IMPACT World+ Damage 2.0.1', 'Ecosystem quality', 'Ionizing radiation, ecosystem quality')",saj2gpj2gp2wmw7rszcfd5bqc3yimefi,1.203953139037833e-14,HeatPump_Air,Operation
"('IMPACT World+ Damage 2.0.1', 'Human health', 'Ionizing radiation, human health')",saj2gpj2gp2wmw7rszcfd5bqc3yimefi,1.7084503618156805e-13,HeatPump_Air,Operation
"('IMPACT World+ Midpoint 2.0.1', 'Midpoint', 'Ionizing radiations')",saj2gpj2gp2wmw7rszcfd5bqc3yimefi,0.0008135478125541106,HeatPump_Air,Operation
"('IMPACT World+ Midpoint 2.0.1', 'Midpoint', 'Land occupation, biodiversity')",saj2gpj2gp2wmw7rszcfd5bqc3yimefi,1.3729742564839104e-06,HeatPump_Air,Operation
"('IMPACT World+ Damage 2.0.1', 'Ecosystem quality', 'Land occupation, biodiversity')",saj2gpj2gp2wmw7rszcfd5bqc3yimefi,9.035662568287754e-07,HeatPump_Air,Operation
"('IMPACT World+ Midpoint 2.0.1', 'Midpoint', 'Land transformation, biodiversity')",saj2gpj2gp2wmw7rszcfd5bqc3yimefi,1.217376043260056e-08,HeatPump_Air,Operation
"('IMPACT World+ Damage 2.0.1', 'Ecosystem quality', 'Land transformation, biodiversity')",saj2gpj2gp2wmw7rszcfd5bqc3yimefi,1.9376570636518256e-06,HeatPump_Air,Operation
"('IMPACT World+ Damage 2.0.1', 'Ecosystem quality', 'Thermally polluted water')",saj2gpj2gp2wmw7rszcfd5bqc3yimefi,3.1238440988107506e-10,HeatPump_Air,Operation
"('IMPACT World+ Damage 2.0.1', 'Ecosystem quality', 'Water availability, freshwater ecosystem')",saj2gpj2gp2wmw7rszcfd5bqc3yimefi,5.54467423536303e-10,HeatPump_Air,Operation
"('IMPACT World+ Damage 2.0.1', 'Human health', 'Water availability, human health')",saj2gpj2gp2wmw7rszcfd5bqc3yimefi,1.9853206996456248e-10,HeatPump_Air,Operation
"('IMPACT World+ Midpoint 2.0.1', 'Midpoint', 'Water scarcity')",saj2gpj2gp2wmw7rszcfd5bqc3yimefi,7.77803151599546e-05,HeatPump_Air,Operation
"('IMPACT World+ Damage 2.0.1', 'Ecosystem quality', 'Water availability, terrestrial ecosystem')",saj2gpj2gp2wmw7rszcfd5bqc3yimefi,1.6073235426266335e-09,HeatPump_Air,Operation
"('IMPACT World+ Damage 2.0.1', 'Human health', 'Total human health')",saj2gpj2gp2wmw7rszcfd5bqc3yimefi,2.05475276878666e-08,HeatPump_Air,Operation
"('IMPACT World+ Damage 2.0.1', 'Ecosystem quality', 'Total ecosystem quality')",saj2gpj2gp2wmw7rszcfd5bqc3yimefi,0.0044419376232182,HeatPump_Air,Operation
"('IMPACT World+ Damage 2.0.1', 'Ecosystem quality', 'Climate change, ecosystem quality, long term')",0h2n14rhnwy0sx8l17n2k0un623a20u3,0.0004161610351997444,HeatPump_Lake,Operation
"('IMPACT World+ Damage 2.0.1', 'Ecosystem quality', 'Climate change, ecosystem quality, short term')",0h2n14rhnwy0sx8l17n2k0un623a20u3,0.003987557635400257,HeatPump_Lake,Operation
"('IMPACT World+ Damage 2.0.1', 'Human health', 'Climate change, human health, long term')",0h2n14rhnwy0sx8l17n2k0un623a20u3,1.6668821698775505e-09,HeatPump_Lake,Operation
"('IMPACT World+ Damage 2.0.1', 'Human health', 'Climate change, human health, short term')",0h2n14rhnwy0sx8l17n2k0un623a20u3,1.8482264403489635e-08,HeatPump_Lake,Operation
"('IMPACT World+ Midpoint 2.0.1', 'Midpoint', 'Climate change, long term')",0h2n14rhnwy0sx8l17n2k0un623a20u3,0.004582656151091981,HeatPump_Lake,Operation
"('IMPACT World+ Midpoint 2.0.1', 'Midpoint', 'Climate change, short term')",0h2n14rhnwy0sx8l17n2k0un623a20u3,0.022267548349146758,HeatPump_Lake,Operation
"('IMPACT World+ Damage 2.0.1', 'Ecosystem quality', 'Marine acidification, long term')",0h2n14rhnwy0sx8l17n2k0un623a20u3,1.287526477730172e-05,HeatPump_Lake,Operation
"('IMPACT World+ Damage 2.0.1', 'Ecosystem quality', 'Marine acidification, short term')",0h2n14rhnwy0sx8l17n2k0un623a20u3,1.3985504703992648e-06,HeatPump_Lake,Operation
"('IMPACT World+ Midpoint 2.0.1', 'Midpoint', 'Photochemical oxidant formation')",0h2n14rhnwy0sx8l17n2k0un623a20u3,5.332449001729916e-07,HeatPump_Lake,Operation
"('IMPACT World+ Damage 2.0.1', 'Human health', 'Photochemical oxidant formation')",0h2n14rhnwy0sx8l17n2k0un623a20u3,2.0633839232152512e-14,HeatPump_Lake,Operation
"('IMPACT World+ Midpoint 2.0.1', 'Midpoint', 'Freshwater ecotoxicity')",0h2n14rhnwy0sx8l17n2k0un623a20u3,0.0192787652512991,HeatPump_Lake,Operation
"('IMPACT World+ Damage 2.0.1', 'Ecosystem quality', 'Freshwater ecotoxicity, short term')",0h2n14rhnwy0sx8l17n2k0un623a20u3,1.784459898372473e-06,HeatPump_Lake,Operation
"('IMPACT World+ Midpoint 2.0.1', 'Midpoint', 'Human toxicity cancer')",0h2n14rhnwy0sx8l17n2k0un623a20u3,2.0425283092153543e-12,HeatPump_Lake,Operation
"('IMPACT World+ Damage 2.0.1', 'Human health', 'Human toxicity cancer, short term')",0h2n14rhnwy0sx8l17n2k0un623a20u3,2.215719537762374e-11,HeatPump_Lake,Operation
"('IMPACT World+ Midpoint 2.0.1', 'Midpoint', 'Human toxicity non-cancer')",0h2n14rhnwy0sx8l17n2k0un623a20u3,2.5254465201634518e-11,HeatPump_Lake,Operation
"('IMPACT World+ Damage 2.0.1', 'Human health', 'Human toxicity non-cancer, short term')",0h2n14rhnwy0sx8l17n2k0un623a20u3,2.6994098796104486e-11,HeatPump_Lake,Operation
"('IMPACT World+ Damage 2.0.1', 'Ecosystem quality', 'Freshwater ecotoxicity, long term')",0h2n14rhnwy0sx8l17n2k0un623a20u3,8.973407804104362e-06,HeatPump_Lake,Operation
"('IMPACT World+ Damage 2.0.1', 'Human health', 'Human toxicity cancer, long term')",0h2n14rhnwy0sx8l17n2k0un623a20u3,1.3318801003997472e-12,HeatPump_Lake,Operation
"('IMPACT World+ Damage 2.0.1', 'Human health', 'Human toxicity non-cancer, long term')",0h2n14rhnwy0sx8l17n2k0un623a20u3,4.119295820850711e-11,HeatPump_Lake,Operation
"('IMPACT World+ Midpoint 2.0.1', 'Midpoint', 'Marine eutrophication')",0h2n14rhnwy0sx8l17n2k0un623a20u3,2.6283104826451292e-08,HeatPump_Lake,Operation
"('IMPACT World+ Damage 2.0.1', 'Ecosystem quality', 'Marine eutrophication')",0h2n14rhnwy0sx8l17n2k0un623a20u3,2.2997717206345165e-07,HeatPump_Lake,Operation
"('IMPACT World+ Midpoint 2.0.1', 'Midpoint', 'Ozone layer depletion')",0h2n14rhnwy0sx8l17n2k0un623a20u3,1.2061471108412595e-08,HeatPump_Lake,Operation
"('IMPACT World+ Damage 2.0.1', 'Human health', 'Ozone layer depletion')",0h2n14rhnwy0sx8l17n2k0un623a20u3,2.5143510284327157e-11,HeatPump_Lake,Operation
"('IMPACT World+ Midpoint 2.0.1', 'Midpoint', 'Fossil and nuclear energy use')",0h2n14rhnwy0sx8l17n2k0un623a20u3,0.001512282683958288,HeatPump_Lake,Operation
"('IMPACT World+ Midpoint 2.0.1', 'Midpoint', 'Mineral resources use')",0h2n14rhnwy0sx8l17n2k0un623a20u3,2.1469206053563085e-05,HeatPump_Lake,Operation
"('IMPACT World+ Midpoint 2.0.1', 'Midpoint', 'Freshwater acidification')",0h2n14rhnwy0sx8l17n2k0un623a20u3,5.913708333210335e-07,HeatPump_Lake,Operation
"('IMPACT World+ Damage 2.0.1', 'Ecosystem quality', 'Freshwater acidification')",0h2n14rhnwy0sx8l17n2k0un623a20u3,1.3783922850078398e-06,HeatPump_Lake,Operation
"('IMPACT World+ Midpoint 2.0.1', 'Midpoint', 'Particulate matter formation')",0h2n14rhnwy0sx8l17n2k0un623a20u3,6.903154247188743e-08,HeatPump_Lake,Operation
"('IMPACT World+ Damage 2.0.1', 'Human health', 'Particulate matter formation')",0h2n14rhnwy0sx8l17n2k0un623a20u3,8.283785279203962e-11,HeatPump_Lake,Operation
"('IMPACT World+ Midpoint 2.0.1', 'Midpoint', 'Terrestrial acidification')",0h2n14rhnwy0sx8l17n2k0un623a20u3,6.096536643668148e-07,HeatPump_Lake,Operation
"('IMPACT World+ Damage 2.0.1', 'Ecosystem quality', 'Terrestrial acidification')",0h2n14rhnwy0sx8l17n2k0un623a20u3,8.729793519527927e-06,HeatPump_Lake,Operation
"('IMPACT World+ Midpoint 2.0.1', 'Midpoint', 'Freshwater eutrophication')",0h2n14rhnwy0sx8l17n2k0un623a20u3,1.5387049534670425e-09,HeatPump_Lake,Operation
"('IMPACT World+ Damage 2.0.1', 'Ecosystem quality', 'Freshwater eutrophication')",0h2n14rhnwy0sx8l17n2k0un623a20u3,5.574979057169934e-09,HeatPump_Lake,Operation
"('IMPACT World+ Damage 2.0.1', 'Ecosystem quality', 'Ionizing radiation, ecosystem quality')",0h2n14rhnwy0sx8l17n2k0un623a20u3,1.203953139037833e-14,HeatPump_Lake,Operation
"('IMPACT World+ Damage 2.0.1', 'Human health', 'Ionizing radiation, human health')",0h2n14rhnwy0sx8l17n2k0un623a20u3,1.7084503618156805e-13,HeatPump_Lake,Operation
"('IMPACT World+ Midpoint 2.0.1', 'Midpoint', 'Ionizing radiations')",0h2n14rhnwy0sx8l17n2k0un623a20u3,0.0008135478125541106,HeatPump_Lake,Operation
"('IMPACT World+ Midpoint 2.0.1', 'Midpoint', 'Land occupation, biodiversity')",0h2n14rhnwy0sx8l17n2k0un623a20u3,1.3729742564839104e-06,HeatPump_Lake,Operation
"('IMPACT World+ Damage 2.0.1', 'Ecosystem quality', 'Land occupation, biodiversity')",0h2n14rhnwy0sx8l17n2k0un623a20u3,9.035662568287754e-07,HeatPump_Lake,Operation
"('IMPACT World+ Midpoint 2.0.1', 'Midpoint', 'Land transformation, biodiversity')",0h2n14rhnwy0sx8l17n2k0un623a20u3,1.217376043260056e-08,HeatPump_Lake,Operation
"('IMPACT World+ Damage 2.0.1', 'Ecosystem quality', 'Land transformation, biodiversity')",0h2n14rhnwy0sx8l17n2k0un623a20u3,1.9376570636518256e-06,HeatPump_Lake,Operation
"('IMPACT World+ Damage 2.0.1', 'Ecosystem quality', 'Thermally polluted water')",0h2n14rhnwy0sx8l17n2k0un623a20u3,3.1238440988107506e-10,HeatPump_Lake,Operation
"('IMPACT World+ Damage 2.0.1', 'Ecosystem quality', 'Water availability, freshwater ecosystem')",0h2n14rhnwy0sx8l17n2k0un623a20u3,5.54467423536303e-10,HeatPump_Lake,Operation
"('IMPACT World+ Damage 2.0.1', 'Human health', 'Water availability, human health')",0h2n14rhnwy0sx8l17n2k0un623a20u3,1.9853206996456248e-10,HeatPump_Lake,Operation
"('IMPACT World+ Midpoint 2.0.1', 'Midpoint', 'Water scarcity')",0h2n14rhnwy0sx8l17n2k0un623a20u3,7.77803151599546e-05,HeatPump_Lake,Operation
"('IMPACT World+ Damage 2.0.1', 'Ecosystem quality', 'Water availability, terrestrial ecosystem')",0h2n14rhnwy0sx8l17n2k0un623a20u3,1.6073235426266335e-09,HeatPump_Lake,Operation
"('IMPACT World+ Damage 2.0.1', 'Human health', 'Total human health')",0h2n14rhnwy0sx8l17n2k0un623a20u3,2.05475276878666e-08,HeatPump_Lake,Operation
"('IMPACT World+ Damage 2.0.1', 'Ecosystem quality', 'Total ecosystem quality')",0h2n14rhnwy0sx8l17n2k0un623a20u3,0.0044419376232182,HeatPump_Lake,Operation
"('IMPACT World+ Damage 2.0.1', 'Ecosystem quality', 'Climate change, ecosystem quality, long term')",wpc7krvrmcieyn2lei2j66cgas89d46t,0.0004161610351997444,HeatPump_Geothermal,Operation
"('IMPACT World+ Damage 2.0.1', 'Ecosystem quality', 'Climate change, ecosystem quality, short term')",wpc7krvrmcieyn2lei2j66cgas89d46t,0.003987557635400257,HeatPump_Geothermal,Operation
"('IMPACT World+ Damage 2.0.1', 'Human health', 'Climate change, human health, long term')",wpc7krvrmcieyn2lei2j66cgas89d46t,1.6668821698775505e-09,HeatPump_Geothermal,Operation
"('IMPACT World+ Damage 2.0.1', 'Human health', 'Climate change, human health, short term')",wpc7krvrmcieyn2lei2j66cgas89d46t,1.8482264403489635e-08,HeatPump_Geothermal,Operation
"('IMPACT World+ Midpoint 2.0.1', 'Midpoint', 'Climate change, long term')",wpc7krvrmcieyn2lei2j66cgas89d46t,0.004582656151091981,HeatPump_Geothermal,Operation
"('IMPACT World+ Midpoint 2.0.1', 'Midpoint', 'Climate change, short term')",wpc7krvrmcieyn2lei2j66cgas89d46t,0.022267548349146758,HeatPump_Geothermal,Operation
"('IMPACT World+ Damage 2.0.1', 'Ecosystem quality', 'Marine acidification, long term')",wpc7krvrmcieyn2lei2j66cgas89d46t,1.287526477730172e-05,HeatPump_Geothermal,Operation
"('IMPACT World+ Damage 2.0.1', 'Ecosystem quality', 'Marine acidification, short term')",wpc7krvrmcieyn2lei2j66cgas89d46t,1.3985504703992648e-06,HeatPump_Geothermal,Operation
"('IMPACT World+ Midpoint 2.0.1', 'Midpoint', 'Photochemical oxidant formation')",wpc7krvrmcieyn2lei2j66cgas89d46t,5.332449001729916e-07,HeatPump_Geothermal,Operation
"('IMPACT World+ Damage 2.0.1', 'Human health', 'Photochemical oxidant formation')",wpc7krvrmcieyn2lei2j66cgas89d46t,2.0633839232152512e-14,HeatPump_Geothermal,Operation
"('IMPACT World+ Midpoint 2.0.1', 'Midpoint', 'Freshwater ecotoxicity')",wpc7krvrmcieyn2lei2j66cgas89d46t,0.0192787652512991,HeatPump_Geothermal,Operation
"('IMPACT World+ Damage 2.0.1', 'Ecosystem quality', 'Freshwater ecotoxicity, short term')",wpc7krvrmcieyn2lei2j66cgas89d46t,1.784459898372473e-06,HeatPump_Geothermal,Operation
"('IMPACT World+ Midpoint 2.0.1', 'Midpoint', 'Human toxicity cancer')",wpc7krvrmcieyn2lei2j66cgas89d46t,2.0425283092153543e-12,HeatPump_Geothermal,Operation
"('IMPACT World+ Damage 2.0.1', 'Human health', 'Human toxicity cancer, short term')",wpc7krvrmcieyn2lei2j66cgas89d46t,2.215719537762374e-11,HeatPump_Geothermal,Operation
"('IMPACT World+ Midpoint 2.0.1', 'Midpoint', 'Human toxicity non-cancer')",wpc7krvrmcieyn2lei2j66cgas89d46t,2.5254465201634518e-11,HeatPump_Geothermal,Operation
"('IMPACT World+ Damage 2.0.1', 'Human health', 'Human toxicity non-cancer, short term')",wpc7krvrmcieyn2lei2j66cgas89d46t,2.6994098796104486e-11,HeatPump_Geothermal,Operation
"('IMPACT World+ Damage 2.0.1', 'Ecosystem quality', 'Freshwater ecotoxicity, long term')",wpc7krvrmcieyn2lei2j66cgas89d46t,8.973407804104362e-06,HeatPump_Geothermal,Operation
"('IMPACT World+ Damage 2.0.1', 'Human health', 'Human toxicity cancer, long term')",wpc7krvrmcieyn2lei2j66cgas89d46t,1.3318801003997472e-12,HeatPump_Geothermal,Operation
"('IMPACT World+ Damage 2.0.1', 'Human health', 'Human toxicity non-cancer, long term')",wpc7krvrmcieyn2lei2j66cgas89d46t,4.119295820850711e-11,HeatPump_Geothermal,Operation
"('IMPACT World+ Midpoint 2.0.1', 'Midpoint', 'Marine eutrophication')",wpc7krvrmcieyn2lei2j66cgas89d46t,2.6283104826451292e-08,HeatPump_Geothermal,Operation
"('IMPACT World+ Damage 2.0.1', 'Ecosystem quality', 'Marine eutrophication')",wpc7krvrmcieyn2lei2j66cgas89d46t,2.2997717206345165e-07,HeatPump_Geothermal,Operation
"('IMPACT World+ Midpoint 2.0.1', 'Midpoint', 'Ozone layer depletion')",wpc7krvrmcieyn2lei2j66cgas89d46t,1.2061471108412595e-08,HeatPump_Geothermal,Operation
"('IMPACT World+ Damage 2.0.1', 'Human health', 'Ozone layer depletion')",wpc7krvrmcieyn2lei2j66cgas89d46t,2.5143510284327157e-11,HeatPump_Geothermal,Operation
"('IMPACT World+ Midpoint 2.0.1', 'Midpoint', 'Fossil and nuclear energy use')",wpc7krvrmcieyn2lei2j66cgas89d46t,0.001512282683958288,HeatPump_Geothermal,Operation
"('IMPACT World+ Midpoint 2.0.1', 'Midpoint', 'Mineral resources use')",wpc7krvrmcieyn2lei2j66cgas89d46t,2.1469206053563085e-05,HeatPump_Geothermal,Operation
"('IMPACT World+ Midpoint 2.0.1', 'Midpoint', 'Freshwater acidification')",wpc7krvrmcieyn2lei2j66cgas89d46t,5.913708333210335e-07,HeatPump_Geothermal,Operation
"('IMPACT World+ Damage 2.0.1', 'Ecosystem quality', 'Freshwater acidification')",wpc7krvrmcieyn2lei2j66cgas89d46t,1.3783922850078398e-06,HeatPump_Geothermal,Operation
"('IMPACT World+ Midpoint 2.0.1', 'Midpoint', 'Particulate matter formation')",wpc7krvrmcieyn2lei2j66cgas89d46t,6.903154247188743e-08,HeatPump_Geothermal,Operation
"('IMPACT World+ Damage 2.0.1', 'Human health', 'Particulate matter formation')",wpc7krvrmcieyn2lei2j66cgas89d46t,8.283785279203962e-11,HeatPump_Geothermal,Operation
"('IMPACT World+ Midpoint 2.0.1', 'Midpoint', 'Terrestrial acidification')",wpc7krvrmcieyn2lei2j66cgas89d46t,6.096536643668148e-07,HeatPump_Geothermal,Operation
"('IMPACT World+ Damage 2.0.1', 'Ecosystem quality', 'Terrestrial acidification')",wpc7krvrmcieyn2lei2j66cgas89d46t,8.729793519527927e-06,HeatPump_Geothermal,Operation
"('IMPACT World+ Midpoint 2.0.1', 'Midpoint', 'Freshwater eutrophication')",wpc7krvrmcieyn2lei2j66cgas89d46t,1.5387049534670425e-09,HeatPump_Geothermal,Operation
"('IMPACT World+ Damage 2.0.1', 'Ecosystem quality', 'Freshwater eutrophication')",wpc7krvrmcieyn2lei2j66cgas89d46t,5.574979057169934e-09,HeatPump_Geothermal,Operation
"('IMPACT World+ Damage 2.0.1', 'Ecosystem quality', 'Ionizing radiation, ecosystem quality')",wpc7krvrmcieyn2lei2j66cgas89d46t,1.203953139037833e-14,HeatPump_Geothermal,Operation
"('IMPACT World+ Damage 2.0.1', 'Human health', 'Ionizing radiation, human health')",wpc7krvrmcieyn2lei2j66cgas89d46t,1.7084503618156805e-13,HeatPump_Geothermal,Operation
"('IMPACT World+ Midpoint 2.0.1', 'Midpoint', 'Ionizing radiations')",wpc7krvrmcieyn2lei2j66cgas89d46t,0.0008135478125541106,HeatPump_Geothermal,Operation
"('IMPACT World+ Midpoint 2.0.1', 'Midpoint', 'Land occupation, biodiversity')",wpc7krvrmcieyn2lei2j66cgas89d46t,1.3729742564839104e-06,HeatPump_Geothermal,Operation
"('IMPACT World+ Damage 2.0.1', 'Ecosystem quality', 'Land occupation, biodiversity')",wpc7krvrmcieyn2lei2j66cgas89d46t,9.035662568287754e-07,HeatPump_Geothermal,Operation
"('IMPACT World+ Midpoint 2.0.1', 'Midpoint', 'Land transformation, biodiversity')",wpc7krvrmcieyn2lei2j66cgas89d46t,1.217376043260056e-08,HeatPump_Geothermal,Operation
"('IMPACT World+ Damage 2.0.1', 'Ecosystem quality', 'Land transformation, biodiversity')",wpc7krvrmcieyn2lei2j66cgas89d46t,1.9376570636518256e-06,HeatPump_Geothermal,Operation
"('IMPACT World+ Damage 2.0.1', 'Ecosystem quality', 'Thermally polluted water')",wpc7krvrmcieyn2lei2j66cgas89d46t,3.1238440988107506e-10,HeatPump_Geothermal,Operation
"('IMPACT World+ Damage 2.0.1', 'Ecosystem quality', 'Water availability, freshwater ecosystem')",wpc7krvrmcieyn2lei2j66cgas89d46t,5.54467423536303e-10,HeatPump_Geothermal,Operation
"('IMPACT World+ Damage 2.0.1', 'Human health', 'Water availability, human health')",wpc7krvrmcieyn2lei2j66cgas89d46t,1.9853206996456248e-10,HeatPump_Geothermal,Operation
"('IMPACT World+ Midpoint 2.0.1', 'Midpoint', 'Water scarcity')",wpc7krvrmcieyn2lei2j66cgas89d46t,7.77803151599546e-05,HeatPump_Geothermal,Operation
"('IMPACT World+ Damage 2.0.1', 'Ecosystem quality', 'Water availability, terrestrial ecosystem')",wpc7krvrmcieyn2lei2j66cgas89d46t,1.6073235426266335e-09,HeatPump_Geothermal,Operation
"('IMPACT World+ Damage 2.0.1', 'Human health', 'Total human health')",wpc7krvrmcieyn2lei2j66cgas89d46t,2.05475276878666e-08,HeatPump_Geothermal,Operation
"('IMPACT World+ Damage 2.0.1', 'Ecosystem quality', 'Total ecosystem quality')",wpc7krvrmcieyn2lei2j66cgas89d46t,0.0044419376232182,HeatPump_Geothermal,Operation
"('IMPACT World+ Damage 2.0.1', 'Ecosystem quality', 'Climate change, ecosystem quality, long term')",ibsrm5j3vociec54eq6m3asi27uot3zw,3.437963834647213e-05,HeatPump_DHN,Operation
"('IMPACT World+ Damage 2.0.1', 'Ecosystem quality', 'Climate change, ecosystem quality, short term')",ibsrm5j3vociec54eq6m3asi27uot3zw,0.0003876551935263706,HeatPump_DHN,Operation
"('IMPACT World+ Damage 2.0.1', 'Human health', 'Climate change, human health, long term')",ibsrm5j3vociec54eq6m3asi27uot3zw,1.3426452100569499e-10,HeatPump_DHN,Operation
"('IMPACT World+ Damage 2.0.1', 'Human health', 'Climate change, human health, short term')",ibsrm5j3vociec54eq6m3asi27uot3zw,1.796795981220743e-09,HeatPump_DHN,Operation
"('IMPACT World+ Midpoint 2.0.1', 'Midpoint', 'Climate change, long term')",ibsrm5j3vociec54eq6m3asi27uot3zw,0.0004329287927703263,HeatPump_DHN,Operation
"('IMPACT World+ Midpoint 2.0.1', 'Midpoint', 'Climate change, short term')",ibsrm5j3vociec54eq6m3asi27uot3zw,0.0021646439638516313,HeatPump_DHN,Operation
"('IMPACT World+ Damage 2.0.1', 'Ecosystem quality', 'Marine acidification, long term')",ibsrm5j3vociec54eq6m3asi27uot3zw,0.0,HeatPump_DHN,Operation
"('IMPACT World+ Damage 2.0.1', 'Ecosystem quality', 'Marine acidification, short term')",ibsrm5j3vociec54eq6m3asi27uot3zw,0.0,HeatPump_DHN,Operation
"('IMPACT World+ Midpoint 2.0.1', 'Midpoint', 'Photochemical oxidant formation')",ibsrm5j3vociec54eq6m3asi27uot3zw,0.0,HeatPump_DHN,Operation
"('IMPACT World+ Damage 2.0.1', 'Human health', 'Photochemical oxidant formation')",ibsrm5j3vociec54eq6m3asi27uot3zw,0.0,HeatPump_DHN,Operation
"('IMPACT World+ Midpoint 2.0.1', 'Midpoint', 'Freshwater ecotoxicity')",ibsrm5j3vociec54eq6m3asi27uot3zw,0.0,HeatPump_DHN,Operation
"('IMPACT World+ Damage 2.0.1', 'Ecosystem quality', 'Freshwater ecotoxicity, short term')",ibsrm5j3vociec54eq6m3asi27uot3zw,0.0,HeatPump_DHN,Operation
"('IMPACT World+ Midpoint 2.0.1', 'Midpoint', 'Human toxicity cancer')",ibsrm5j3vociec54eq6m3asi27uot3zw,1.7260559883308414e-14,HeatPump_DHN,Operation
"('IMPACT World+ Damage 2.0.1', 'Human health', 'Human toxicity cancer, short term')",ibsrm5j3vociec54eq6m3asi27uot3zw,1.9849644054293896e-13,HeatPump_DHN,Operation
"('IMPACT World+ Midpoint 2.0.1', 'Midpoint', 'Human toxicity non-cancer')",ibsrm5j3vociec54eq6m3asi27uot3zw,6.281711786552621e-15,HeatPump_DHN,Operation
"('IMPACT World+ Damage 2.0.1', 'Human health', 'Human toxicity non-cancer, short term')",ibsrm5j3vociec54eq6m3asi27uot3zw,1.6960622012181296e-14,HeatPump_DHN,Operation
"('IMPACT World+ Damage 2.0.1', 'Ecosystem quality', 'Freshwater ecotoxicity, long term')",ibsrm5j3vociec54eq6m3asi27uot3zw,0.0,HeatPump_DHN,Operation
"('IMPACT World+ Damage 2.0.1', 'Human health', 'Human toxicity cancer, long term')",ibsrm5j3vociec54eq6m3asi27uot3zw,0.0,HeatPump_DHN,Operation
"('IMPACT World+ Damage 2.0.1', 'Human health', 'Human toxicity non-cancer, long term')",ibsrm5j3vociec54eq6m3asi27uot3zw,0.0,HeatPump_DHN,Operation
"('IMPACT World+ Midpoint 2.0.1', 'Midpoint', 'Marine eutrophication')",ibsrm5j3vociec54eq6m3asi27uot3zw,0.0,HeatPump_DHN,Operation
"('IMPACT World+ Damage 2.0.1', 'Ecosystem quality', 'Marine eutrophication')",ibsrm5j3vociec54eq6m3asi27uot3zw,0.0,HeatPump_DHN,Operation
"('IMPACT World+ Midpoint 2.0.1', 'Midpoint', 'Ozone layer depletion')",ibsrm5j3vociec54eq6m3asi27uot3zw,0.0,HeatPump_DHN,Operation
"('IMPACT World+ Damage 2.0.1', 'Human health', 'Ozone layer depletion')",ibsrm5j3vociec54eq6m3asi27uot3zw,0.0,HeatPump_DHN,Operation
"('IMPACT World+ Midpoint 2.0.1', 'Midpoint', 'Fossil and nuclear energy use')",ibsrm5j3vociec54eq6m3asi27uot3zw,0.0,HeatPump_DHN,Operation
"('IMPACT World+ Midpoint 2.0.1', 'Midpoint', 'Mineral resources use')",ibsrm5j3vociec54eq6m3asi27uot3zw,0.0,HeatPump_DHN,Operation
"('IMPACT World+ Midpoint 2.0.1', 'Midpoint', 'Freshwater acidification')",ibsrm5j3vociec54eq6m3asi27uot3zw,0.0,HeatPump_DHN,Operation
"('IMPACT World+ Damage 2.0.1', 'Ecosystem quality', 'Freshwater acidification')",ibsrm5j3vociec54eq6m3asi27uot3zw,0.0,HeatPump_DHN,Operation
"('IMPACT World+ Midpoint 2.0.1', 'Midpoint', 'Particulate matter formation')",ibsrm5j3vociec54eq6m3asi27uot3zw,0.0,HeatPump_DHN,Operation
"('IMPACT World+ Damage 2.0.1', 'Human health', 'Particulate matter formation')",ibsrm5j3vociec54eq6m3asi27uot3zw,0.0,HeatPump_DHN,Operation
"('IMPACT World+ Midpoint 2.0.1', 'Midpoint', 'Terrestrial acidification')",ibsrm5j3vociec54eq6m3asi27uot3zw,0.0,HeatPump_DHN,Operation
"('IMPACT World+ Damage 2.0.1', 'Ecosystem quality', 'Terrestrial acidification')",ibsrm5j3vociec54eq6m3asi27uot3zw,0.0,HeatPump_DHN,Operation
"('IMPACT World+ Midpoint 2.0.1', 'Midpoint', 'Freshwater eutrophication')",ibsrm5j3vociec54eq6m3asi27uot3zw,0.0,HeatPump_DHN,Operation
"('IMPACT World+ Damage 2.0.1', 'Ecosystem quality', 'Freshwater eutrophication')",ibsrm5j3vociec54eq6m3asi27uot3zw,0.0,HeatPump_DHN,Operation
"('IMPACT World+ Damage 2.0.1', 'Ecosystem quality', 'Ionizing radiation, ecosystem quality')",ibsrm5j3vociec54eq6m3asi27uot3zw,0.0,HeatPump_DHN,Operation
"('IMPACT World+ Damage 2.0.1', 'Human health', 'Ionizing radiation, human health')",ibsrm5j3vociec54eq6m3asi27uot3zw,0.0,HeatPump_DHN,Operation
"('IMPACT World+ Midpoint 2.0.1', 'Midpoint', 'Ionizing radiations')",ibsrm5j3vociec54eq6m3asi27uot3zw,0.0,HeatPump_DHN,Operation
"('IMPACT World+ Midpoint 2.0.1', 'Midpoint', 'Land occupation, biodiversity')",ibsrm5j3vociec54eq6m3asi27uot3zw,0.0,HeatPump_DHN,Operation
"('IMPACT World+ Damage 2.0.1', 'Ecosystem quality', 'Land occupation, biodiversity')",ibsrm5j3vociec54eq6m3asi27uot3zw,0.0,HeatPump_DHN,Operation
"('IMPACT World+ Midpoint 2.0.1', 'Midpoint', 'Land transformation, biodiversity')",ibsrm5j3vociec54eq6m3asi27uot3zw,0.0,HeatPump_DHN,Operation
"('IMPACT World+ Damage 2.0.1', 'Ecosystem quality', 'Land transformation, biodiversity')",ibsrm5j3vociec54eq6m3asi27uot3zw,0.0,HeatPump_DHN,Operation
"('IMPACT World+ Damage 2.0.1', 'Ecosystem quality', 'Thermally polluted water')",ibsrm5j3vociec54eq6m3asi27uot3zw,0.0,HeatPump_DHN,Operation
"('IMPACT World+ Damage 2.0.1', 'Ecosystem quality', 'Water availability, freshwater ecosystem')",ibsrm5j3vociec54eq6m3asi27uot3zw,0.0,HeatPump_DHN,Operation
"('IMPACT World+ Damage 2.0.1', 'Human health', 'Water availability, human health')",ibsrm5j3vociec54eq6m3asi27uot3zw,0.0,HeatPump_DHN,Operation
"('IMPACT World+ Midpoint 2.0.1', 'Midpoint', 'Water scarcity')",ibsrm5j3vociec54eq6m3asi27uot3zw,0.0,HeatPump_DHN,Operation
"('IMPACT World+ Damage 2.0.1', 'Ecosystem quality', 'Water availability, terrestrial ecosystem')",ibsrm5j3vociec54eq6m3asi27uot3zw,0.0,HeatPump_DHN,Operation
"('IMPACT World+ Damage 2.0.1', 'Human health', 'Total human health')",ibsrm5j3vociec54eq6m3asi27uot3zw,1.9312759664566097e-09,HeatPump_DHN,Operation
"('IMPACT World+ Damage 2.0.1', 'Ecosystem quality', 'Total ecosystem quality')",ibsrm5j3vociec54eq6m3asi27uot3zw,0.0004220348156817419,HeatPump_DHN,Operation
"('IMPACT World+ Damage 2.0.1', 'Ecosystem quality', 'Climate change, ecosystem quality, long term')",la8g5p4wqb49xfn5okehi4eozc1jfaa9,0.0004161610351997444,HeatPump_Anergy,Operation
"('IMPACT World+ Damage 2.0.1', 'Ecosystem quality', 'Climate change, ecosystem quality, short term')",la8g5p4wqb49xfn5okehi4eozc1jfaa9,0.003987557635400257,HeatPump_Anergy,Operation
"('IMPACT World+ Damage 2.0.1', 'Human health', 'Climate change, human health, long term')",la8g5p4wqb49xfn5okehi4eozc1jfaa9,1.6668821698775505e-09,HeatPump_Anergy,Operation
"('IMPACT World+ Damage 2.0.1', 'Human health', 'Climate change, human health, short term')",la8g5p4wqb49xfn5okehi4eozc1jfaa9,1.8482264403489635e-08,HeatPump_Anergy,Operation
"('IMPACT World+ Midpoint 2.0.1', 'Midpoint', 'Climate change, long term')",la8g5p4wqb49xfn5okehi4eozc1jfaa9,0.004582656151091981,HeatPump_Anergy,Operation
"('IMPACT World+ Midpoint 2.0.1', 'Midpoint', 'Climate change, short term')",la8g5p4wqb49xfn5okehi4eozc1jfaa9,0.022267548349146758,HeatPump_Anergy,Operation
"('IMPACT World+ Damage 2.0.1', 'Ecosystem quality', 'Marine acidification, long term')",la8g5p4wqb49xfn5okehi4eozc1jfaa9,1.287526477730172e-05,HeatPump_Anergy,Operation
"('IMPACT World+ Damage 2.0.1', 'Ecosystem quality', 'Marine acidification, short term')",la8g5p4wqb49xfn5okehi4eozc1jfaa9,1.3985504703992648e-06,HeatPump_Anergy,Operation
"('IMPACT World+ Midpoint 2.0.1', 'Midpoint', 'Photochemical oxidant formation')",la8g5p4wqb49xfn5okehi4eozc1jfaa9,5.332449001729916e-07,HeatPump_Anergy,Operation
"('IMPACT World+ Damage 2.0.1', 'Human health', 'Photochemical oxidant formation')",la8g5p4wqb49xfn5okehi4eozc1jfaa9,2.0633839232152512e-14,HeatPump_Anergy,Operation
"('IMPACT World+ Midpoint 2.0.1', 'Midpoint', 'Freshwater ecotoxicity')",la8g5p4wqb49xfn5okehi4eozc1jfaa9,0.0192787652512991,HeatPump_Anergy,Operation
"('IMPACT World+ Damage 2.0.1', 'Ecosystem quality', 'Freshwater ecotoxicity, short term')",la8g5p4wqb49xfn5okehi4eozc1jfaa9,1.784459898372473e-06,HeatPump_Anergy,Operation
"('IMPACT World+ Midpoint 2.0.1', 'Midpoint', 'Human toxicity cancer')",la8g5p4wqb49xfn5okehi4eozc1jfaa9,2.0425283092153543e-12,HeatPump_Anergy,Operation
"('IMPACT World+ Damage 2.0.1', 'Human health', 'Human toxicity cancer, short term')",la8g5p4wqb49xfn5okehi4eozc1jfaa9,2.215719537762374e-11,HeatPump_Anergy,Operation
"('IMPACT World+ Midpoint 2.0.1', 'Midpoint', 'Human toxicity non-cancer')",la8g5p4wqb49xfn5okehi4eozc1jfaa9,2.5254465201634518e-11,HeatPump_Anergy,Operation
"('IMPACT World+ Damage 2.0.1', 'Human health', 'Human toxicity non-cancer, short term')",la8g5p4wqb49xfn5okehi4eozc1jfaa9,2.6994098796104486e-11,HeatPump_Anergy,Operation
"('IMPACT World+ Damage 2.0.1', 'Ecosystem quality', 'Freshwater ecotoxicity, long term')",la8g5p4wqb49xfn5okehi4eozc1jfaa9,8.973407804104362e-06,HeatPump_Anergy,Operation
"('IMPACT World+ Damage 2.0.1', 'Human health', 'Human toxicity cancer, long term')",la8g5p4wqb49xfn5okehi4eozc1jfaa9,1.3318801003997472e-12,HeatPump_Anergy,Operation
"('IMPACT World+ Damage 2.0.1', 'Human health', 'Human toxicity non-cancer, long term')",la8g5p4wqb49xfn5okehi4eozc1jfaa9,4.119295820850711e-11,HeatPump_Anergy,Operation
"('IMPACT World+ Midpoint 2.0.1', 'Midpoint', 'Marine eutrophication')",la8g5p4wqb49xfn5okehi4eozc1jfaa9,2.6283104826451292e-08,HeatPump_Anergy,Operation
"('IMPACT World+ Damage 2.0.1', 'Ecosystem quality', 'Marine eutrophication')",la8g5p4wqb49xfn5okehi4eozc1jfaa9,2.2997717206345165e-07,HeatPump_Anergy,Operation
"('IMPACT World+ Midpoint 2.0.1', 'Midpoint', 'Ozone layer depletion')",la8g5p4wqb49xfn5okehi4eozc1jfaa9,1.2061471108412595e-08,HeatPump_Anergy,Operation
"('IMPACT World+ Damage 2.0.1', 'Human health', 'Ozone layer depletion')",la8g5p4wqb49xfn5okehi4eozc1jfaa9,2.5143510284327157e-11,HeatPump_Anergy,Operation
"('IMPACT World+ Midpoint 2.0.1', 'Midpoint', 'Fossil and nuclear energy use')",la8g5p4wqb49xfn5okehi4eozc1jfaa9,0.001512282683958288,HeatPump_Anergy,Operation
"('IMPACT World+ Midpoint 2.0.1', 'Midpoint', 'Mineral resources use')",la8g5p4wqb49xfn5okehi4eozc1jfaa9,2.1469206053563085e-05,HeatPump_Anergy,Operation
"('IMPACT World+ Midpoint 2.0.1', 'Midpoint', 'Freshwater acidification')",la8g5p4wqb49xfn5okehi4eozc1jfaa9,5.913708333210335e-07,HeatPump_Anergy,Operation
"('IMPACT World+ Damage 2.0.1', 'Ecosystem quality', 'Freshwater acidification')",la8g5p4wqb49xfn5okehi4eozc1jfaa9,1.3783922850078398e-06,HeatPump_Anergy,Operation
"('IMPACT World+ Midpoint 2.0.1', 'Midpoint', 'Particulate matter formation')",la8g5p4wqb49xfn5okehi4eozc1jfaa9,6.903154247188743e-08,HeatPump_Anergy,Operation
"('IMPACT World+ Damage 2.0.1', 'Human health', 'Particulate matter formation')",la8g5p4wqb49xfn5okehi4eozc1jfaa9,8.283785279203962e-11,HeatPump_Anergy,Operation
"('IMPACT World+ Midpoint 2.0.1', 'Midpoint', 'Terrestrial acidification')",la8g5p4wqb49xfn5okehi4eozc1jfaa9,6.096536643668148e-07,HeatPump_Anergy,Operation
"('IMPACT World+ Damage 2.0.1', 'Ecosystem quality', 'Terrestrial acidification')",la8g5p4wqb49xfn5okehi4eozc1jfaa9,8.729793519527927e-06,HeatPump_Anergy,Operation
"('IMPACT World+ Midpoint 2.0.1', 'Midpoint', 'Freshwater eutrophication')",la8g5p4wqb49xfn5okehi4eozc1jfaa9,1.5387049534670425e-09,HeatPump_Anergy,Operation
"('IMPACT World+ Damage 2.0.1', 'Ecosystem quality', 'Freshwater eutrophication')",la8g5p4wqb49xfn5okehi4eozc1jfaa9,5.574979057169934e-09,HeatPump_Anergy,Operation
"('IMPACT World+ Damage 2.0.1', 'Ecosystem quality', 'Ionizing radiation, ecosystem quality')",la8g5p4wqb49xfn5okehi4eozc1jfaa9,1.203953139037833e-14,HeatPump_Anergy,Operation
"('IMPACT World+ Damage 2.0.1', 'Human health', 'Ionizing radiation, human health')",la8g5p4wqb49xfn5okehi4eozc1jfaa9,1.7084503618156805e-13,HeatPump_Anergy,Operation
"('IMPACT World+ Midpoint 2.0.1', 'Midpoint', 'Ionizing radiations')",la8g5p4wqb49xfn5okehi4eozc1jfaa9,0.0008135478125541106,HeatPump_Anergy,Operation
"('IMPACT World+ Midpoint 2.0.1', 'Midpoint', 'Land occupation, biodiversity')",la8g5p4wqb49xfn5okehi4eozc1jfaa9,1.3729742564839104e-06,HeatPump_Anergy,Operation
"('IMPACT World+ Damage 2.0.1', 'Ecosystem quality', 'Land occupation, biodiversity')",la8g5p4wqb49xfn5okehi4eozc1jfaa9,9.035662568287754e-07,HeatPump_Anergy,Operation
"('IMPACT World+ Midpoint 2.0.1', 'Midpoint', 'Land transformation, biodiversity')",la8g5p4wqb49xfn5okehi4eozc1jfaa9,1.217376043260056e-08,HeatPump_Anergy,Operation
"('IMPACT World+ Damage 2.0.1', 'Ecosystem quality', 'Land transformation, biodiversity')",la8g5p4wqb49xfn5okehi4eozc1jfaa9,1.9376570636518256e-06,HeatPump_Anergy,Operation
"('IMPACT World+ Damage 2.0.1', 'Ecosystem quality', 'Thermally polluted water')",la8g5p4wqb49xfn5okehi4eozc1jfaa9,3.1238440988107506e-10,HeatPump_Anergy,Operation
"('IMPACT World+ Damage 2.0.1', 'Ecosystem quality', 'Water availability, freshwater ecosystem')",la8g5p4wqb49xfn5okehi4eozc1jfaa9,5.54467423536303e-10,HeatPump_Anergy,Operation
"('IMPACT World+ Damage 2.0.1', 'Human health', 'Water availability, human health')",la8g5p4wqb49xfn5okehi4eozc1jfaa9,1.9853206996456248e-10,HeatPump_Anergy,Operation
"('IMPACT World+ Midpoint 2.0.1', 'Midpoint', 'Water scarcity')",la8g5p4wqb49xfn5okehi4eozc1jfaa9,7.77803151599546e-05,HeatPump_Anergy,Operation
"('IMPACT World+ Damage 2.0.1', 'Ecosystem quality', 'Water availability, terrestrial ecosystem')",la8g5p4wqb49xfn5okehi4eozc1jfaa9,1.6073235426266335e-09,HeatPump_Anergy,Operation
"('IMPACT World+ Damage 2.0.1', 'Human health', 'Total human health')",la8g5p4wqb49xfn5okehi4eozc1jfaa9,2.05475276878666e-08,HeatPump_Anergy,Operation
"('IMPACT World+ Damage 2.0.1', 'Ecosystem quality', 'Total ecosystem quality')",la8g5p4wqb49xfn5okehi4eozc1jfaa9,0.0044419376232182,HeatPump_Anergy,Operation
"('IMPACT World+ Damage 2.0.1', 'Ecosystem quality', 'Climate change, ecosystem quality, long term')",5fco27q74izeptjpxpdz7vsux5mj61bf,0.0004161610351997444,Air_Conditioner_Air,Operation
"('IMPACT World+ Damage 2.0.1', 'Ecosystem quality', 'Climate change, ecosystem quality, short term')",5fco27q74izeptjpxpdz7vsux5mj61bf,0.003987557635400257,Air_Conditioner_Air,Operation
"('IMPACT World+ Damage 2.0.1', 'Human health', 'Climate change, human health, long term')",5fco27q74izeptjpxpdz7vsux5mj61bf,1.6668821698775505e-09,Air_Conditioner_Air,Operation
"('IMPACT World+ Damage 2.0.1', 'Human health', 'Climate change, human health, short term')",5fco27q74izeptjpxpdz7vsux5mj61bf,1.8482264403489635e-08,Air_Conditioner_Air,Operation
"('IMPACT World+ Midpoint 2.0.1', 'Midpoint', 'Climate change, long term')",5fco27q74izeptjpxpdz7vsux5mj61bf,0.004582656151091981,Air_Conditioner_Air,Operation
"('IMPACT World+ Midpoint 2.0.1', 'Midpoint', 'Climate change, short term')",5fco27q74izeptjpxpdz7vsux5mj61bf,0.022267548349146758,Air_Conditioner_Air,Operation
"('IMPACT World+ Damage 2.0.1', 'Ecosystem quality', 'Marine acidification, long term')",5fco27q74izeptjpxpdz7vsux5mj61bf,1.287526477730172e-05,Air_Conditioner_Air,Operation
"('IMPACT World+ Damage 2.0.1', 'Ecosystem quality', 'Marine acidification, short term')",5fco27q74izeptjpxpdz7vsux5mj61bf,1.3985504703992648e-06,Air_Conditioner_Air,Operation
"('IMPACT World+ Midpoint 2.0.1', 'Midpoint', 'Photochemical oxidant formation')",5fco27q74izeptjpxpdz7vsux5mj61bf,5.332449001729916e-07,Air_Conditioner_Air,Operation
"('IMPACT World+ Damage 2.0.1', 'Human health', 'Photochemical oxidant formation')",5fco27q74izeptjpxpdz7vsux5mj61bf,2.0633839232152512e-14,Air_Conditioner_Air,Operation
"('IMPACT World+ Midpoint 2.0.1', 'Midpoint', 'Freshwater ecotoxicity')",5fco27q74izeptjpxpdz7vsux5mj61bf,0.0192787652512991,Air_Conditioner_Air,Operation
"('IMPACT World+ Damage 2.0.1', 'Ecosystem quality', 'Freshwater ecotoxicity, short term')",5fco27q74izeptjpxpdz7vsux5mj61bf,1.784459898372473e-06,Air_Conditioner_Air,Operation
"('IMPACT World+ Midpoint 2.0.1', 'Midpoint', 'Human toxicity cancer')",5fco27q74izeptjpxpdz7vsux5mj61bf,2.0425283092153543e-12,Air_Conditioner_Air,Operation
"('IMPACT World+ Damage 2.0.1', 'Human health', 'Human toxicity cancer, short term')",5fco27q74izeptjpxpdz7vsux5mj61bf,2.215719537762374e-11,Air_Conditioner_Air,Operation
"('IMPACT World+ Midpoint 2.0.1', 'Midpoint', 'Human toxicity non-cancer')",5fco27q74izeptjpxpdz7vsux5mj61bf,2.5254465201634518e-11,Air_Conditioner_Air,Operation
"('IMPACT World+ Damage 2.0.1', 'Human health', 'Human toxicity non-cancer, short term')",5fco27q74izeptjpxpdz7vsux5mj61bf,2.6994098796104486e-11,Air_Conditioner_Air,Operation
"('IMPACT World+ Damage 2.0.1', 'Ecosystem quality', 'Freshwater ecotoxicity, long term')",5fco27q74izeptjpxpdz7vsux5mj61bf,8.973407804104362e-06,Air_Conditioner_Air,Operation
"('IMPACT World+ Damage 2.0.1', 'Human health', 'Human toxicity cancer, long term')",5fco27q74izeptjpxpdz7vsux5mj61bf,1.3318801003997472e-12,Air_Conditioner_Air,Operation
"('IMPACT World+ Damage 2.0.1', 'Human health', 'Human toxicity non-cancer, long term')",5fco27q74izeptjpxpdz7vsux5mj61bf,4.119295820850711e-11,Air_Conditioner_Air,Operation
"('IMPACT World+ Midpoint 2.0.1', 'Midpoint', 'Marine eutrophication')",5fco27q74izeptjpxpdz7vsux5mj61bf,2.6283104826451292e-08,Air_Conditioner_Air,Operation
"('IMPACT World+ Damage 2.0.1', 'Ecosystem quality', 'Marine eutrophication')",5fco27q74izeptjpxpdz7vsux5mj61bf,2.2997717206345165e-07,Air_Conditioner_Air,Operation
"('IMPACT World+ Midpoint 2.0.1', 'Midpoint', 'Ozone layer depletion')",5fco27q74izeptjpxpdz7vsux5mj61bf,1.2061471108412595e-08,Air_Conditioner_Air,Operation
"('IMPACT World+ Damage 2.0.1', 'Human health', 'Ozone layer depletion')",5fco27q74izeptjpxpdz7vsux5mj61bf,2.5143510284327157e-11,Air_Conditioner_Air,Operation
"('IMPACT World+ Midpoint 2.0.1', 'Midpoint', 'Fossil and nuclear energy use')",5fco27q74izeptjpxpdz7vsux5mj61bf,0.001512282683958288,Air_Conditioner_Air,Operation
"('IMPACT World+ Midpoint 2.0.1', 'Midpoint', 'Mineral resources use')",5fco27q74izeptjpxpdz7vsux5mj61bf,2.1469206053563085e-05,Air_Conditioner_Air,Operation
"('IMPACT World+ Midpoint 2.0.1', 'Midpoint', 'Freshwater acidification')",5fco27q74izeptjpxpdz7vsux5mj61bf,5.913708333210335e-07,Air_Conditioner_Air,Operation
"('IMPACT World+ Damage 2.0.1', 'Ecosystem quality', 'Freshwater acidification')",5fco27q74izeptjpxpdz7vsux5mj61bf,1.3783922850078398e-06,Air_Conditioner_Air,Operation
"('IMPACT World+ Midpoint 2.0.1', 'Midpoint', 'Particulate matter formation')",5fco27q74izeptjpxpdz7vsux5mj61bf,6.903154247188743e-08,Air_Conditioner_Air,Operation
"('IMPACT World+ Damage 2.0.1', 'Human health', 'Particulate matter formation')",5fco27q74izeptjpxpdz7vsux5mj61bf,8.283785279203962e-11,Air_Conditioner_Air,Operation
"('IMPACT World+ Midpoint 2.0.1', 'Midpoint', 'Terrestrial acidification')",5fco27q74izeptjpxpdz7vsux5mj61bf,6.096536643668148e-07,Air_Conditioner_Air,Operation
"('IMPACT World+ Damage 2.0.1', 'Ecosystem quality', 'Terrestrial acidification')",5fco27q74izeptjpxpdz7vsux5mj61bf,8.729793519527927e-06,Air_Conditioner_Air,Operation
"('IMPACT World+ Midpoint 2.0.1', 'Midpoint', 'Freshwater eutrophication')",5fco27q74izeptjpxpdz7vsux5mj61bf,1.5387049534670425e-09,Air_Conditioner_Air,Operation
"('IMPACT World+ Damage 2.0.1', 'Ecosystem quality', 'Freshwater eutrophication')",5fco27q74izeptjpxpdz7vsux5mj61bf,5.574979057169934e-09,Air_Conditioner_Air,Operation
"('IMPACT World+ Damage 2.0.1', 'Ecosystem quality', 'Ionizing radiation, ecosystem quality')",5fco27q74izeptjpxpdz7vsux5mj61bf,1.203953139037833e-14,Air_Conditioner_Air,Operation
"('IMPACT World+ Damage 2.0.1', 'Human health', 'Ionizing radiation, human health')",5fco27q74izeptjpxpdz7vsux5mj61bf,1.7084503618156805e-13,Air_Conditioner_Air,Operation
"('IMPACT World+ Midpoint 2.0.1', 'Midpoint', 'Ionizing radiations')",5fco27q74izeptjpxpdz7vsux5mj61bf,0.0008135478125541106,Air_Conditioner_Air,Operation
"('IMPACT World+ Midpoint 2.0.1', 'Midpoint', 'Land occupation, biodiversity')",5fco27q74izeptjpxpdz7vsux5mj61bf,1.3729742564839104e-06,Air_Conditioner_Air,Operation
"('IMPACT World+ Damage 2.0.1', 'Ecosystem quality', 'Land occupation, biodiversity')",5fco27q74izeptjpxpdz7vsux5mj61bf,9.035662568287754e-07,Air_Conditioner_Air,Operation
"('IMPACT World+ Midpoint 2.0.1', 'Midpoint', 'Land transformation, biodiversity')",5fco27q74izeptjpxpdz7vsux5mj61bf,1.217376043260056e-08,Air_Conditioner_Air,Operation
"('IMPACT World+ Damage 2.0.1', 'Ecosystem quality', 'Land transformation, biodiversity')",5fco27q74izeptjpxpdz7vsux5mj61bf,1.9376570636518256e-06,Air_Conditioner_Air,Operation
"('IMPACT World+ Damage 2.0.1', 'Ecosystem quality', 'Thermally polluted water')",5fco27q74izeptjpxpdz7vsux5mj61bf,3.1238440988107506e-10,Air_Conditioner_Air,Operation
"('IMPACT World+ Damage 2.0.1', 'Ecosystem quality', 'Water availability, freshwater ecosystem')",5fco27q74izeptjpxpdz7vsux5mj61bf,5.54467423536303e-10,Air_Conditioner_Air,Operation
"('IMPACT World+ Damage 2.0.1', 'Human health', 'Water availability, human health')",5fco27q74izeptjpxpdz7vsux5mj61bf,1.9853206996456248e-10,Air_Conditioner_Air,Operation
"('IMPACT World+ Midpoint 2.0.1', 'Midpoint', 'Water scarcity')",5fco27q74izeptjpxpdz7vsux5mj61bf,7.77803151599546e-05,Air_Conditioner_Air,Operation
"('IMPACT World+ Damage 2.0.1', 'Ecosystem quality', 'Water availability, terrestrial ecosystem')",5fco27q74izeptjpxpdz7vsux5mj61bf,1.6073235426266335e-09,Air_Conditioner_Air,Operation
"('IMPACT World+ Damage 2.0.1', 'Human health', 'Total human health')",5fco27q74izeptjpxpdz7vsux5mj61bf,2.05475276878666e-08,Air_Conditioner_Air,Operation
"('IMPACT World+ Damage 2.0.1', 'Ecosystem quality', 'Total ecosystem quality')",5fco27q74izeptjpxpdz7vsux5mj61bf,0.0044419376232182,Air_Conditioner_Air,Operation
"('IMPACT World+ Damage 2.0.1', 'Ecosystem quality', 'Climate change, ecosystem quality, long term')",cqk18p7u7j870g0aqf4bov77az9pzm87,0.0004161610351997444,Air_Conditioner_DHN,Operation
"('IMPACT World+ Damage 2.0.1', 'Ecosystem quality', 'Climate change, ecosystem quality, short term')",cqk18p7u7j870g0aqf4bov77az9pzm87,0.003987557635400257,Air_Conditioner_DHN,Operation
"('IMPACT World+ Damage 2.0.1', 'Human health', 'Climate change, human health, long term')",cqk18p7u7j870g0aqf4bov77az9pzm87,1.6668821698775505e-09,Air_Conditioner_DHN,Operation
"('IMPACT World+ Damage 2.0.1', 'Human health', 'Climate change, human health, short term')",cqk18p7u7j870g0aqf4bov77az9pzm87,1.8482264403489635e-08,Air_Conditioner_DHN,Operation
"('IMPACT World+ Midpoint 2.0.1', 'Midpoint', 'Climate change, long term')",cqk18p7u7j870g0aqf4bov77az9pzm87,0.004582656151091981,Air_Conditioner_DHN,Operation
"('IMPACT World+ Midpoint 2.0.1', 'Midpoint', 'Climate change, short term')",cqk18p7u7j870g0aqf4bov77az9pzm87,0.022267548349146758,Air_Conditioner_DHN,Operation
"('IMPACT World+ Damage 2.0.1', 'Ecosystem quality', 'Marine acidification, long term')",cqk18p7u7j870g0aqf4bov77az9pzm87,1.287526477730172e-05,Air_Conditioner_DHN,Operation
"('IMPACT World+ Damage 2.0.1', 'Ecosystem quality', 'Marine acidification, short term')",cqk18p7u7j870g0aqf4bov77az9pzm87,1.3985504703992648e-06,Air_Conditioner_DHN,Operation
"('IMPACT World+ Midpoint 2.0.1', 'Midpoint', 'Photochemical oxidant formation')",cqk18p7u7j870g0aqf4bov77az9pzm87,5.332449001729916e-07,Air_Conditioner_DHN,Operation
"('IMPACT World+ Damage 2.0.1', 'Human health', 'Photochemical oxidant formation')",cqk18p7u7j870g0aqf4bov77az9pzm87,2.0633839232152512e-14,Air_Conditioner_DHN,Operation
"('IMPACT World+ Midpoint 2.0.1', 'Midpoint', 'Freshwater ecotoxicity')",cqk18p7u7j870g0aqf4bov77az9pzm87,0.0192787652512991,Air_Conditioner_DHN,Operation
"('IMPACT World+ Damage 2.0.1', 'Ecosystem quality', 'Freshwater ecotoxicity, short term')",cqk18p7u7j870g0aqf4bov77az9pzm87,1.784459898372473e-06,Air_Conditioner_DHN,Operation
"('IMPACT World+ Midpoint 2.0.1', 'Midpoint', 'Human toxicity cancer')",cqk18p7u7j870g0aqf4bov77az9pzm87,2.0425283092153543e-12,Air_Conditioner_DHN,Operation
"('IMPACT World+ Damage 2.0.1', 'Human health', 'Human toxicity cancer, short term')",cqk18p7u7j870g0aqf4bov77az9pzm87,2.215719537762374e-11,Air_Conditioner_DHN,Operation
"('IMPACT World+ Midpoint 2.0.1', 'Midpoint', 'Human toxicity non-cancer')",cqk18p7u7j870g0aqf4bov77az9pzm87,2.5254465201634518e-11,Air_Conditioner_DHN,Operation
"('IMPACT World+ Damage 2.0.1', 'Human health', 'Human toxicity non-cancer, short term')",cqk18p7u7j870g0aqf4bov77az9pzm87,2.6994098796104486e-11,Air_Conditioner_DHN,Operation
"('IMPACT World+ Damage 2.0.1', 'Ecosystem quality', 'Freshwater ecotoxicity, long term')",cqk18p7u7j870g0aqf4bov77az9pzm87,8.973407804104362e-06,Air_Conditioner_DHN,Operation
"('IMPACT World+ Damage 2.0.1', 'Human health', 'Human toxicity cancer, long term')",cqk18p7u7j870g0aqf4bov77az9pzm87,1.3318801003997472e-12,Air_Conditioner_DHN,Operation
"('IMPACT World+ Damage 2.0.1', 'Human health', 'Human toxicity non-cancer, long term')",cqk18p7u7j870g0aqf4bov77az9pzm87,4.119295820850711e-11,Air_Conditioner_DHN,Operation
"('IMPACT World+ Midpoint 2.0.1', 'Midpoint', 'Marine eutrophication')",cqk18p7u7j870g0aqf4bov77az9pzm87,2.6283104826451292e-08,Air_Conditioner_DHN,Operation
"('IMPACT World+ Damage 2.0.1', 'Ecosystem quality', 'Marine eutrophication')",cqk18p7u7j870g0aqf4bov77az9pzm87,2.2997717206345165e-07,Air_Conditioner_DHN,Operation
"('IMPACT World+ Midpoint 2.0.1', 'Midpoint', 'Ozone layer depletion')",cqk18p7u7j870g0aqf4bov77az9pzm87,1.2061471108412595e-08,Air_Conditioner_DHN,Operation
"('IMPACT World+ Damage 2.0.1', 'Human health', 'Ozone layer depletion')",cqk18p7u7j870g0aqf4bov77az9pzm87,2.5143510284327157e-11,Air_Conditioner_DHN,Operation
"('IMPACT World+ Midpoint 2.0.1', 'Midpoint', 'Fossil and nuclear energy use')",cqk18p7u7j870g0aqf4bov77az9pzm87,0.001512282683958288,Air_Conditioner_DHN,Operation
"('IMPACT World+ Midpoint 2.0.1', 'Midpoint', 'Mineral resources use')",cqk18p7u7j870g0aqf4bov77az9pzm87,2.1469206053563085e-05,Air_Conditioner_DHN,Operation
"('IMPACT World+ Midpoint 2.0.1', 'Midpoint', 'Freshwater acidification')",cqk18p7u7j870g0aqf4bov77az9pzm87,5.913708333210335e-07,Air_Conditioner_DHN,Operation
"('IMPACT World+ Damage 2.0.1', 'Ecosystem quality', 'Freshwater acidification')",cqk18p7u7j870g0aqf4bov77az9pzm87,1.3783922850078398e-06,Air_Conditioner_DHN,Operation
"('IMPACT World+ Midpoint 2.0.1', 'Midpoint', 'Particulate matter formation')",cqk18p7u7j870g0aqf4bov77az9pzm87,6.903154247188743e-08,Air_Conditioner_DHN,Operation
"('IMPACT World+ Damage 2.0.1', 'Human health', 'Particulate matter formation')",cqk18p7u7j870g0aqf4bov77az9pzm87,8.283785279203962e-11,Air_Conditioner_DHN,Operation
"('IMPACT World+ Midpoint 2.0.1', 'Midpoint', 'Terrestrial acidification')",cqk18p7u7j870g0aqf4bov77az9pzm87,6.096536643668148e-07,Air_Conditioner_DHN,Operation
"('IMPACT World+ Damage 2.0.1', 'Ecosystem quality', 'Terrestrial acidification')",cqk18p7u7j870g0aqf4bov77az9pzm87,8.729793519527927e-06,Air_Conditioner_DHN,Operation
"('IMPACT World+ Midpoint 2.0.1', 'Midpoint', 'Freshwater eutrophication')",cqk18p7u7j870g0aqf4bov77az9pzm87,1.5387049534670425e-09,Air_Conditioner_DHN,Operation
"('IMPACT World+ Damage 2.0.1', 'Ecosystem quality', 'Freshwater eutrophication')",cqk18p7u7j870g0aqf4bov77az9pzm87,5.574979057169934e-09,Air_Conditioner_DHN,Operation
"('IMPACT World+ Damage 2.0.1', 'Ecosystem quality', 'Ionizing radiation, ecosystem quality')",cqk18p7u7j870g0aqf4bov77az9pzm87,1.203953139037833e-14,Air_Conditioner_DHN,Operation
"('IMPACT World+ Damage 2.0.1', 'Human health', 'Ionizing radiation, human health')",cqk18p7u7j870g0aqf4bov77az9pzm87,1.7084503618156805e-13,Air_Conditioner_DHN,Operation
"('IMPACT World+ Midpoint 2.0.1', 'Midpoint', 'Ionizing radiations')",cqk18p7u7j870g0aqf4bov77az9pzm87,0.0008135478125541106,Air_Conditioner_DHN,Operation
"('IMPACT World+ Midpoint 2.0.1', 'Midpoint', 'Land occupation, biodiversity')",cqk18p7u7j870g0aqf4bov77az9pzm87,1.3729742564839104e-06,Air_Conditioner_DHN,Operation
"('IMPACT World+ Damage 2.0.1', 'Ecosystem quality', 'Land occupation, biodiversity')",cqk18p7u7j870g0aqf4bov77az9pzm87,9.035662568287754e-07,Air_Conditioner_DHN,Operation
"('IMPACT World+ Midpoint 2.0.1', 'Midpoint', 'Land transformation, biodiversity')",cqk18p7u7j870g0aqf4bov77az9pzm87,1.217376043260056e-08,Air_Conditioner_DHN,Operation
"('IMPACT World+ Damage 2.0.1', 'Ecosystem quality', 'Land transformation, biodiversity')",cqk18p7u7j870g0aqf4bov77az9pzm87,1.9376570636518256e-06,Air_Conditioner_DHN,Operation
"('IMPACT World+ Damage 2.0.1', 'Ecosystem quality', 'Thermally polluted water')",cqk18p7u7j870g0aqf4bov77az9pzm87,3.1238440988107506e-10,Air_Conditioner_DHN,Operation
"('IMPACT World+ Damage 2.0.1', 'Ecosystem quality', 'Water availability, freshwater ecosystem')",cqk18p7u7j870g0aqf4bov77az9pzm87,5.54467423536303e-10,Air_Conditioner_DHN,Operation
"('IMPACT World+ Damage 2.0.1', 'Human health', 'Water availability, human health')",cqk18p7u7j870g0aqf4bov77az9pzm87,1.9853206996456248e-10,Air_Conditioner_DHN,Operation
"('IMPACT World+ Midpoint 2.0.1', 'Midpoint', 'Water scarcity')",cqk18p7u7j870g0aqf4bov77az9pzm87,7.77803151599546e-05,Air_Conditioner_DHN,Operation
"('IMPACT World+ Damage 2.0.1', 'Ecosystem quality', 'Water availability, terrestrial ecosystem')",cqk18p7u7j870g0aqf4bov77az9pzm87,1.6073235426266335e-09,Air_Conditioner_DHN,Operation
"('IMPACT World+ Damage 2.0.1', 'Human health', 'Total human health')",cqk18p7u7j870g0aqf4bov77az9pzm87,2.05475276878666e-08,Air_Conditioner_DHN,Operation
"('IMPACT World+ Damage 2.0.1', 'Ecosystem quality', 'Total ecosystem quality')",cqk18p7u7j870g0aqf4bov77az9pzm87,0.0044419376232182,Air_Conditioner_DHN,Operation
"('IMPACT World+ Damage 2.0.1', 'Ecosystem quality', 'Climate change, ecosystem quality, long term')",a6nt79wy50ngoyx0leye7zhvyu40i60z,0.0013918751684757764,ElectricalHeater_SH,Operation
"('IMPACT World+ Damage 2.0.1', 'Ecosystem quality', 'Climate change, ecosystem quality, short term')",a6nt79wy50ngoyx0leye7zhvyu40i60z,0.00043583920831565264,ElectricalHeater_SH,Operation
"('IMPACT World+ Damage 2.0.1', 'Human health', 'Climate change, human health, long term')",a6nt79wy50ngoyx0leye7zhvyu40i60z,6.336189665102501e-09,ElectricalHeater_SH,Operation
"('IMPACT World+ Damage 2.0.1', 'Human health', 'Climate change, human health, short term')",a6nt79wy50ngoyx0leye7zhvyu40i60z,2.0143423664549027e-09,ElectricalHeater_SH,Operation
"('IMPACT World+ Midpoint 2.0.1', 'Midpoint', 'Climate change, long term')",a6nt79wy50ngoyx0leye7zhvyu40i60z,0.0022758390308351656,ElectricalHeater_SH,Operation
"('IMPACT World+ Midpoint 2.0.1', 'Midpoint', 'Climate change, short term')",a6nt79wy50ngoyx0leye7zhvyu40i60z,0.0024124141503545616,ElectricalHeater_SH,Operation
"('IMPACT World+ Damage 2.0.1', 'Ecosystem quality', 'Marine acidification, long term')",a6nt79wy50ngoyx0leye7zhvyu40i60z,0.0003284041794038327,ElectricalHeater_SH,Operation
"('IMPACT World+ Damage 2.0.1', 'Ecosystem quality', 'Marine acidification, short term')",a6nt79wy50ngoyx0leye7zhvyu40i60z,3.5712856179328525e-05,ElectricalHeater_SH,Operation
"('IMPACT World+ Midpoint 2.0.1', 'Midpoint', 'Photochemical oxidant formation')",a6nt79wy50ngoyx0leye7zhvyu40i60z,1.3470135373940004e-05,ElectricalHeater_SH,Operation
"('IMPACT World+ Damage 2.0.1', 'Human health', 'Photochemical oxidant formation')",a6nt79wy50ngoyx0leye7zhvyu40i60z,5.195343402325761e-13,ElectricalHeater_SH,Operation
"('IMPACT World+ Midpoint 2.0.1', 'Midpoint', 'Freshwater ecotoxicity')",a6nt79wy50ngoyx0leye7zhvyu40i60z,3.322245090671275,ElectricalHeater_SH,Operation
"('IMPACT World+ Damage 2.0.1', 'Ecosystem quality', 'Freshwater ecotoxicity, short term')",a6nt79wy50ngoyx0leye7zhvyu40i60z,0.0001177399774801972,ElectricalHeater_SH,Operation
"('IMPACT World+ Midpoint 2.0.1', 'Midpoint', 'Human toxicity cancer')",a6nt79wy50ngoyx0leye7zhvyu40i60z,3.7885312575722683e-10,ElectricalHeater_SH,Operation
"('IMPACT World+ Damage 2.0.1', 'Human health', 'Human toxicity cancer, short term')",a6nt79wy50ngoyx0leye7zhvyu40i60z,4.203958837738777e-09,ElectricalHeater_SH,Operation
"('IMPACT World+ Midpoint 2.0.1', 'Midpoint', 'Human toxicity non-cancer')",a6nt79wy50ngoyx0leye7zhvyu40i60z,4.307907856749783e-09,ElectricalHeater_SH,Operation
"('IMPACT World+ Damage 2.0.1', 'Human health', 'Human toxicity non-cancer, short term')",a6nt79wy50ngoyx0leye7zhvyu40i60z,6.376844930895799e-09,ElectricalHeater_SH,Operation
"('IMPACT World+ Damage 2.0.1', 'Ecosystem quality', 'Freshwater ecotoxicity, long term')",a6nt79wy50ngoyx0leye7zhvyu40i60z,0.0017328669446022393,ElectricalHeater_SH,Operation
"('IMPACT World+ Damage 2.0.1', 'Human health', 'Human toxicity cancer, long term')",a6nt79wy50ngoyx0leye7zhvyu40i60z,1.5285206486757957e-10,ElectricalHeater_SH,Operation
"('IMPACT World+ Damage 2.0.1', 'Human health', 'Human toxicity non-cancer, long term')",a6nt79wy50ngoyx0leye7zhvyu40i60z,5.2545063565118036e-09,ElectricalHeater_SH,Operation
"('IMPACT World+ Midpoint 2.0.1', 'Midpoint', 'Marine eutrophication')",a6nt79wy50ngoyx0leye7zhvyu40i60z,5.018561454589949e-07,ElectricalHeater_SH,Operation
"('IMPACT World+ Damage 2.0.1', 'Ecosystem quality', 'Marine eutrophication')",a6nt79wy50ngoyx0leye7zhvyu40i60z,4.391241271008445e-06,ElectricalHeater_SH,Operation
"('IMPACT World+ Midpoint 2.0.1', 'Midpoint', 'Ozone layer depletion')",a6nt79wy50ngoyx0leye7zhvyu40i60z,2.137474042899691e-10,ElectricalHeater_SH,Operation
"('IMPACT World+ Damage 2.0.1', 'Human health', 'Ozone layer depletion')",a6nt79wy50ngoyx0leye7zhvyu40i60z,5.483782108570414e-13,ElectricalHeater_SH,Operation
"('IMPACT World+ Midpoint 2.0.1', 'Midpoint', 'Fossil and nuclear energy use')",a6nt79wy50ngoyx0leye7zhvyu40i60z,0.030313173440043074,ElectricalHeater_SH,Operation
"('IMPACT World+ Midpoint 2.0.1', 'Midpoint', 'Mineral resources use')",a6nt79wy50ngoyx0leye7zhvyu40i60z,0.00017844063451157325,ElectricalHeater_SH,Operation
"('IMPACT World+ Midpoint 2.0.1', 'Midpoint', 'Freshwater acidification')",a6nt79wy50ngoyx0leye7zhvyu40i60z,3.386568095501609e-05,ElectricalHeater_SH,Operation
"('IMPACT World+ Damage 2.0.1', 'Ecosystem quality', 'Freshwater acidification')",a6nt79wy50ngoyx0leye7zhvyu40i60z,7.99158862568438e-05,ElectricalHeater_SH,Operation
"('IMPACT World+ Midpoint 2.0.1', 'Midpoint', 'Particulate matter formation')",a6nt79wy50ngoyx0leye7zhvyu40i60z,2.910588606214935e-06,ElectricalHeater_SH,Operation
"('IMPACT World+ Damage 2.0.1', 'Human health', 'Particulate matter formation')",a6nt79wy50ngoyx0leye7zhvyu40i60z,3.4927063598963373e-09,ElectricalHeater_SH,Operation
"('IMPACT World+ Midpoint 2.0.1', 'Midpoint', 'Terrestrial acidification')",a6nt79wy50ngoyx0leye7zhvyu40i60z,3.501360295170467e-05,ElectricalHeater_SH,Operation
"('IMPACT World+ Damage 2.0.1', 'Ecosystem quality', 'Terrestrial acidification')",a6nt79wy50ngoyx0leye7zhvyu40i60z,0.0005002596173856107,ElectricalHeater_SH,Operation
"('IMPACT World+ Midpoint 2.0.1', 'Midpoint', 'Freshwater eutrophication')",a6nt79wy50ngoyx0leye7zhvyu40i60z,9.720833779088752e-07,ElectricalHeater_SH,Operation
"('IMPACT World+ Damage 2.0.1', 'Ecosystem quality', 'Freshwater eutrophication')",a6nt79wy50ngoyx0leye7zhvyu40i60z,3.522016696839262e-06,ElectricalHeater_SH,Operation
"('IMPACT World+ Damage 2.0.1', 'Ecosystem quality', 'Ionizing radiation, ecosystem quality')",a6nt79wy50ngoyx0leye7zhvyu40i60z,3.299663026342432e-13,ElectricalHeater_SH,Operation
"('IMPACT World+ Damage 2.0.1', 'Human health', 'Ionizing radiation, human health')",a6nt79wy50ngoyx0leye7zhvyu40i60z,4.11813506013203e-12,ElectricalHeater_SH,Operation
"('IMPACT World+ Midpoint 2.0.1', 'Midpoint', 'Ionizing radiations')",a6nt79wy50ngoyx0leye7zhvyu40i60z,0.019610167454199315,ElectricalHeater_SH,Operation
"('IMPACT World+ Midpoint 2.0.1', 'Midpoint', 'Land occupation, biodiversity')",a6nt79wy50ngoyx0leye7zhvyu40i60z,0.00012801074663196092,ElectricalHeater_SH,Operation
"('IMPACT World+ Damage 2.0.1', 'Ecosystem quality', 'Land occupation, biodiversity')",a6nt79wy50ngoyx0leye7zhvyu40i60z,8.424498576433086e-05,ElectricalHeater_SH,Operation
"('IMPACT World+ Midpoint 2.0.1', 'Midpoint', 'Land transformation, biodiversity')",a6nt79wy50ngoyx0leye7zhvyu40i60z,9.895940901969127e-07,ElectricalHeater_SH,Operation
"('IMPACT World+ Damage 2.0.1', 'Ecosystem quality', 'Land transformation, biodiversity')",a6nt79wy50ngoyx0leye7zhvyu40i60z,0.00015751041186804336,ElectricalHeater_SH,Operation
"('IMPACT World+ Damage 2.0.1', 'Ecosystem quality', 'Thermally polluted water')",a6nt79wy50ngoyx0leye7zhvyu40i60z,4.665211716086226e-09,ElectricalHeater_SH,Operation
"('IMPACT World+ Damage 2.0.1', 'Ecosystem quality', 'Water availability, freshwater ecosystem')",a6nt79wy50ngoyx0leye7zhvyu40i60z,1.0397409041870026e-08,ElectricalHeater_SH,Operation
"('IMPACT World+ Damage 2.0.1', 'Human health', 'Water availability, human health')",a6nt79wy50ngoyx0leye7zhvyu40i60z,3.873483296510752e-09,ElectricalHeater_SH,Operation
"('IMPACT World+ Midpoint 2.0.1', 'Midpoint', 'Water scarcity')",a6nt79wy50ngoyx0leye7zhvyu40i60z,0.001458541508113509,ElectricalHeater_SH,Operation
"('IMPACT World+ Damage 2.0.1', 'Ecosystem quality', 'Water availability, terrestrial ecosystem')",a6nt79wy50ngoyx0leye7zhvyu40i60z,8.599873632587807e-08,ElectricalHeater_SH,Operation
"('IMPACT World+ Damage 2.0.1', 'Human health', 'Total human health')",a6nt79wy50ngoyx0leye7zhvyu40i60z,3.1710069885025435e-08,ElectricalHeater_SH,Operation
"('IMPACT World+ Damage 2.0.1', 'Ecosystem quality', 'Total ecosystem quality')",a6nt79wy50ngoyx0leye7zhvyu40i60z,0.004872383524970615,ElectricalHeater_SH,Operation
"('IMPACT World+ Damage 2.0.1', 'Ecosystem quality', 'Climate change, ecosystem quality, long term')",ccygyd92p8fnwyzjwcdhvrlefx3gxvwd,0.0013918751684757764,ElectricalHeater_DHW,Operation
"('IMPACT World+ Damage 2.0.1', 'Ecosystem quality', 'Climate change, ecosystem quality, short term')",ccygyd92p8fnwyzjwcdhvrlefx3gxvwd,0.00043583920831565264,ElectricalHeater_DHW,Operation
"('IMPACT World+ Damage 2.0.1', 'Human health', 'Climate change, human health, long term')",ccygyd92p8fnwyzjwcdhvrlefx3gxvwd,6.336189665102501e-09,ElectricalHeater_DHW,Operation
"('IMPACT World+ Damage 2.0.1', 'Human health', 'Climate change, human health, short term')",ccygyd92p8fnwyzjwcdhvrlefx3gxvwd,2.0143423664549027e-09,ElectricalHeater_DHW,Operation
"('IMPACT World+ Midpoint 2.0.1', 'Midpoint', 'Climate change, long term')",ccygyd92p8fnwyzjwcdhvrlefx3gxvwd,0.0022758390308351656,ElectricalHeater_DHW,Operation
"('IMPACT World+ Midpoint 2.0.1', 'Midpoint', 'Climate change, short term')",ccygyd92p8fnwyzjwcdhvrlefx3gxvwd,0.0024124141503545616,ElectricalHeater_DHW,Operation
"('IMPACT World+ Damage 2.0.1', 'Ecosystem quality', 'Marine acidification, long term')",ccygyd92p8fnwyzjwcdhvrlefx3gxvwd,0.0003284041794038327,ElectricalHeater_DHW,Operation
"('IMPACT World+ Damage 2.0.1', 'Ecosystem quality', 'Marine acidification, short term')",ccygyd92p8fnwyzjwcdhvrlefx3gxvwd,3.5712856179328525e-05,ElectricalHeater_DHW,Operation
"('IMPACT World+ Midpoint 2.0.1', 'Midpoint', 'Photochemical oxidant formation')",ccygyd92p8fnwyzjwcdhvrlefx3gxvwd,1.3470135373940004e-05,ElectricalHeater_DHW,Operation
"('IMPACT World+ Damage 2.0.1', 'Human health', 'Photochemical oxidant formation')",ccygyd92p8fnwyzjwcdhvrlefx3gxvwd,5.195343402325761e-13,ElectricalHeater_DHW,Operation
"('IMPACT World+ Midpoint 2.0.1', 'Midpoint', 'Freshwater ecotoxicity')",ccygyd92p8fnwyzjwcdhvrlefx3gxvwd,3.322245090671275,ElectricalHeater_DHW,Operation
"('IMPACT World+ Damage 2.0.1', 'Ecosystem quality', 'Freshwater ecotoxicity, short term')",ccygyd92p8fnwyzjwcdhvrlefx3gxvwd,0.0001177399774801972,ElectricalHeater_DHW,Operation
"('IMPACT World+ Midpoint 2.0.1', 'Midpoint', 'Human toxicity cancer')",ccygyd92p8fnwyzjwcdhvrlefx3gxvwd,3.7885312575722683e-10,ElectricalHeater_DHW,Operation
"('IMPACT World+ Damage 2.0.1', 'Human health', 'Human toxicity cancer, short term')",ccygyd92p8fnwyzjwcdhvrlefx3gxvwd,4.203958837738777e-09,ElectricalHeater_DHW,Operation
"('IMPACT World+ Midpoint 2.0.1', 'Midpoint', 'Human toxicity non-cancer')",ccygyd92p8fnwyzjwcdhvrlefx3gxvwd,4.307907856749783e-09,ElectricalHeater_DHW,Operation
"('IMPACT World+ Damage 2.0.1', 'Human health', 'Human toxicity non-cancer, short term')",ccygyd92p8fnwyzjwcdhvrlefx3gxvwd,6.376844930895799e-09,ElectricalHeater_DHW,Operation
"('IMPACT World+ Damage 2.0.1', 'Ecosystem quality', 'Freshwater ecotoxicity, long term')",ccygyd92p8fnwyzjwcdhvrlefx3gxvwd,0.0017328669446022393,ElectricalHeater_DHW,Operation
"('IMPACT World+ Damage 2.0.1', 'Human health', 'Human toxicity cancer, long term')",ccygyd92p8fnwyzjwcdhvrlefx3gxvwd,1.5285206486757957e-10,ElectricalHeater_DHW,Operation
"('IMPACT World+ Damage 2.0.1', 'Human health', 'Human toxicity non-cancer, long term')",ccygyd92p8fnwyzjwcdhvrlefx3gxvwd,5.2545063565118036e-09,ElectricalHeater_DHW,Operation
"('IMPACT World+ Midpoint 2.0.1', 'Midpoint', 'Marine eutrophication')",ccygyd92p8fnwyzjwcdhvrlefx3gxvwd,5.018561454589949e-07,ElectricalHeater_DHW,Operation
"('IMPACT World+ Damage 2.0.1', 'Ecosystem quality', 'Marine eutrophication')",ccygyd92p8fnwyzjwcdhvrlefx3gxvwd,4.391241271008445e-06,ElectricalHeater_DHW,Operation
"('IMPACT World+ Midpoint 2.0.1', 'Midpoint', 'Ozone layer depletion')",ccygyd92p8fnwyzjwcdhvrlefx3gxvwd,2.137474042899691e-10,ElectricalHeater_DHW,Operation
"('IMPACT World+ Damage 2.0.1', 'Human health', 'Ozone layer depletion')",ccygyd92p8fnwyzjwcdhvrlefx3gxvwd,5.483782108570414e-13,ElectricalHeater_DHW,Operation
"('IMPACT World+ Midpoint 2.0.1', 'Midpoint', 'Fossil and nuclear energy use')",ccygyd92p8fnwyzjwcdhvrlefx3gxvwd,0.030313173440043074,ElectricalHeater_DHW,Operation
"('IMPACT World+ Midpoint 2.0.1', 'Midpoint', 'Mineral resources use')",ccygyd92p8fnwyzjwcdhvrlefx3gxvwd,0.00017844063451157325,ElectricalHeater_DHW,Operation
"('IMPACT World+ Midpoint 2.0.1', 'Midpoint', 'Freshwater acidification')",ccygyd92p8fnwyzjwcdhvrlefx3gxvwd,3.386568095501609e-05,ElectricalHeater_DHW,Operation
"('IMPACT World+ Damage 2.0.1', 'Ecosystem quality', 'Freshwater acidification')",ccygyd92p8fnwyzjwcdhvrlefx3gxvwd,7.99158862568438e-05,ElectricalHeater_DHW,Operation
"('IMPACT World+ Midpoint 2.0.1', 'Midpoint', 'Particulate matter formation')",ccygyd92p8fnwyzjwcdhvrlefx3gxvwd,2.910588606214935e-06,ElectricalHeater_DHW,Operation
"('IMPACT World+ Damage 2.0.1', 'Human health', 'Particulate matter formation')",ccygyd92p8fnwyzjwcdhvrlefx3gxvwd,3.4927063598963373e-09,ElectricalHeater_DHW,Operation
"('IMPACT World+ Midpoint 2.0.1', 'Midpoint', 'Terrestrial acidification')",ccygyd92p8fnwyzjwcdhvrlefx3gxvwd,3.501360295170467e-05,ElectricalHeater_DHW,Operation
"('IMPACT World+ Damage 2.0.1', 'Ecosystem quality', 'Terrestrial acidification')",ccygyd92p8fnwyzjwcdhvrlefx3gxvwd,0.0005002596173856107,ElectricalHeater_DHW,Operation
"('IMPACT World+ Midpoint 2.0.1', 'Midpoint', 'Freshwater eutrophication')",ccygyd92p8fnwyzjwcdhvrlefx3gxvwd,9.720833779088752e-07,ElectricalHeater_DHW,Operation
"('IMPACT World+ Damage 2.0.1', 'Ecosystem quality', 'Freshwater eutrophication')",ccygyd92p8fnwyzjwcdhvrlefx3gxvwd,3.522016696839262e-06,ElectricalHeater_DHW,Operation
"('IMPACT World+ Damage 2.0.1', 'Ecosystem quality', 'Ionizing radiation, ecosystem quality')",ccygyd92p8fnwyzjwcdhvrlefx3gxvwd,3.299663026342432e-13,ElectricalHeater_DHW,Operation
"('IMPACT World+ Damage 2.0.1', 'Human health', 'Ionizing radiation, human health')",ccygyd92p8fnwyzjwcdhvrlefx3gxvwd,4.11813506013203e-12,ElectricalHeater_DHW,Operation
"('IMPACT World+ Midpoint 2.0.1', 'Midpoint', 'Ionizing radiations')",ccygyd92p8fnwyzjwcdhvrlefx3gxvwd,0.019610167454199315,ElectricalHeater_DHW,Operation
"('IMPACT World+ Midpoint 2.0.1', 'Midpoint', 'Land occupation, biodiversity')",ccygyd92p8fnwyzjwcdhvrlefx3gxvwd,0.00012801074663196092,ElectricalHeater_DHW,Operation
"('IMPACT World+ Damage 2.0.1', 'Ecosystem quality', 'Land occupation, biodiversity')",ccygyd92p8fnwyzjwcdhvrlefx3gxvwd,8.424498576433086e-05,ElectricalHeater_DHW,Operation
"('IMPACT World+ Midpoint 2.0.1', 'Midpoint', 'Land transformation, biodiversity')",ccygyd92p8fnwyzjwcdhvrlefx3gxvwd,9.895940901969127e-07,ElectricalHeater_DHW,Operation
"('IMPACT World+ Damage 2.0.1', 'Ecosystem quality', 'Land transformation, biodiversity')",ccygyd92p8fnwyzjwcdhvrlefx3gxvwd,0.00015751041186804336,ElectricalHeater_DHW,Operation
"('IMPACT World+ Damage 2.0.1', 'Ecosystem quality', 'Thermally polluted water')",ccygyd92p8fnwyzjwcdhvrlefx3gxvwd,4.665211716086226e-09,ElectricalHeater_DHW,Operation
"('IMPACT World+ Damage 2.0.1', 'Ecosystem quality', 'Water availability, freshwater ecosystem')",ccygyd92p8fnwyzjwcdhvrlefx3gxvwd,1.0397409041870026e-08,ElectricalHeater_DHW,Operation
"('IMPACT World+ Damage 2.0.1', 'Human health', 'Water availability, human health')",ccygyd92p8fnwyzjwcdhvrlefx3gxvwd,3.873483296510752e-09,ElectricalHeater_DHW,Operation
"('IMPACT World+ Midpoint 2.0.1', 'Midpoint', 'Water scarcity')",ccygyd92p8fnwyzjwcdhvrlefx3gxvwd,0.001458541508113509,ElectricalHeater_DHW,Operation
"('IMPACT World+ Damage 2.0.1', 'Ecosystem quality', 'Water availability, terrestrial ecosystem')",ccygyd92p8fnwyzjwcdhvrlefx3gxvwd,8.599873632587807e-08,ElectricalHeater_DHW,Operation
"('IMPACT World+ Damage 2.0.1', 'Human health', 'Total human health')",ccygyd92p8fnwyzjwcdhvrlefx3gxvwd,3.1710069885025435e-08,ElectricalHeater_DHW,Operation
"('IMPACT World+ Damage 2.0.1', 'Ecosystem quality', 'Total ecosystem quality')",ccygyd92p8fnwyzjwcdhvrlefx3gxvwd,0.004872383524970615,ElectricalHeater_DHW,Operation
"('IMPACT World+ Damage 2.0.1', 'Ecosystem quality', 'Climate change, ecosystem quality, long term')",gudzw2u93pgp2g8i148hy11hb8tzd0hh,0.04493369712839081,PV,Operation
"('IMPACT World+ Damage 2.0.1', 'Ecosystem quality', 'Climate change, ecosystem quality, short term')",gudzw2u93pgp2g8i148hy11hb8tzd0hh,0.014056197039718587,PV,Operation
"('IMPACT World+ Damage 2.0.1', 'Human health', 'Climate change, human health, long term')",gudzw2u93pgp2g8i148hy11hb8tzd0hh,2.0455477736547588e-07,PV,Operation
"('IMPACT World+ Damage 2.0.1', 'Human health', 'Climate change, human health, short term')",gudzw2u93pgp2g8i148hy11hb8tzd0hh,6.496561315296021e-08,PV,Operation
"('IMPACT World+ Midpoint 2.0.1', 'Midpoint', 'Climate change, long term')",gudzw2u93pgp2g8i148hy11hb8tzd0hh,0.07342980906667361,PV,Operation
"('IMPACT World+ Midpoint 2.0.1', 'Midpoint', 'Climate change, short term')",gudzw2u93pgp2g8i148hy11hb8tzd0hh,0.07781024423316635,PV,Operation
"('IMPACT World+ Damage 2.0.1', 'Ecosystem quality', 'Marine acidification, long term')",gudzw2u93pgp2g8i148hy11hb8tzd0hh,0.010492828046932282,PV,Operation
"('IMPACT World+ Damage 2.0.1', 'Ecosystem quality', 'Marine acidification, short term')",gudzw2u93pgp2g8i148hy11hb8tzd0hh,0.0011413707124703454,PV,Operation
"('IMPACT World+ Midpoint 2.0.1', 'Midpoint', 'Photochemical oxidant formation')",gudzw2u93pgp2g8i148hy11hb8tzd0hh,0.0003321878380433889,PV,Operation
"('IMPACT World+ Damage 2.0.1', 'Human health', 'Photochemical oxidant formation')",gudzw2u93pgp2g8i148hy11hb8tzd0hh,1.2848103447042765e-11,PV,Operation
"('IMPACT World+ Midpoint 2.0.1', 'Midpoint', 'Freshwater ecotoxicity')",gudzw2u93pgp2g8i148hy11hb8tzd0hh,37.69997228088487,PV,Operation
"('IMPACT World+ Damage 2.0.1', 'Ecosystem quality', 'Freshwater ecotoxicity, short term')",gudzw2u93pgp2g8i148hy11hb8tzd0hh,0.002618497991185951,PV,Operation
"('IMPACT World+ Midpoint 2.0.1', 'Midpoint', 'Human toxicity cancer')",gudzw2u93pgp2g8i148hy11hb8tzd0hh,3.0144137963736746e-09,PV,Operation
"('IMPACT World+ Damage 2.0.1', 'Human health', 'Human toxicity cancer, short term')",gudzw2u93pgp2g8i148hy11hb8tzd0hh,3.335088523444527e-08,PV,Operation
"('IMPACT World+ Midpoint 2.0.1', 'Midpoint', 'Human toxicity non-cancer')",gudzw2u93pgp2g8i148hy11hb8tzd0hh,4.363713406176698e-08,PV,Operation
"('IMPACT World+ Damage 2.0.1', 'Human health', 'Human toxicity non-cancer, short term')",gudzw2u93pgp2g8i148hy11hb8tzd0hh,6.095956514876565e-08,PV,Operation
"('IMPACT World+ Damage 2.0.1', 'Ecosystem quality', 'Freshwater ecotoxicity, long term')",gudzw2u93pgp2g8i148hy11hb8tzd0hh,0.01843673831973613,PV,Operation
"('IMPACT World+ Damage 2.0.1', 'Human health', 'Human toxicity cancer, long term')",gudzw2u93pgp2g8i148hy11hb8tzd0hh,1.314873097703376e-09,PV,Operation
"('IMPACT World+ Damage 2.0.1', 'Human health', 'Human toxicity non-cancer, long term')",gudzw2u93pgp2g8i148hy11hb8tzd0hh,5.686069931870988e-08,PV,Operation
"('IMPACT World+ Midpoint 2.0.1', 'Midpoint', 'Marine eutrophication')",gudzw2u93pgp2g8i148hy11hb8tzd0hh,2.1857089072855643e-05,PV,Operation
"('IMPACT World+ Damage 2.0.1', 'Ecosystem quality', 'Marine eutrophication')",gudzw2u93pgp2g8i148hy11hb8tzd0hh,0.0001912495303716161,PV,Operation
"('IMPACT World+ Midpoint 2.0.1', 'Midpoint', 'Ozone layer depletion')",gudzw2u93pgp2g8i148hy11hb8tzd0hh,1.0091749919449987e-08,PV,Operation
"('IMPACT World+ Damage 2.0.1', 'Human health', 'Ozone layer depletion')",gudzw2u93pgp2g8i148hy11hb8tzd0hh,2.5374140703183054e-11,PV,Operation
"('IMPACT World+ Midpoint 2.0.1', 'Midpoint', 'Fossil and nuclear energy use')",gudzw2u93pgp2g8i148hy11hb8tzd0hh,1.0932095990520319,PV,Operation
"('IMPACT World+ Midpoint 2.0.1', 'Midpoint', 'Mineral resources use')",gudzw2u93pgp2g8i148hy11hb8tzd0hh,0.0017436503797135575,PV,Operation
"('IMPACT World+ Midpoint 2.0.1', 'Midpoint', 'Freshwater acidification')",gudzw2u93pgp2g8i148hy11hb8tzd0hh,0.0004407193044713505,PV,Operation
"('IMPACT World+ Damage 2.0.1', 'Ecosystem quality', 'Freshwater acidification')",gudzw2u93pgp2g8i148hy11hb8tzd0hh,0.0010272192726765935,PV,Operation
"('IMPACT World+ Midpoint 2.0.1', 'Midpoint', 'Particulate matter formation')",gudzw2u93pgp2g8i148hy11hb8tzd0hh,5.313854661413579e-05,PV,Operation
"('IMPACT World+ Damage 2.0.1', 'Human health', 'Particulate matter formation')",gudzw2u93pgp2g8i148hy11hb8tzd0hh,6.37662569268177e-08,PV,Operation
"('IMPACT World+ Midpoint 2.0.1', 'Midpoint', 'Terrestrial acidification')",gudzw2u93pgp2g8i148hy11hb8tzd0hh,0.0004596174723756178,PV,Operation
"('IMPACT World+ Damage 2.0.1', 'Ecosystem quality', 'Terrestrial acidification')",gudzw2u93pgp2g8i148hy11hb8tzd0hh,0.0065803755540627725,PV,Operation
"('IMPACT World+ Midpoint 2.0.1', 'Midpoint', 'Freshwater eutrophication')",gudzw2u93pgp2g8i148hy11hb8tzd0hh,5.5421214343913795e-06,PV,Operation
"('IMPACT World+ Damage 2.0.1', 'Ecosystem quality', 'Freshwater eutrophication')",gudzw2u93pgp2g8i148hy11hb8tzd0hh,2.0080009739189995e-05,PV,Operation
"('IMPACT World+ Damage 2.0.1', 'Ecosystem quality', 'Ionizing radiation, ecosystem quality')",gudzw2u93pgp2g8i148hy11hb8tzd0hh,3.968468486573854e-11,PV,Operation
"('IMPACT World+ Damage 2.0.1', 'Human health', 'Ionizing radiation, human health')",gudzw2u93pgp2g8i148hy11hb8tzd0hh,1.8654089061550537e-10,PV,Operation
"('IMPACT World+ Midpoint 2.0.1', 'Midpoint', 'Ionizing radiations')",gudzw2u93pgp2g8i148hy11hb8tzd0hh,0.8882899755623979,PV,Operation
"('IMPACT World+ Midpoint 2.0.1', 'Midpoint', 'Land occupation, biodiversity')",gudzw2u93pgp2g8i148hy11hb8tzd0hh,0.002062554358596821,PV,Operation
"('IMPACT World+ Damage 2.0.1', 'Ecosystem quality', 'Land occupation, biodiversity')",gudzw2u93pgp2g8i148hy11hb8tzd0hh,0.0013573848781811648,PV,Operation
"('IMPACT World+ Midpoint 2.0.1', 'Midpoint', 'Land transformation, biodiversity')",gudzw2u93pgp2g8i148hy11hb8tzd0hh,1.678814313207973e-05,PV,Operation
"('IMPACT World+ Damage 2.0.1', 'Ecosystem quality', 'Land transformation, biodiversity')",gudzw2u93pgp2g8i148hy11hb8tzd0hh,0.0026721130858914574,PV,Operation
"('IMPACT World+ Damage 2.0.1', 'Ecosystem quality', 'Thermally polluted water')",gudzw2u93pgp2g8i148hy11hb8tzd0hh,3.7438436987332163e-07,PV,Operation
"('IMPACT World+ Damage 2.0.1', 'Ecosystem quality', 'Water availability, freshwater ecosystem')",gudzw2u93pgp2g8i148hy11hb8tzd0hh,8.005278470543339e-07,PV,Operation
"('IMPACT World+ Damage 2.0.1', 'Human health', 'Water availability, human health')",gudzw2u93pgp2g8i148hy11hb8tzd0hh,2.934155984916345e-07,PV,Operation
"('IMPACT World+ Midpoint 2.0.1', 'Midpoint', 'Water scarcity')",gudzw2u93pgp2g8i148hy11hb8tzd0hh,0.11229750494833013,PV,Operation
"('IMPACT World+ Damage 2.0.1', 'Ecosystem quality', 'Water availability, terrestrial ecosystem')",gudzw2u93pgp2g8i148hy11hb8tzd0hh,3.9487917226543825e-06,PV,Operation
"('IMPACT World+ Damage 2.0.1', 'Human health', 'Total human health')",gudzw2u93pgp2g8i148hy11hb8tzd0hh,7.794130304438992e-07,PV,Operation
"('IMPACT World+ Damage 2.0.1', 'Ecosystem quality', 'Total ecosystem quality')",gudzw2u93pgp2g8i148hy11hb8tzd0hh,0.10353287465391381,PV,Operation
"('IMPACT World+ Damage 2.0.1', 'Ecosystem quality', 'Climate change, ecosystem quality, long term')",hej2a6xwbkiinzti8m29xaqoa0wosm0n,0.005597613752432319,ThermalSolar,Operation
"('IMPACT World+ Damage 2.0.1', 'Ecosystem quality', 'Climate change, ecosystem quality, short term')",hej2a6xwbkiinzti8m29xaqoa0wosm0n,0.0017551895679166175,ThermalSolar,Operation
"('IMPACT World+ Damage 2.0.1', 'Human health', 'Climate change, human health, long term')",hej2a6xwbkiinzti8m29xaqoa0wosm0n,2.54816864009607e-08,ThermalSolar,Operation
"('IMPACT World+ Damage 2.0.1', 'Human health', 'Climate change, human health, short term')",hej2a6xwbkiinzti8m29xaqoa0wosm0n,8.112122399154305e-09,ThermalSolar,Operation
"('IMPACT World+ Midpoint 2.0.1', 'Midpoint', 'Climate change, long term')",hej2a6xwbkiinzti8m29xaqoa0wosm0n,0.009158306708900762,ThermalSolar,Operation
"('IMPACT World+ Midpoint 2.0.1', 'Midpoint', 'Climate change, short term')",hej2a6xwbkiinzti8m29xaqoa0wosm0n,0.009712322554644886,ThermalSolar,Operation
"('IMPACT World+ Damage 2.0.1', 'Ecosystem quality', 'Marine acidification, long term')",hej2a6xwbkiinzti8m29xaqoa0wosm0n,0.0013190129601302236,ThermalSolar,Operation
"('IMPACT World+ Damage 2.0.1', 'Ecosystem quality', 'Marine acidification, short term')",hej2a6xwbkiinzti8m29xaqoa0wosm0n,0.00014343834207297812,ThermalSolar,Operation
"('IMPACT World+ Midpoint 2.0.1', 'Midpoint', 'Photochemical oxidant formation')",hej2a6xwbkiinzti8m29xaqoa0wosm0n,5.360057056607193e-05,ThermalSolar,Operation
"('IMPACT World+ Damage 2.0.1', 'Human health', 'Photochemical oxidant formation')",hej2a6xwbkiinzti8m29xaqoa0wosm0n,2.0672666012045196e-12,ThermalSolar,Operation
"('IMPACT World+ Midpoint 2.0.1', 'Midpoint', 'Freshwater ecotoxicity')",hej2a6xwbkiinzti8m29xaqoa0wosm0n,13.183369401543693,ThermalSolar,Operation
"('IMPACT World+ Damage 2.0.1', 'Ecosystem quality', 'Freshwater ecotoxicity, short term')",hej2a6xwbkiinzti8m29xaqoa0wosm0n,0.0004690929363201724,ThermalSolar,Operation
"('IMPACT World+ Midpoint 2.0.1', 'Midpoint', 'Human toxicity cancer')",hej2a6xwbkiinzti8m29xaqoa0wosm0n,1.5068032822002303e-09,ThermalSolar,Operation
"('IMPACT World+ Damage 2.0.1', 'Human health', 'Human toxicity cancer, short term')",hej2a6xwbkiinzti8m29xaqoa0wosm0n,1.67240424690964e-08,ThermalSolar,Operation
"('IMPACT World+ Midpoint 2.0.1', 'Midpoint', 'Human toxicity non-cancer')",hej2a6xwbkiinzti8m29xaqoa0wosm0n,1.7001381344385203e-08,ThermalSolar,Operation
"('IMPACT World+ Damage 2.0.1', 'Human health', 'Human toxicity non-cancer, short term')",hej2a6xwbkiinzti8m29xaqoa0wosm0n,2.5152811464795476e-08,ThermalSolar,Operation
"('IMPACT World+ Damage 2.0.1', 'Ecosystem quality', 'Freshwater ecotoxicity, long term')",hej2a6xwbkiinzti8m29xaqoa0wosm0n,0.006875383850346953,ThermalSolar,Operation
"('IMPACT World+ Damage 2.0.1', 'Human health', 'Human toxicity cancer, long term')",hej2a6xwbkiinzti8m29xaqoa0wosm0n,6.041951006003753e-10,ThermalSolar,Operation
"('IMPACT World+ Damage 2.0.1', 'Human health', 'Human toxicity non-cancer, long term')",hej2a6xwbkiinzti8m29xaqoa0wosm0n,2.075091845848283e-08,ThermalSolar,Operation
"('IMPACT World+ Midpoint 2.0.1', 'Midpoint', 'Marine eutrophication')",hej2a6xwbkiinzti8m29xaqoa0wosm0n,2.00223821771914e-06,ThermalSolar,Operation
"('IMPACT World+ Damage 2.0.1', 'Ecosystem quality', 'Marine eutrophication')",hej2a6xwbkiinzti8m29xaqoa0wosm0n,1.7519584397915957e-05,ThermalSolar,Operation
"('IMPACT World+ Midpoint 2.0.1', 'Midpoint', 'Ozone layer depletion')",hej2a6xwbkiinzti8m29xaqoa0wosm0n,8.621919380948151e-10,ThermalSolar,Operation
"('IMPACT World+ Damage 2.0.1', 'Human health', 'Ozone layer depletion')",hej2a6xwbkiinzti8m29xaqoa0wosm0n,2.2013047712277493e-12,ThermalSolar,Operation
"('IMPACT World+ Midpoint 2.0.1', 'Midpoint', 'Fossil and nuclear energy use')",hej2a6xwbkiinzti8m29xaqoa0wosm0n,0.13864309270434677,ThermalSolar,Operation
"('IMPACT World+ Midpoint 2.0.1', 'Midpoint', 'Mineral resources use')",hej2a6xwbkiinzti8m29xaqoa0wosm0n,0.000708746679473821,ThermalSolar,Operation
"('IMPACT World+ Midpoint 2.0.1', 'Midpoint', 'Freshwater acidification')",hej2a6xwbkiinzti8m29xaqoa0wosm0n,0.00013404337899686612,ThermalSolar,Operation
"('IMPACT World+ Damage 2.0.1', 'Ecosystem quality', 'Freshwater acidification')",hej2a6xwbkiinzti8m29xaqoa0wosm0n,0.0003162897225996013,ThermalSolar,Operation
"('IMPACT World+ Midpoint 2.0.1', 'Midpoint', 'Particulate matter formation')",hej2a6xwbkiinzti8m29xaqoa0wosm0n,1.1532515237380832e-05,ThermalSolar,Operation
"('IMPACT World+ Damage 2.0.1', 'Human health', 'Particulate matter formation')",hej2a6xwbkiinzti8m29xaqoa0wosm0n,1.3839018413632922e-08,ThermalSolar,Operation
"('IMPACT World+ Midpoint 2.0.1', 'Midpoint', 'Terrestrial acidification')",hej2a6xwbkiinzti8m29xaqoa0wosm0n,0.00013863979427021467,ThermalSolar,Operation
"('IMPACT World+ Damage 2.0.1', 'Ecosystem quality', 'Terrestrial acidification')",hej2a6xwbkiinzti8m29xaqoa0wosm0n,0.001980845448361583,ThermalSolar,Operation
"('IMPACT World+ Midpoint 2.0.1', 'Midpoint', 'Freshwater eutrophication')",hej2a6xwbkiinzti8m29xaqoa0wosm0n,3.817898657991708e-06,ThermalSolar,Operation
"('IMPACT World+ Damage 2.0.1', 'Ecosystem quality', 'Freshwater eutrophication')",hej2a6xwbkiinzti8m29xaqoa0wosm0n,1.3832869819170526e-05,ThermalSolar,Operation
"('IMPACT World+ Damage 2.0.1', 'Ecosystem quality', 'Ionizing radiation, ecosystem quality')",hej2a6xwbkiinzti8m29xaqoa0wosm0n,3.1832161035474768e-12,ThermalSolar,Operation
"('IMPACT World+ Damage 2.0.1', 'Human health', 'Ionizing radiation, human health')",hej2a6xwbkiinzti8m29xaqoa0wosm0n,4.260246381526387e-11,ThermalSolar,Operation
"('IMPACT World+ Midpoint 2.0.1', 'Midpoint', 'Ionizing radiations')",hej2a6xwbkiinzti8m29xaqoa0wosm0n,0.2028688805285812,ThermalSolar,Operation
"('IMPACT World+ Midpoint 2.0.1', 'Midpoint', 'Land occupation, biodiversity')",hej2a6xwbkiinzti8m29xaqoa0wosm0n,0.0005244746682361898,ThermalSolar,Operation
"('IMPACT World+ Damage 2.0.1', 'Ecosystem quality', 'Land occupation, biodiversity')",hej2a6xwbkiinzti8m29xaqoa0wosm0n,0.00034516133736106576,ThermalSolar,Operation
"('IMPACT World+ Midpoint 2.0.1', 'Midpoint', 'Land transformation, biodiversity')",hej2a6xwbkiinzti8m29xaqoa0wosm0n,3.92838931274231e-06,ThermalSolar,Operation
"('IMPACT World+ Damage 2.0.1', 'Ecosystem quality', 'Land transformation, biodiversity')",hej2a6xwbkiinzti8m29xaqoa0wosm0n,0.0006252687078204211,ThermalSolar,Operation
"('IMPACT World+ Damage 2.0.1', 'Ecosystem quality', 'Thermally polluted water')",hej2a6xwbkiinzti8m29xaqoa0wosm0n,2.2878198953847317e-08,ThermalSolar,Operation
"('IMPACT World+ Damage 2.0.1', 'Ecosystem quality', 'Water availability, freshwater ecosystem')",hej2a6xwbkiinzti8m29xaqoa0wosm0n,5.930465129028222e-08,ThermalSolar,Operation
"('IMPACT World+ Damage 2.0.1', 'Human health', 'Water availability, human health')",hej2a6xwbkiinzti8m29xaqoa0wosm0n,2.2164779008172478e-08,ThermalSolar,Operation
"('IMPACT World+ Midpoint 2.0.1', 'Midpoint', 'Water scarcity')",hej2a6xwbkiinzti8m29xaqoa0wosm0n,0.00831921637233819,ThermalSolar,Operation
"('IMPACT World+ Damage 2.0.1', 'Ecosystem quality', 'Water availability, terrestrial ecosystem')",hej2a6xwbkiinzti8m29xaqoa0wosm0n,3.431799656428899e-07,ThermalSolar,Operation
"('IMPACT World+ Damage 2.0.1', 'Human health', 'Total human health')",hej2a6xwbkiinzti8m29xaqoa0wosm0n,1.3287644458788565e-07,ThermalSolar,Operation
"('IMPACT World+ Damage 2.0.1', 'Ecosystem quality', 'Total ecosystem quality')",hej2a6xwbkiinzti8m29xaqoa0wosm0n,0.019459074324807393,ThermalSolar,Operation
"('IMPACT World+ Damage 2.0.1', 'Ecosystem quality', 'Climate change, ecosystem quality, long term')",glhsjegm2cfjxez3c2h4i6mkxls95xwq,0.3761846488424425,NG_Cogeneration,Operation
"('IMPACT World+ Damage 2.0.1', 'Ecosystem quality', 'Climate change, ecosystem quality, short term')",glhsjegm2cfjxez3c2h4i6mkxls95xwq,0.1097002441599128,NG_Cogeneration,Operation
"('IMPACT World+ Damage 2.0.1', 'Human health', 'Climate change, human health, long term')",glhsjegm2cfjxez3c2h4i6mkxls95xwq,1.7129714071596717e-06,NG_Cogeneration,Operation
"('IMPACT World+ Damage 2.0.1', 'Human health', 'Climate change, human health, short term')",glhsjegm2cfjxez3c2h4i6mkxls95xwq,5.069972932180434e-07,NG_Cogeneration,Operation
"('IMPACT World+ Midpoint 2.0.1', 'Midpoint', 'Climate change, long term')",glhsjegm2cfjxez3c2h4i6mkxls95xwq,0.6062534218550512,NG_Cogeneration,Operation
"('IMPACT World+ Midpoint 2.0.1', 'Midpoint', 'Climate change, short term')",glhsjegm2cfjxez3c2h4i6mkxls95xwq,0.6163388441683106,NG_Cogeneration,Operation
"('IMPACT World+ Damage 2.0.1', 'Ecosystem quality', 'Marine acidification, long term')",glhsjegm2cfjxez3c2h4i6mkxls95xwq,0.09065968129215,NG_Cogeneration,Operation
"('IMPACT World+ Damage 2.0.1', 'Ecosystem quality', 'Marine acidification, short term')",glhsjegm2cfjxez3c2h4i6mkxls95xwq,0.009841292862420095,NG_Cogeneration,Operation
"('IMPACT World+ Midpoint 2.0.1', 'Midpoint', 'Photochemical oxidant formation')",glhsjegm2cfjxez3c2h4i6mkxls95xwq,0.00036084560936683915,NG_Cogeneration,Operation
"('IMPACT World+ Damage 2.0.1', 'Human health', 'Photochemical oxidant formation')",glhsjegm2cfjxez3c2h4i6mkxls95xwq,1.4192304608602204e-11,NG_Cogeneration,Operation
"('IMPACT World+ Midpoint 2.0.1', 'Midpoint', 'Freshwater ecotoxicity')",glhsjegm2cfjxez3c2h4i6mkxls95xwq,0.0946839707606274,NG_Cogeneration,Operation
"('IMPACT World+ Damage 2.0.1', 'Ecosystem quality', 'Freshwater ecotoxicity, short term')",glhsjegm2cfjxez3c2h4i6mkxls95xwq,1.4296067452513696e-05,NG_Cogeneration,Operation
"('IMPACT World+ Midpoint 2.0.1', 'Midpoint', 'Human toxicity cancer')",glhsjegm2cfjxez3c2h4i6mkxls95xwq,8.918541942013046e-12,NG_Cogeneration,Operation
"('IMPACT World+ Damage 2.0.1', 'Human health', 'Human toxicity cancer, short term')",glhsjegm2cfjxez3c2h4i6mkxls95xwq,1.0026682003136483e-10,NG_Cogeneration,Operation
"('IMPACT World+ Midpoint 2.0.1', 'Midpoint', 'Human toxicity non-cancer')",glhsjegm2cfjxez3c2h4i6mkxls95xwq,5.287402278974226e-11,NG_Cogeneration,Operation
"('IMPACT World+ Damage 2.0.1', 'Human health', 'Human toxicity non-cancer, short term')",glhsjegm2cfjxez3c2h4i6mkxls95xwq,7.733682983705446e-11,NG_Cogeneration,Operation
"('IMPACT World+ Damage 2.0.1', 'Ecosystem quality', 'Freshwater ecotoxicity, long term')",glhsjegm2cfjxez3c2h4i6mkxls95xwq,3.82101166771364e-05,NG_Cogeneration,Operation
"('IMPACT World+ Damage 2.0.1', 'Human health', 'Human toxicity cancer, long term')",glhsjegm2cfjxez3c2h4i6mkxls95xwq,2.296411428046617e-12,NG_Cogeneration,Operation
"('IMPACT World+ Damage 2.0.1', 'Human health', 'Human toxicity non-cancer, long term')",glhsjegm2cfjxez3c2h4i6mkxls95xwq,6.542303490362221e-11,NG_Cogeneration,Operation
"('IMPACT World+ Midpoint 2.0.1', 'Midpoint', 'Marine eutrophication')",glhsjegm2cfjxez3c2h4i6mkxls95xwq,8.701179517295143e-06,NG_Cogeneration,Operation
"('IMPACT World+ Damage 2.0.1', 'Ecosystem quality', 'Marine eutrophication')",glhsjegm2cfjxez3c2h4i6mkxls95xwq,7.613532055988196e-05,NG_Cogeneration,Operation
"('IMPACT World+ Midpoint 2.0.1', 'Midpoint', 'Ozone layer depletion')",glhsjegm2cfjxez3c2h4i6mkxls95xwq,2.605439397701359e-10,NG_Cogeneration,Operation
"('IMPACT World+ Damage 2.0.1', 'Human health', 'Ozone layer depletion')",glhsjegm2cfjxez3c2h4i6mkxls95xwq,5.233912346406877e-13,NG_Cogeneration,Operation
"('IMPACT World+ Midpoint 2.0.1', 'Midpoint', 'Fossil and nuclear energy use')",glhsjegm2cfjxez3c2h4i6mkxls95xwq,0.021080374680531914,NG_Cogeneration,Operation
"('IMPACT World+ Midpoint 2.0.1', 'Midpoint', 'Mineral resources use')",glhsjegm2cfjxez3c2h4i6mkxls95xwq,1.0237049022349469e-05,NG_Cogeneration,Operation
"('IMPACT World+ Midpoint 2.0.1', 'Midpoint', 'Freshwater acidification')",glhsjegm2cfjxez3c2h4i6mkxls95xwq,9.932703410755255e-05,NG_Cogeneration,Operation
"('IMPACT World+ Damage 2.0.1', 'Ecosystem quality', 'Freshwater acidification')",glhsjegm2cfjxez3c2h4i6mkxls95xwq,0.00020464835257700493,NG_Cogeneration,Operation
"('IMPACT World+ Midpoint 2.0.1', 'Midpoint', 'Particulate matter formation')",glhsjegm2cfjxez3c2h4i6mkxls95xwq,6.325516250137588e-06,NG_Cogeneration,Operation
"('IMPACT World+ Damage 2.0.1', 'Human health', 'Particulate matter formation')",glhsjegm2cfjxez3c2h4i6mkxls95xwq,7.590619625644797e-09,NG_Cogeneration,Operation
"('IMPACT World+ Midpoint 2.0.1', 'Midpoint', 'Terrestrial acidification')",glhsjegm2cfjxez3c2h4i6mkxls95xwq,0.00011248401761231456,NG_Cogeneration,Operation
"('IMPACT World+ Damage 2.0.1', 'Ecosystem quality', 'Terrestrial acidification')",glhsjegm2cfjxez3c2h4i6mkxls95xwq,0.0016385596961279233,NG_Cogeneration,Operation
"('IMPACT World+ Midpoint 2.0.1', 'Midpoint', 'Freshwater eutrophication')",glhsjegm2cfjxez3c2h4i6mkxls95xwq,1.3818532518274802e-07,NG_Cogeneration,Operation
"('IMPACT World+ Damage 2.0.1', 'Ecosystem quality', 'Freshwater eutrophication')",glhsjegm2cfjxez3c2h4i6mkxls95xwq,5.006679797063852e-07,NG_Cogeneration,Operation
"('IMPACT World+ Damage 2.0.1', 'Ecosystem quality', 'Ionizing radiation, ecosystem quality')",glhsjegm2cfjxez3c2h4i6mkxls95xwq,2.927740483988766e-13,NG_Cogeneration,Operation
"('IMPACT World+ Damage 2.0.1', 'Human health', 'Ionizing radiation, human health')",glhsjegm2cfjxez3c2h4i6mkxls95xwq,2.3481143238448995e-12,NG_Cogeneration,Operation
"('IMPACT World+ Midpoint 2.0.1', 'Midpoint', 'Ionizing radiations')",glhsjegm2cfjxez3c2h4i6mkxls95xwq,0.011181497031809583,NG_Cogeneration,Operation
"('IMPACT World+ Midpoint 2.0.1', 'Midpoint', 'Land occupation, biodiversity')",glhsjegm2cfjxez3c2h4i6mkxls95xwq,7.445320015860078e-06,NG_Cogeneration,Operation
"('IMPACT World+ Damage 2.0.1', 'Ecosystem quality', 'Land occupation, biodiversity')",glhsjegm2cfjxez3c2h4i6mkxls95xwq,4.899830040472716e-06,NG_Cogeneration,Operation
"('IMPACT World+ Midpoint 2.0.1', 'Midpoint', 'Land transformation, biodiversity')",glhsjegm2cfjxez3c2h4i6mkxls95xwq,3.0677228352900967e-07,NG_Cogeneration,Operation
"('IMPACT World+ Damage 2.0.1', 'Ecosystem quality', 'Land transformation, biodiversity')",glhsjegm2cfjxez3c2h4i6mkxls95xwq,4.882792684715396e-05,NG_Cogeneration,Operation
"('IMPACT World+ Damage 2.0.1', 'Ecosystem quality', 'Thermally polluted water')",glhsjegm2cfjxez3c2h4i6mkxls95xwq,9.919767026841857e-10,NG_Cogeneration,Operation
"('IMPACT World+ Damage 2.0.1', 'Ecosystem quality', 'Water availability, freshwater ecosystem')",glhsjegm2cfjxez3c2h4i6mkxls95xwq,1.240750597808323e-09,NG_Cogeneration,Operation
"('IMPACT World+ Damage 2.0.1', 'Human health', 'Water availability, human health')",glhsjegm2cfjxez3c2h4i6mkxls95xwq,3.958076265804073e-10,NG_Cogeneration,Operation
"('IMPACT World+ Midpoint 2.0.1', 'Midpoint', 'Water scarcity')",glhsjegm2cfjxez3c2h4i6mkxls95xwq,0.0001740516546794857,NG_Cogeneration,Operation
"('IMPACT World+ Damage 2.0.1', 'Ecosystem quality', 'Water availability, terrestrial ecosystem')",glhsjegm2cfjxez3c2h4i6mkxls95xwq,3.199085087450281e-08,NG_Cogeneration,Operation
"('IMPACT World+ Damage 2.0.1', 'Human health', 'Total human health')",glhsjegm2cfjxez3c2h4i6mkxls95xwq,2.2282175146662227e-06,NG_Cogeneration,Operation
"('IMPACT World+ Damage 2.0.1', 'Ecosystem quality', 'Total ecosystem quality')",glhsjegm2cfjxez3c2h4i6mkxls95xwq,0.5884119771073003,NG_Cogeneration,Operation
"('IMPACT World+ Damage 2.0.1', 'Ecosystem quality', 'Climate change, ecosystem quality, long term')",2yev47luzxzuqthyulbr1h1xyn54g3ej,0.3761846488424425,NG_Cogeneration_district,Operation
"('IMPACT World+ Damage 2.0.1', 'Ecosystem quality', 'Climate change, ecosystem quality, short term')",2yev47luzxzuqthyulbr1h1xyn54g3ej,0.1097002441599128,NG_Cogeneration_district,Operation
"('IMPACT World+ Damage 2.0.1', 'Human health', 'Climate change, human health, long term')",2yev47luzxzuqthyulbr1h1xyn54g3ej,1.7129714071596717e-06,NG_Cogeneration_district,Operation
"('IMPACT World+ Damage 2.0.1', 'Human health', 'Climate change, human health, short term')",2yev47luzxzuqthyulbr1h1xyn54g3ej,5.069972932180434e-07,NG_Cogeneration_district,Operation
"('IMPACT World+ Midpoint 2.0.1', 'Midpoint', 'Climate change, long term')",2yev47luzxzuqthyulbr1h1xyn54g3ej,0.6062534218550512,NG_Cogeneration_district,Operation
"('IMPACT World+ Midpoint 2.0.1', 'Midpoint', 'Climate change, short term')",2yev47luzxzuqthyulbr1h1xyn54g3ej,0.6163388441683106,NG_Cogeneration_district,Operation
"('IMPACT World+ Damage 2.0.1', 'Ecosystem quality', 'Marine acidification, long term')",2yev47luzxzuqthyulbr1h1xyn54g3ej,0.09065968129215,NG_Cogeneration_district,Operation
"('IMPACT World+ Damage 2.0.1', 'Ecosystem quality', 'Marine acidification, short term')",2yev47luzxzuqthyulbr1h1xyn54g3ej,0.009841292862420095,NG_Cogeneration_district,Operation
"('IMPACT World+ Midpoint 2.0.1', 'Midpoint', 'Photochemical oxidant formation')",2yev47luzxzuqthyulbr1h1xyn54g3ej,0.00036084560936683915,NG_Cogeneration_district,Operation
"('IMPACT World+ Damage 2.0.1', 'Human health', 'Photochemical oxidant formation')",2yev47luzxzuqthyulbr1h1xyn54g3ej,1.4192304608602204e-11,NG_Cogeneration_district,Operation
"('IMPACT World+ Midpoint 2.0.1', 'Midpoint', 'Freshwater ecotoxicity')",2yev47luzxzuqthyulbr1h1xyn54g3ej,0.0946839707606274,NG_Cogeneration_district,Operation
"('IMPACT World+ Damage 2.0.1', 'Ecosystem quality', 'Freshwater ecotoxicity, short term')",2yev47luzxzuqthyulbr1h1xyn54g3ej,1.4296067452513696e-05,NG_Cogeneration_district,Operation
"('IMPACT World+ Midpoint 2.0.1', 'Midpoint', 'Human toxicity cancer')",2yev47luzxzuqthyulbr1h1xyn54g3ej,8.918541942013046e-12,NG_Cogeneration_district,Operation
"('IMPACT World+ Damage 2.0.1', 'Human health', 'Human toxicity cancer, short term')",2yev47luzxzuqthyulbr1h1xyn54g3ej,1.0026682003136483e-10,NG_Cogeneration_district,Operation
"('IMPACT World+ Midpoint 2.0.1', 'Midpoint', 'Human toxicity non-cancer')",2yev47luzxzuqthyulbr1h1xyn54g3ej,5.287402278974226e-11,NG_Cogeneration_district,Operation
"('IMPACT World+ Damage 2.0.1', 'Human health', 'Human toxicity non-cancer, short term')",2yev47luzxzuqthyulbr1h1xyn54g3ej,7.733682983705446e-11,NG_Cogeneration_district,Operation
"('IMPACT World+ Damage 2.0.1', 'Ecosystem quality', 'Freshwater ecotoxicity, long term')",2yev47luzxzuqthyulbr1h1xyn54g3ej,3.82101166771364e-05,NG_Cogeneration_district,Operation
"('IMPACT World+ Damage 2.0.1', 'Human health', 'Human toxicity cancer, long term')",2yev47luzxzuqthyulbr1h1xyn54g3ej,2.296411428046617e-12,NG_Cogeneration_district,Operation
"('IMPACT World+ Damage 2.0.1', 'Human health', 'Human toxicity non-cancer, long term')",2yev47luzxzuqthyulbr1h1xyn54g3ej,6.542303490362221e-11,NG_Cogeneration_district,Operation
"('IMPACT World+ Midpoint 2.0.1', 'Midpoint', 'Marine eutrophication')",2yev47luzxzuqthyulbr1h1xyn54g3ej,8.701179517295143e-06,NG_Cogeneration_district,Operation
"('IMPACT World+ Damage 2.0.1', 'Ecosystem quality', 'Marine eutrophication')",2yev47luzxzuqthyulbr1h1xyn54g3ej,7.613532055988196e-05,NG_Cogeneration_district,Operation
"('IMPACT World+ Midpoint 2.0.1', 'Midpoint', 'Ozone layer depletion')",2yev47luzxzuqthyulbr1h1xyn54g3ej,2.605439397701359e-10,NG_Cogeneration_district,Operation
"('IMPACT World+ Damage 2.0.1', 'Human health', 'Ozone layer depletion')",2yev47luzxzuqthyulbr1h1xyn54g3ej,5.233912346406877e-13,NG_Cogeneration_district,Operation
"('IMPACT World+ Midpoint 2.0.1', 'Midpoint', 'Fossil and nuclear energy use')",2yev47luzxzuqthyulbr1h1xyn54g3ej,0.021080374680531914,NG_Cogeneration_district,Operation
"('IMPACT World+ Midpoint 2.0.1', 'Midpoint', 'Mineral resources use')",2yev47luzxzuqthyulbr1h1xyn54g3ej,1.0237049022349469e-05,NG_Cogeneration_district,Operation
"('IMPACT World+ Midpoint 2.0.1', 'Midpoint', 'Freshwater acidification')",2yev47luzxzuqthyulbr1h1xyn54g3ej,9.932703410755255e-05,NG_Cogeneration_district,Operation
"('IMPACT World+ Damage 2.0.1', 'Ecosystem quality', 'Freshwater acidification')",2yev47luzxzuqthyulbr1h1xyn54g3ej,0.00020464835257700493,NG_Cogeneration_district,Operation
"('IMPACT World+ Midpoint 2.0.1', 'Midpoint', 'Particulate matter formation')",2yev47luzxzuqthyulbr1h1xyn54g3ej,6.325516250137588e-06,NG_Cogeneration_district,Operation
"('IMPACT World+ Damage 2.0.1', 'Human health', 'Particulate matter formation')",2yev47luzxzuqthyulbr1h1xyn54g3ej,7.590619625644797e-09,NG_Cogeneration_district,Operation
"('IMPACT World+ Midpoint 2.0.1', 'Midpoint', 'Terrestrial acidification')",2yev47luzxzuqthyulbr1h1xyn54g3ej,0.00011248401761231456,NG_Cogeneration_district,Operation
"('IMPACT World+ Damage 2.0.1', 'Ecosystem quality', 'Terrestrial acidification')",2yev47luzxzuqthyulbr1h1xyn54g3ej,0.0016385596961279233,NG_Cogeneration_district,Operation
"('IMPACT World+ Midpoint 2.0.1', 'Midpoint', 'Freshwater eutrophication')",2yev47luzxzuqthyulbr1h1xyn54g3ej,1.3818532518274802e-07,NG_Cogeneration_district,Operation
"('IMPACT World+ Damage 2.0.1', 'Ecosystem quality', 'Freshwater eutrophication')",2yev47luzxzuqthyulbr1h1xyn54g3ej,5.006679797063852e-07,NG_Cogeneration_district,Operation
"('IMPACT World+ Damage 2.0.1', 'Ecosystem quality', 'Ionizing radiation, ecosystem quality')",2yev47luzxzuqthyulbr1h1xyn54g3ej,2.927740483988766e-13,NG_Cogeneration_district,Operation
"('IMPACT World+ Damage 2.0.1', 'Human health', 'Ionizing radiation, human health')",2yev47luzxzuqthyulbr1h1xyn54g3ej,2.3481143238448995e-12,NG_Cogeneration_district,Operation
"('IMPACT World+ Midpoint 2.0.1', 'Midpoint', 'Ionizing radiations')",2yev47luzxzuqthyulbr1h1xyn54g3ej,0.011181497031809583,NG_Cogeneration_district,Operation
"('IMPACT World+ Midpoint 2.0.1', 'Midpoint', 'Land occupation, biodiversity')",2yev47luzxzuqthyulbr1h1xyn54g3ej,7.445320015860078e-06,NG_Cogeneration_district,Operation
"('IMPACT World+ Damage 2.0.1', 'Ecosystem quality', 'Land occupation, biodiversity')",2yev47luzxzuqthyulbr1h1xyn54g3ej,4.899830040472716e-06,NG_Cogeneration_district,Operation
"('IMPACT World+ Midpoint 2.0.1', 'Midpoint', 'Land transformation, biodiversity')",2yev47luzxzuqthyulbr1h1xyn54g3ej,3.0677228352900967e-07,NG_Cogeneration_district,Operation
"('IMPACT World+ Damage 2.0.1', 'Ecosystem quality', 'Land transformation, biodiversity')",2yev47luzxzuqthyulbr1h1xyn54g3ej,4.882792684715396e-05,NG_Cogeneration_district,Operation
"('IMPACT World+ Damage 2.0.1', 'Ecosystem quality', 'Thermally polluted water')",2yev47luzxzuqthyulbr1h1xyn54g3ej,9.919767026841857e-10,NG_Cogeneration_district,Operation
"('IMPACT World+ Damage 2.0.1', 'Ecosystem quality', 'Water availability, freshwater ecosystem')",2yev47luzxzuqthyulbr1h1xyn54g3ej,1.240750597808323e-09,NG_Cogeneration_district,Operation
"('IMPACT World+ Damage 2.0.1', 'Human health', 'Water availability, human health')",2yev47luzxzuqthyulbr1h1xyn54g3ej,3.958076265804073e-10,NG_Cogeneration_district,Operation
"('IMPACT World+ Midpoint 2.0.1', 'Midpoint', 'Water scarcity')",2yev47luzxzuqthyulbr1h1xyn54g3ej,0.0001740516546794857,NG_Cogeneration_district,Operation
"('IMPACT World+ Damage 2.0.1', 'Ecosystem quality', 'Water availability, terrestrial ecosystem')",2yev47luzxzuqthyulbr1h1xyn54g3ej,3.199085087450281e-08,NG_Cogeneration_district,Operation
"('IMPACT World+ Damage 2.0.1', 'Human health', 'Total human health')",2yev47luzxzuqthyulbr1h1xyn54g3ej,2.2282175146662227e-06,NG_Cogeneration_district,Operation
"('IMPACT World+ Damage 2.0.1', 'Ecosystem quality', 'Total ecosystem quality')",2yev47luzxzuqthyulbr1h1xyn54g3ej,0.5884119771073003,NG_Cogeneration_district,Operation
"('IMPACT World+ Damage 2.0.1', 'Ecosystem quality', 'Climate change, ecosystem quality, long term')",yvvxyex89to6rjhgengrnc6njq4129ds,0.0004161610351997444,HeatPump_Geothermal_district,Operation
"('IMPACT World+ Damage 2.0.1', 'Ecosystem quality', 'Climate change, ecosystem quality, short term')",yvvxyex89to6rjhgengrnc6njq4129ds,0.003987557635400257,HeatPump_Geothermal_district,Operation
"('IMPACT World+ Damage 2.0.1', 'Human health', 'Climate change, human health, long term')",yvvxyex89to6rjhgengrnc6njq4129ds,1.6668821698775505e-09,HeatPump_Geothermal_district,Operation
"('IMPACT World+ Damage 2.0.1', 'Human health', 'Climate change, human health, short term')",yvvxyex89to6rjhgengrnc6njq4129ds,1.8482264403489635e-08,HeatPump_Geothermal_district,Operation
"('IMPACT World+ Midpoint 2.0.1', 'Midpoint', 'Climate change, long term')",yvvxyex89to6rjhgengrnc6njq4129ds,0.004582656151091981,HeatPump_Geothermal_district,Operation
"('IMPACT World+ Midpoint 2.0.1', 'Midpoint', 'Climate change, short term')",yvvxyex89to6rjhgengrnc6njq4129ds,0.022267548349146758,HeatPump_Geothermal_district,Operation
"('IMPACT World+ Damage 2.0.1', 'Ecosystem quality', 'Marine acidification, long term')",yvvxyex89to6rjhgengrnc6njq4129ds,1.287526477730172e-05,HeatPump_Geothermal_district,Operation
"('IMPACT World+ Damage 2.0.1', 'Ecosystem quality', 'Marine acidification, short term')",yvvxyex89to6rjhgengrnc6njq4129ds,1.3985504703992648e-06,HeatPump_Geothermal_district,Operation
"('IMPACT World+ Midpoint 2.0.1', 'Midpoint', 'Photochemical oxidant formation')",yvvxyex89to6rjhgengrnc6njq4129ds,5.332449001729916e-07,HeatPump_Geothermal_district,Operation
"('IMPACT World+ Damage 2.0.1', 'Human health', 'Photochemical oxidant formation')",yvvxyex89to6rjhgengrnc6njq4129ds,2.0633839232152512e-14,HeatPump_Geothermal_district,Operation
"('IMPACT World+ Midpoint 2.0.1', 'Midpoint', 'Freshwater ecotoxicity')",yvvxyex89to6rjhgengrnc6njq4129ds,0.0192787652512991,HeatPump_Geothermal_district,Operation
"('IMPACT World+ Damage 2.0.1', 'Ecosystem quality', 'Freshwater ecotoxicity, short term')",yvvxyex89to6rjhgengrnc6njq4129ds,1.784459898372473e-06,HeatPump_Geothermal_district,Operation
"('IMPACT World+ Midpoint 2.0.1', 'Midpoint', 'Human toxicity cancer')",yvvxyex89to6rjhgengrnc6njq4129ds,2.0425283092153543e-12,HeatPump_Geothermal_district,Operation
"('IMPACT World+ Damage 2.0.1', 'Human health', 'Human toxicity cancer, short term')",yvvxyex89to6rjhgengrnc6njq4129ds,2.215719537762374e-11,HeatPump_Geothermal_district,Operation
"('IMPACT World+ Midpoint 2.0.1', 'Midpoint', 'Human toxicity non-cancer')",yvvxyex89to6rjhgengrnc6njq4129ds,2.5254465201634518e-11,HeatPump_Geothermal_district,Operation
"('IMPACT World+ Damage 2.0.1', 'Human health', 'Human toxicity non-cancer, short term')",yvvxyex89to6rjhgengrnc6njq4129ds,2.6994098796104486e-11,HeatPump_Geothermal_district,Operation
"('IMPACT World+ Damage 2.0.1', 'Ecosystem quality', 'Freshwater ecotoxicity, long term')",yvvxyex89to6rjhgengrnc6njq4129ds,8.973407804104362e-06,HeatPump_Geothermal_district,Operation
"('IMPACT World+ Damage 2.0.1', 'Human health', 'Human toxicity cancer, long term')",yvvxyex89to6rjhgengrnc6njq4129ds,1.3318801003997472e-12,HeatPump_Geothermal_district,Operation
"('IMPACT World+ Damage 2.0.1', 'Human health', 'Human toxicity non-cancer, long term')",yvvxyex89to6rjhgengrnc6njq4129ds,4.119295820850711e-11,HeatPump_Geothermal_district,Operation
"('IMPACT World+ Midpoint 2.0.1', 'Midpoint', 'Marine eutrophication')",yvvxyex89to6rjhgengrnc6njq4129ds,2.6283104826451292e-08,HeatPump_Geothermal_district,Operation
"('IMPACT World+ Damage 2.0.1', 'Ecosystem quality', 'Marine eutrophication')",yvvxyex89to6rjhgengrnc6njq4129ds,2.2997717206345165e-07,HeatPump_Geothermal_district,Operation
"('IMPACT World+ Midpoint 2.0.1', 'Midpoint', 'Ozone layer depletion')",yvvxyex89to6rjhgengrnc6njq4129ds,1.2061471108412595e-08,HeatPump_Geothermal_district,Operation
"('IMPACT World+ Damage 2.0.1', 'Human health', 'Ozone layer depletion')",yvvxyex89to6rjhgengrnc6njq4129ds,2.5143510284327157e-11,HeatPump_Geothermal_district,Operation
"('IMPACT World+ Midpoint 2.0.1', 'Midpoint', 'Fossil and nuclear energy use')",yvvxyex89to6rjhgengrnc6njq4129ds,0.001512282683958288,HeatPump_Geothermal_district,Operation
"('IMPACT World+ Midpoint 2.0.1', 'Midpoint', 'Mineral resources use')",yvvxyex89to6rjhgengrnc6njq4129ds,2.1469206053563085e-05,HeatPump_Geothermal_district,Operation
"('IMPACT World+ Midpoint 2.0.1', 'Midpoint', 'Freshwater acidification')",yvvxyex89to6rjhgengrnc6njq4129ds,5.913708333210335e-07,HeatPump_Geothermal_district,Operation
"('IMPACT World+ Damage 2.0.1', 'Ecosystem quality', 'Freshwater acidification')",yvvxyex89to6rjhgengrnc6njq4129ds,1.3783922850078398e-06,HeatPump_Geothermal_district,Operation
"('IMPACT World+ Midpoint 2.0.1', 'Midpoint', 'Particulate matter formation')",yvvxyex89to6rjhgengrnc6njq4129ds,6.903154247188743e-08,HeatPump_Geothermal_district,Operation
"('IMPACT World+ Damage 2.0.1', 'Human health', 'Particulate matter formation')",yvvxyex89to6rjhgengrnc6njq4129ds,8.283785279203962e-11,HeatPump_Geothermal_district,Operation
"('IMPACT World+ Midpoint 2.0.1', 'Midpoint', 'Terrestrial acidification')",yvvxyex89to6rjhgengrnc6njq4129ds,6.096536643668148e-07,HeatPump_Geothermal_district,Operation
"('IMPACT World+ Damage 2.0.1', 'Ecosystem quality', 'Terrestrial acidification')",yvvxyex89to6rjhgengrnc6njq4129ds,8.729793519527927e-06,HeatPump_Geothermal_district,Operation
"('IMPACT World+ Midpoint 2.0.1', 'Midpoint', 'Freshwater eutrophication')",yvvxyex89to6rjhgengrnc6njq4129ds,1.5387049534670425e-09,HeatPump_Geothermal_district,Operation
"('IMPACT World+ Damage 2.0.1', 'Ecosystem quality', 'Freshwater eutrophication')",yvvxyex89to6rjhgengrnc6njq4129ds,5.574979057169934e-09,HeatPump_Geothermal_district,Operation
"('IMPACT World+ Damage 2.0.1', 'Ecosystem quality', 'Ionizing radiation, ecosystem quality')",yvvxyex89to6rjhgengrnc6njq4129ds,1.203953139037833e-14,HeatPump_Geothermal_district,Operation
"('IMPACT World+ Damage 2.0.1', 'Human health', 'Ionizing radiation, human health')",yvvxyex89to6rjhgengrnc6njq4129ds,1.7084503618156805e-13,HeatPump_Geothermal_district,Operation
"('IMPACT World+ Midpoint 2.0.1', 'Midpoint', 'Ionizing radiations')",yvvxyex89to6rjhgengrnc6njq4129ds,0.0008135478125541106,HeatPump_Geothermal_district,Operation
"('IMPACT World+ Midpoint 2.0.1', 'Midpoint', 'Land occupation, biodiversity')",yvvxyex89to6rjhgengrnc6njq4129ds,1.3729742564839104e-06,HeatPump_Geothermal_district,Operation
"('IMPACT World+ Damage 2.0.1', 'Ecosystem quality', 'Land occupation, biodiversity')",yvvxyex89to6rjhgengrnc6njq4129ds,9.035662568287754e-07,HeatPump_Geothermal_district,Operation
"('IMPACT World+ Midpoint 2.0.1', 'Midpoint', 'Land transformation, biodiversity')",yvvxyex89to6rjhgengrnc6njq4129ds,1.217376043260056e-08,HeatPump_Geothermal_district,Operation
"('IMPACT World+ Damage 2.0.1', 'Ecosystem quality', 'Land transformation, biodiversity')",yvvxyex89to6rjhgengrnc6njq4129ds,1.9376570636518256e-06,HeatPump_Geothermal_district,Operation
"('IMPACT World+ Damage 2.0.1', 'Ecosystem quality', 'Thermally polluted water')",yvvxyex89to6rjhgengrnc6njq4129ds,3.1238440988107506e-10,HeatPump_Geothermal_district,Operation
"('IMPACT World+ Damage 2.0.1', 'Ecosystem quality', 'Water availability, freshwater ecosystem')",yvvxyex89to6rjhgengrnc6njq4129ds,5.54467423536303e-10,HeatPump_Geothermal_district,Operation
"('IMPACT World+ Damage 2.0.1', 'Human health', 'Water availability, human health')",yvvxyex89to6rjhgengrnc6njq4129ds,1.9853206996456248e-10,HeatPump_Geothermal_district,Operation
"('IMPACT World+ Midpoint 2.0.1', 'Midpoint', 'Water scarcity')",yvvxyex89to6rjhgengrnc6njq4129ds,7.77803151599546e-05,HeatPump_Geothermal_district,Operation
"('IMPACT World+ Damage 2.0.1', 'Ecosystem quality', 'Water availability, terrestrial ecosystem')",yvvxyex89to6rjhgengrnc6njq4129ds,1.6073235426266335e-09,HeatPump_Geothermal_district,Operation
"('IMPACT World+ Damage 2.0.1', 'Human health', 'Total human health')",yvvxyex89to6rjhgengrnc6njq4129ds,2.05475276878666e-08,HeatPump_Geothermal_district,Operation
"('IMPACT World+ Damage 2.0.1', 'Ecosystem quality', 'Total ecosystem quality')",yvvxyex89to6rjhgengrnc6njq4129ds,0.0044419376232182,HeatPump_Geothermal_district,Operation
"('IMPACT World+ Damage 2.0.1', 'Ecosystem quality', 'Climate change, ecosystem quality, long term')",2393cxjnbf1nlqewb0hh243ak3bgfzn9,0.12444230897065028,NG_Boiler_district,Operation
"('IMPACT World+ Damage 2.0.1', 'Ecosystem quality', 'Climate change, ecosystem quality, short term')",2393cxjnbf1nlqewb0hh243ak3bgfzn9,0.03519309928354685,NG_Boiler_district,Operation
"('IMPACT World+ Damage 2.0.1', 'Human health', 'Climate change, human health, long term')",2393cxjnbf1nlqewb0hh243ak3bgfzn9,5.667200040960851e-07,NG_Boiler_district,Operation
"('IMPACT World+ Damage 2.0.1', 'Human health', 'Climate change, human health, short term')",2393cxjnbf1nlqewb0hh243ak3bgfzn9,1.6264550813624644e-07,NG_Boiler_district,Operation
"('IMPACT World+ Midpoint 2.0.1', 'Midpoint', 'Climate change, long term')",2393cxjnbf1nlqewb0hh243ak3bgfzn9,0.19848863514251544,NG_Boiler_district,Operation
"('IMPACT World+ Midpoint 2.0.1', 'Midpoint', 'Climate change, short term')",2393cxjnbf1nlqewb0hh243ak3bgfzn9,0.1987310401106343,NG_Boiler_district,Operation
"('IMPACT World+ Damage 2.0.1', 'Ecosystem quality', 'Marine acidification, long term')",2393cxjnbf1nlqewb0hh243ak3bgfzn9,0.030091665494070892,NG_Boiler_district,Operation
"('IMPACT World+ Damage 2.0.1', 'Ecosystem quality', 'Marine acidification, short term')",2393cxjnbf1nlqewb0hh243ak3bgfzn9,0.0032665393301812068,NG_Boiler_district,Operation
"('IMPACT World+ Midpoint 2.0.1', 'Midpoint', 'Photochemical oxidant formation')",2393cxjnbf1nlqewb0hh243ak3bgfzn9,4.3639580548856445e-05,NG_Boiler_district,Operation
"('IMPACT World+ Damage 2.0.1', 'Human health', 'Photochemical oxidant formation')",2393cxjnbf1nlqewb0hh243ak3bgfzn9,1.701662104263146e-12,NG_Boiler_district,Operation
"('IMPACT World+ Midpoint 2.0.1', 'Midpoint', 'Freshwater ecotoxicity')",2393cxjnbf1nlqewb0hh243ak3bgfzn9,0.2682961694621815,NG_Boiler_district,Operation
"('IMPACT World+ Damage 2.0.1', 'Ecosystem quality', 'Freshwater ecotoxicity, short term')",2393cxjnbf1nlqewb0hh243ak3bgfzn9,1.280946091647697e-05,NG_Boiler_district,Operation
"('IMPACT World+ Midpoint 2.0.1', 'Midpoint', 'Human toxicity cancer')",2393cxjnbf1nlqewb0hh243ak3bgfzn9,4.8296924014685977e-11,NG_Boiler_district,Operation
"('IMPACT World+ Damage 2.0.1', 'Human health', 'Human toxicity cancer, short term')",2393cxjnbf1nlqewb0hh243ak3bgfzn9,5.353304880143873e-10,NG_Boiler_district,Operation
"('IMPACT World+ Midpoint 2.0.1', 'Midpoint', 'Human toxicity non-cancer')",2393cxjnbf1nlqewb0hh243ak3bgfzn9,3.1623469924123446e-10,NG_Boiler_district,Operation
"('IMPACT World+ Damage 2.0.1', 'Human health', 'Human toxicity non-cancer, short term')",2393cxjnbf1nlqewb0hh243ak3bgfzn9,2.749745611187415e-10,NG_Boiler_district,Operation
"('IMPACT World+ Damage 2.0.1', 'Ecosystem quality', 'Freshwater ecotoxicity, long term')",2393cxjnbf1nlqewb0hh243ak3bgfzn9,0.00013817614523280888,NG_Boiler_district,Operation
"('IMPACT World+ Damage 2.0.1', 'Human health', 'Human toxicity cancer, long term')",2393cxjnbf1nlqewb0hh243ak3bgfzn9,2.0084131951269518e-11,NG_Boiler_district,Operation
"('IMPACT World+ Damage 2.0.1', 'Human health', 'Human toxicity non-cancer, long term')",2393cxjnbf1nlqewb0hh243ak3bgfzn9,5.788591368597963e-10,NG_Boiler_district,Operation
"('IMPACT World+ Midpoint 2.0.1', 'Midpoint', 'Marine eutrophication')",2393cxjnbf1nlqewb0hh243ak3bgfzn9,1.3276633499746888e-06,NG_Boiler_district,Operation
"('IMPACT World+ Damage 2.0.1', 'Ecosystem quality', 'Marine eutrophication')",2393cxjnbf1nlqewb0hh243ak3bgfzn9,1.1617054287202865e-05,NG_Boiler_district,Operation
"('IMPACT World+ Midpoint 2.0.1', 'Midpoint', 'Ozone layer depletion')",2393cxjnbf1nlqewb0hh243ak3bgfzn9,4.17367444917523e-11,NG_Boiler_district,Operation
"('IMPACT World+ Damage 2.0.1', 'Human health', 'Ozone layer depletion')",2393cxjnbf1nlqewb0hh243ak3bgfzn9,8.839023523188449e-14,NG_Boiler_district,Operation
"('IMPACT World+ Midpoint 2.0.1', 'Midpoint', 'Fossil and nuclear energy use')",2393cxjnbf1nlqewb0hh243ak3bgfzn9,0.03454450367074915,NG_Boiler_district,Operation
"('IMPACT World+ Midpoint 2.0.1', 'Midpoint', 'Mineral resources use')",2393cxjnbf1nlqewb0hh243ak3bgfzn9,1.5556424330005325e-05,NG_Boiler_district,Operation
"('IMPACT World+ Midpoint 2.0.1', 'Midpoint', 'Freshwater acidification')",2393cxjnbf1nlqewb0hh243ak3bgfzn9,1.7626748418014818e-05,NG_Boiler_district,Operation
"('IMPACT World+ Damage 2.0.1', 'Ecosystem quality', 'Freshwater acidification')",2393cxjnbf1nlqewb0hh243ak3bgfzn9,3.712959737728567e-05,NG_Boiler_district,Operation
"('IMPACT World+ Midpoint 2.0.1', 'Midpoint', 'Particulate matter formation')",2393cxjnbf1nlqewb0hh243ak3bgfzn9,1.3716227346284305e-06,NG_Boiler_district,Operation
"('IMPACT World+ Damage 2.0.1', 'Human health', 'Particulate matter formation')",2393cxjnbf1nlqewb0hh243ak3bgfzn9,1.645947317669091e-09,NG_Boiler_district,Operation
"('IMPACT World+ Midpoint 2.0.1', 'Midpoint', 'Terrestrial acidification')",2393cxjnbf1nlqewb0hh243ak3bgfzn9,1.9754921029803417e-05,NG_Boiler_district,Operation
"('IMPACT World+ Damage 2.0.1', 'Ecosystem quality', 'Terrestrial acidification')",2393cxjnbf1nlqewb0hh243ak3bgfzn9,0.0002869599374370664,NG_Boiler_district,Operation
"('IMPACT World+ Midpoint 2.0.1', 'Midpoint', 'Freshwater eutrophication')",2393cxjnbf1nlqewb0hh243ak3bgfzn9,9.35652308504653e-09,NG_Boiler_district,Operation
"('IMPACT World+ Damage 2.0.1', 'Ecosystem quality', 'Freshwater eutrophication')",2393cxjnbf1nlqewb0hh243ak3bgfzn9,3.390020934897238e-08,NG_Boiler_district,Operation
"('IMPACT World+ Damage 2.0.1', 'Ecosystem quality', 'Ionizing radiation, ecosystem quality')",2393cxjnbf1nlqewb0hh243ak3bgfzn9,3.3035481531065327e-12,NG_Boiler_district,Operation
"('IMPACT World+ Damage 2.0.1', 'Human health', 'Ionizing radiation, human health')",2393cxjnbf1nlqewb0hh243ak3bgfzn9,4.625653216336479e-11,NG_Boiler_district,Operation
"('IMPACT World+ Midpoint 2.0.1', 'Midpoint', 'Ionizing radiations')",2393cxjnbf1nlqewb0hh243ak3bgfzn9,0.22026920646511217,NG_Boiler_district,Operation
"('IMPACT World+ Midpoint 2.0.1', 'Midpoint', 'Land occupation, biodiversity')",2393cxjnbf1nlqewb0hh243ak3bgfzn9,3.919262490749095e-05,NG_Boiler_district,Operation
"('IMPACT World+ Damage 2.0.1', 'Ecosystem quality', 'Land occupation, biodiversity')",2393cxjnbf1nlqewb0hh243ak3bgfzn9,2.5793001120402286e-05,NG_Boiler_district,Operation
"('IMPACT World+ Midpoint 2.0.1', 'Midpoint', 'Land transformation, biodiversity')",2393cxjnbf1nlqewb0hh243ak3bgfzn9,8.247755515215392e-08,NG_Boiler_district,Operation
"('IMPACT World+ Damage 2.0.1', 'Ecosystem quality', 'Land transformation, biodiversity')",2393cxjnbf1nlqewb0hh243ak3bgfzn9,1.3127678094941935e-05,NG_Boiler_district,Operation
"('IMPACT World+ Damage 2.0.1', 'Ecosystem quality', 'Thermally polluted water')",2393cxjnbf1nlqewb0hh243ak3bgfzn9,8.011193991545837e-09,NG_Boiler_district,Operation
"('IMPACT World+ Damage 2.0.1', 'Ecosystem quality', 'Water availability, freshwater ecosystem')",2393cxjnbf1nlqewb0hh243ak3bgfzn9,3.2396934421054825e-08,NG_Boiler_district,Operation
"('IMPACT World+ Damage 2.0.1', 'Human health', 'Water availability, human health')",2393cxjnbf1nlqewb0hh243ak3bgfzn9,1.2193834947389856e-08,NG_Boiler_district,Operation
"('IMPACT World+ Midpoint 2.0.1', 'Midpoint', 'Water scarcity')",2393cxjnbf1nlqewb0hh243ak3bgfzn9,0.004544620048934789,NG_Boiler_district,Operation
"('IMPACT World+ Damage 2.0.1', 'Ecosystem quality', 'Water availability, terrestrial ecosystem')",2393cxjnbf1nlqewb0hh243ak3bgfzn9,1.0299562978687214e-08,NG_Boiler_district,Operation
"('IMPACT World+ Damage 2.0.1', 'Human health', 'Total human health')",2393cxjnbf1nlqewb0hh243ak3bgfzn9,7.446625893847658e-07,NG_Boiler_district,Operation
"('IMPACT World+ Damage 2.0.1', 'Ecosystem quality', 'Total ecosystem quality')",2393cxjnbf1nlqewb0hh243ak3bgfzn9,0.19351930982232105,NG_Boiler_district,Operation
"('IMPACT World+ Damage 2.0.1', 'Ecosystem quality', 'Climate change, ecosystem quality, long term')",luv22q1cr1wclnl55qpiu4ucwgdhgmk4,0.01731687638936598,Natural_gas,Resource
"('IMPACT World+ Damage 2.0.1', 'Ecosystem quality', 'Climate change, ecosystem quality, short term')",luv22q1cr1wclnl55qpiu4ucwgdhgmk4,0.01059963948762289,Natural_gas,Resource
"('IMPACT World+ Damage 2.0.1', 'Human health', 'Climate change, human health, long term')",luv22q1cr1wclnl55qpiu4ucwgdhgmk4,7.852657598491242e-08,Natural_gas,Resource
"('IMPACT World+ Damage 2.0.1', 'Human health', 'Climate change, human health, short term')",luv22q1cr1wclnl55qpiu4ucwgdhgmk4,4.899333769862652e-08,Natural_gas,Resource
"('IMPACT World+ Midpoint 2.0.1', 'Midpoint', 'Climate change, long term')",luv22q1cr1wclnl55qpiu4ucwgdhgmk4,0.03471796716282071,Natural_gas,Resource
"('IMPACT World+ Midpoint 2.0.1', 'Midpoint', 'Climate change, short term')",luv22q1cr1wclnl55qpiu4ucwgdhgmk4,0.053946277854305905,Natural_gas,Resource
"('IMPACT World+ Damage 2.0.1', 'Ecosystem quality', 'Marine acidification, long term')",luv22q1cr1wclnl55qpiu4ucwgdhgmk4,0.004081447519629701,Natural_gas,Resource
"('IMPACT World+ Damage 2.0.1', 'Ecosystem quality', 'Marine acidification, short term')",luv22q1cr1wclnl55qpiu4ucwgdhgmk4,0.00044317185746053987,Natural_gas,Resource
"('IMPACT World+ Midpoint 2.0.1', 'Midpoint', 'Photochemical oxidant formation')",luv22q1cr1wclnl55qpiu4ucwgdhgmk4,0.00017354972336613452,Natural_gas,Resource
"('IMPACT World+ Damage 2.0.1', 'Human health', 'Photochemical oxidant formation')",luv22q1cr1wclnl55qpiu4ucwgdhgmk4,6.38540871968324e-12,Natural_gas,Resource
"('IMPACT World+ Midpoint 2.0.1', 'Midpoint', 'Freshwater ecotoxicity')",luv22q1cr1wclnl55qpiu4ucwgdhgmk4,2.3781695545891104,Natural_gas,Resource
"('IMPACT World+ Damage 2.0.1', 'Ecosystem quality', 'Freshwater ecotoxicity, short term')",luv22q1cr1wclnl55qpiu4ucwgdhgmk4,0.0005262967537517105,Natural_gas,Resource
"('IMPACT World+ Midpoint 2.0.1', 'Midpoint', 'Human toxicity cancer')",luv22q1cr1wclnl55qpiu4ucwgdhgmk4,5.525250979295856e-10,Natural_gas,Resource
"('IMPACT World+ Damage 2.0.1', 'Human health', 'Human toxicity cancer, short term')",luv22q1cr1wclnl55qpiu4ucwgdhgmk4,6.283422984638275e-09,Natural_gas,Resource
"('IMPACT World+ Midpoint 2.0.1', 'Midpoint', 'Human toxicity non-cancer')",luv22q1cr1wclnl55qpiu4ucwgdhgmk4,1.1867100887151862e-09,Natural_gas,Resource
"('IMPACT World+ Damage 2.0.1', 'Human health', 'Human toxicity non-cancer, short term')",luv22q1cr1wclnl55qpiu4ucwgdhgmk4,1.1041984671035193e-09,Natural_gas,Resource
"('IMPACT World+ Damage 2.0.1', 'Ecosystem quality', 'Freshwater ecotoxicity, long term')",luv22q1cr1wclnl55qpiu4ucwgdhgmk4,0.0007931838122724121,Natural_gas,Resource
"('IMPACT World+ Damage 2.0.1', 'Human health', 'Human toxicity cancer, long term')",luv22q1cr1wclnl55qpiu4ucwgdhgmk4,7.061558989957802e-11,Natural_gas,Resource
"('IMPACT World+ Damage 2.0.1', 'Human health', 'Human toxicity non-cancer, long term')",luv22q1cr1wclnl55qpiu4ucwgdhgmk4,2.0999188277218196e-09,Natural_gas,Resource
"('IMPACT World+ Midpoint 2.0.1', 'Midpoint', 'Marine eutrophication')",luv22q1cr1wclnl55qpiu4ucwgdhgmk4,2.6732956072160863e-06,Natural_gas,Resource
"('IMPACT World+ Damage 2.0.1', 'Ecosystem quality', 'Marine eutrophication')",luv22q1cr1wclnl55qpiu4ucwgdhgmk4,2.3391336493106125e-05,Natural_gas,Resource
"('IMPACT World+ Midpoint 2.0.1', 'Midpoint', 'Ozone layer depletion')",luv22q1cr1wclnl55qpiu4ucwgdhgmk4,4.779918239660649e-08,Natural_gas,Resource
"('IMPACT World+ Damage 2.0.1', 'Human health', 'Ozone layer depletion')",luv22q1cr1wclnl55qpiu4ucwgdhgmk4,9.785229649392992e-11,Natural_gas,Resource
"('IMPACT World+ Midpoint 2.0.1', 'Midpoint', 'Fossil and nuclear energy use')",luv22q1cr1wclnl55qpiu4ucwgdhgmk4,4.852071375454097,Natural_gas,Resource
"('IMPACT World+ Midpoint 2.0.1', 'Midpoint', 'Mineral resources use')",luv22q1cr1wclnl55qpiu4ucwgdhgmk4,0.0007250777770280144,Natural_gas,Resource
"('IMPACT World+ Midpoint 2.0.1', 'Midpoint', 'Freshwater acidification')",luv22q1cr1wclnl55qpiu4ucwgdhgmk4,0.00011345068834363748,Natural_gas,Resource
"('IMPACT World+ Damage 2.0.1', 'Ecosystem quality', 'Freshwater acidification')",luv22q1cr1wclnl55qpiu4ucwgdhgmk4,0.00025987040663991433,Natural_gas,Resource
"('IMPACT World+ Midpoint 2.0.1', 'Midpoint', 'Particulate matter formation')",luv22q1cr1wclnl55qpiu4ucwgdhgmk4,7.087349465179581e-06,Natural_gas,Resource
"('IMPACT World+ Damage 2.0.1', 'Human health', 'Particulate matter formation')",luv22q1cr1wclnl55qpiu4ucwgdhgmk4,8.504819400904384e-09,Natural_gas,Resource
"('IMPACT World+ Midpoint 2.0.1', 'Midpoint', 'Terrestrial acidification')",luv22q1cr1wclnl55qpiu4ucwgdhgmk4,0.00011826854479257638,Natural_gas,Resource
"('IMPACT World+ Damage 2.0.1', 'Ecosystem quality', 'Terrestrial acidification')",luv22q1cr1wclnl55qpiu4ucwgdhgmk4,0.0016983343224358937,Natural_gas,Resource
"('IMPACT World+ Midpoint 2.0.1', 'Midpoint', 'Freshwater eutrophication')",luv22q1cr1wclnl55qpiu4ucwgdhgmk4,3.2278005041576523e-07,Natural_gas,Resource
"('IMPACT World+ Damage 2.0.1', 'Ecosystem quality', 'Freshwater eutrophication')",luv22q1cr1wclnl55qpiu4ucwgdhgmk4,1.169484777938879e-06,Natural_gas,Resource
"('IMPACT World+ Damage 2.0.1', 'Ecosystem quality', 'Ionizing radiation, ecosystem quality')",luv22q1cr1wclnl55qpiu4ucwgdhgmk4,1.164085826004848e-12,Natural_gas,Resource
"('IMPACT World+ Damage 2.0.1', 'Human health', 'Ionizing radiation, human health')",luv22q1cr1wclnl55qpiu4ucwgdhgmk4,1.132861376155411e-11,Natural_gas,Resource
"('IMPACT World+ Midpoint 2.0.1', 'Midpoint', 'Ionizing radiations')",luv22q1cr1wclnl55qpiu4ucwgdhgmk4,0.05394578110899404,Natural_gas,Resource
"('IMPACT World+ Midpoint 2.0.1', 'Midpoint', 'Land occupation, biodiversity')",luv22q1cr1wclnl55qpiu4ucwgdhgmk4,0.00016361811216093693,Natural_gas,Resource
"('IMPACT World+ Damage 2.0.1', 'Ecosystem quality', 'Land occupation, biodiversity')",luv22q1cr1wclnl55qpiu4ucwgdhgmk4,0.00010767850724704761,Natural_gas,Resource
"('IMPACT World+ Midpoint 2.0.1', 'Midpoint', 'Land transformation, biodiversity')",luv22q1cr1wclnl55qpiu4ucwgdhgmk4,1.5411041584827516e-05,Natural_gas,Resource
"('IMPACT World+ Damage 2.0.1', 'Ecosystem quality', 'Land transformation, biodiversity')",luv22q1cr1wclnl55qpiu4ucwgdhgmk4,0.0024529242863036036,Natural_gas,Resource
"('IMPACT World+ Damage 2.0.1', 'Ecosystem quality', 'Thermally polluted water')",luv22q1cr1wclnl55qpiu4ucwgdhgmk4,7.603489788520863e-09,Natural_gas,Resource
"('IMPACT World+ Damage 2.0.1', 'Ecosystem quality', 'Water availability, freshwater ecosystem')",luv22q1cr1wclnl55qpiu4ucwgdhgmk4,1.9028962084721227e-08,Natural_gas,Resource
"('IMPACT World+ Damage 2.0.1', 'Human health', 'Water availability, human health')",luv22q1cr1wclnl55qpiu4ucwgdhgmk4,6.754271298100532e-09,Natural_gas,Resource
"('IMPACT World+ Midpoint 2.0.1', 'Midpoint', 'Water scarcity')",luv22q1cr1wclnl55qpiu4ucwgdhgmk4,0.0026693699310163413,Natural_gas,Resource
"('IMPACT World+ Damage 2.0.1', 'Ecosystem quality', 'Water availability, terrestrial ecosystem')",luv22q1cr1wclnl55qpiu4ucwgdhgmk4,1.9893969481375962e-07,Natural_gas,Resource
"('IMPACT World+ Damage 2.0.1', 'Human health', 'Total human health')",luv22q1cr1wclnl55qpiu4ucwgdhgmk4,1.524527261824375e-07,Natural_gas,Resource
"('IMPACT World+ Damage 2.0.1', 'Ecosystem quality', 'Total ecosystem quality')",luv22q1cr1wclnl55qpiu4ucwgdhgmk4,0.038304209464312095,Natural_gas,Resource
"('IMPACT World+ Damage 2.0.1', 'Ecosystem quality', 'Climate change, ecosystem quality, long term')",ytb7v412976ju731khhv4d8o9szsrrqt,0.02219130166046748,Oil,Resource
"('IMPACT World+ Damage 2.0.1', 'Ecosystem quality', 'Climate change, ecosystem quality, short term')",ytb7v412976ju731khhv4d8o9szsrrqt,0.006978499351601679,Oil,Resource
"('IMPACT World+ Damage 2.0.1', 'Human health', 'Climate change, human health, long term')",ytb7v412976ju731khhv4d8o9szsrrqt,1.0101942019138148e-07,Oil,Resource
"('IMPACT World+ Damage 2.0.1', 'Human health', 'Climate change, human health, short term')",ytb7v412976ju731khhv4d8o9szsrrqt,3.225261890908732e-08,Oil,Resource
"('IMPACT World+ Midpoint 2.0.1', 'Midpoint', 'Climate change, long term')",ytb7v412976ju731khhv4d8o9szsrrqt,0.03634730581781884,Oil,Resource
"('IMPACT World+ Midpoint 2.0.1', 'Midpoint', 'Climate change, short term')",ytb7v412976ju731khhv4d8o9szsrrqt,0.038679339399677944,Oil,Resource
"('IMPACT World+ Damage 2.0.1', 'Ecosystem quality', 'Marine acidification, long term')",ytb7v412976ju731khhv4d8o9szsrrqt,0.005340516498616371,Oil,Resource
"('IMPACT World+ Damage 2.0.1', 'Ecosystem quality', 'Marine acidification, short term')",ytb7v412976ju731khhv4d8o9szsrrqt,0.0005799514618534517,Oil,Resource
"('IMPACT World+ Midpoint 2.0.1', 'Midpoint', 'Photochemical oxidant formation')",ytb7v412976ju731khhv4d8o9szsrrqt,0.0002847464781069717,Oil,Resource
"('IMPACT World+ Damage 2.0.1', 'Human health', 'Photochemical oxidant formation')",ytb7v412976ju731khhv4d8o9szsrrqt,1.103044445375612e-11,Oil,Resource
"('IMPACT World+ Midpoint 2.0.1', 'Midpoint', 'Freshwater ecotoxicity')",ytb7v412976ju731khhv4d8o9szsrrqt,11.836548034255939,Oil,Resource
"('IMPACT World+ Damage 2.0.1', 'Ecosystem quality', 'Freshwater ecotoxicity, short term')",ytb7v412976ju731khhv4d8o9szsrrqt,0.0033456031645969207,Oil,Resource
"('IMPACT World+ Midpoint 2.0.1', 'Midpoint', 'Human toxicity cancer')",ytb7v412976ju731khhv4d8o9szsrrqt,4.5683016331760973e-10,Oil,Resource
"('IMPACT World+ Damage 2.0.1', 'Human health', 'Human toxicity cancer, short term')",ytb7v412976ju731khhv4d8o9szsrrqt,5.066107726066522e-09,Oil,Resource
"('IMPACT World+ Midpoint 2.0.1', 'Midpoint', 'Human toxicity non-cancer')",ytb7v412976ju731khhv4d8o9szsrrqt,2.7821546555110443e-09,Oil,Resource
"('IMPACT World+ Damage 2.0.1', 'Human health', 'Human toxicity non-cancer, short term')",ytb7v412976ju731khhv4d8o9szsrrqt,3.1435928850647557e-09,Oil,Resource
"('IMPACT World+ Damage 2.0.1', 'Ecosystem quality', 'Freshwater ecotoxicity, long term')",ytb7v412976ju731khhv4d8o9szsrrqt,0.0031755008997308987,Oil,Resource
"('IMPACT World+ Damage 2.0.1', 'Human health', 'Human toxicity cancer, long term')",ytb7v412976ju731khhv4d8o9szsrrqt,1.8743911139253076e-10,Oil,Resource
"('IMPACT World+ Damage 2.0.1', 'Human health', 'Human toxicity non-cancer, long term')",ytb7v412976ju731khhv4d8o9szsrrqt,4.368224808377664e-09,Oil,Resource
"('IMPACT World+ Midpoint 2.0.1', 'Midpoint', 'Marine eutrophication')",ytb7v412976ju731khhv4d8o9szsrrqt,6.097921322382069e-06,Oil,Resource
"('IMPACT World+ Damage 2.0.1', 'Ecosystem quality', 'Marine eutrophication')",ytb7v412976ju731khhv4d8o9szsrrqt,5.3356811422284014e-05,Oil,Resource
"('IMPACT World+ Midpoint 2.0.1', 'Midpoint', 'Ozone layer depletion')",ytb7v412976ju731khhv4d8o9szsrrqt,7.229098946277797e-08,Oil,Resource
"('IMPACT World+ Damage 2.0.1', 'Human health', 'Ozone layer depletion')",ytb7v412976ju731khhv4d8o9szsrrqt,1.4421051679426278e-10,Oil,Resource
"('IMPACT World+ Midpoint 2.0.1', 'Midpoint', 'Fossil and nuclear energy use')",ytb7v412976ju731khhv4d8o9szsrrqt,4.42746563512243,Oil,Resource
"('IMPACT World+ Midpoint 2.0.1', 'Midpoint', 'Mineral resources use')",ytb7v412976ju731khhv4d8o9szsrrqt,0.0007068292367732367,Oil,Resource
"('IMPACT World+ Midpoint 2.0.1', 'Midpoint', 'Freshwater acidification')",ytb7v412976ju731khhv4d8o9szsrrqt,0.0003296190647146801,Oil,Resource
"('IMPACT World+ Damage 2.0.1', 'Ecosystem quality', 'Freshwater acidification')",ytb7v412976ju731khhv4d8o9szsrrqt,0.0007653878202116274,Oil,Resource
"('IMPACT World+ Midpoint 2.0.1', 'Midpoint', 'Particulate matter formation')",ytb7v412976ju731khhv4d8o9szsrrqt,2.4053219780544317e-05,Oil,Resource
"('IMPACT World+ Damage 2.0.1', 'Human health', 'Particulate matter formation')",ytb7v412976ju731khhv4d8o9szsrrqt,2.8863864082445256e-08,Oil,Resource
"('IMPACT World+ Midpoint 2.0.1', 'Midpoint', 'Terrestrial acidification')",ytb7v412976ju731khhv4d8o9szsrrqt,0.0003396858999115666,Oil,Resource
"('IMPACT World+ Damage 2.0.1', 'Ecosystem quality', 'Terrestrial acidification')",ytb7v412976ju731khhv4d8o9szsrrqt,0.004867303277804482,Oil,Resource
"('IMPACT World+ Midpoint 2.0.1', 'Midpoint', 'Freshwater eutrophication')",ytb7v412976ju731khhv4d8o9szsrrqt,3.5913772564339e-05,Oil,Resource
"('IMPACT World+ Damage 2.0.1', 'Ecosystem quality', 'Freshwater eutrophication')",ytb7v412976ju731khhv4d8o9szsrrqt,0.000130121458316266,Oil,Resource
"('IMPACT World+ Damage 2.0.1', 'Ecosystem quality', 'Ionizing radiation, ecosystem quality')",ytb7v412976ju731khhv4d8o9szsrrqt,7.016993535725775e-11,Oil,Resource
"('IMPACT World+ Damage 2.0.1', 'Human health', 'Ionizing radiation, human health')",ytb7v412976ju731khhv4d8o9szsrrqt,3.94581908558179e-10,Oil,Resource
"('IMPACT World+ Midpoint 2.0.1', 'Midpoint', 'Ionizing radiations')",ytb7v412976ju731khhv4d8o9szsrrqt,1.8789615053744662,Oil,Resource
"('IMPACT World+ Midpoint 2.0.1', 'Midpoint', 'Land occupation, biodiversity')",ytb7v412976ju731khhv4d8o9szsrrqt,0.0005142688370427652,Oil,Resource
"('IMPACT World+ Damage 2.0.1', 'Ecosystem quality', 'Land occupation, biodiversity')",ytb7v412976ju731khhv4d8o9szsrrqt,0.00033844477637117164,Oil,Resource
"('IMPACT World+ Midpoint 2.0.1', 'Midpoint', 'Land transformation, biodiversity')",ytb7v412976ju731khhv4d8o9szsrrqt,8.151906614237156e-05,Oil,Resource
"('IMPACT World+ Damage 2.0.1', 'Ecosystem quality', 'Land transformation, biodiversity')",ytb7v412976ju731khhv4d8o9szsrrqt,0.012975119362396174,Oil,Resource
"('IMPACT World+ Damage 2.0.1', 'Ecosystem quality', 'Thermally polluted water')",ytb7v412976ju731khhv4d8o9szsrrqt,3.9204602576510216e-08,Oil,Resource
"('IMPACT World+ Damage 2.0.1', 'Ecosystem quality', 'Water availability, freshwater ecosystem')",ytb7v412976ju731khhv4d8o9szsrrqt,5.001033420573681e-08,Oil,Resource
"('IMPACT World+ Damage 2.0.1', 'Human health', 'Water availability, human health')",ytb7v412976ju731khhv4d8o9szsrrqt,1.8344103581691375e-08,Oil,Resource
"('IMPACT World+ Midpoint 2.0.1', 'Midpoint', 'Water scarcity')",ytb7v412976ju731khhv4d8o9szsrrqt,0.007015415857921854,Oil,Resource
"('IMPACT World+ Damage 2.0.1', 'Ecosystem quality', 'Water availability, terrestrial ecosystem')",ytb7v412976ju731khhv4d8o9szsrrqt,3.123735720298669e-07,Oil,Resource
"('IMPACT World+ Damage 2.0.1', 'Human health', 'Total human health')",ytb7v412976ju731khhv4d8o9szsrrqt,1.9379519382581946e-07,Oil,Resource
"('IMPACT World+ Damage 2.0.1', 'Ecosystem quality', 'Total ecosystem quality')",ytb7v412976ju731khhv4d8o9szsrrqt,0.06074150767402067,Oil,Resource
"('IMPACT World+ Damage 2.0.1', 'Ecosystem quality', 'Climate change, ecosystem quality, long term')",2s5ag7rq8wthzh3iyg4j221aihdbex7c,0.004821285769172073,Wood,Resource
"('IMPACT World+ Damage 2.0.1', 'Ecosystem quality', 'Climate change, ecosystem quality, short term')",2s5ag7rq8wthzh3iyg4j221aihdbex7c,0.001518457141540734,Wood,Resource
"('IMPACT World+ Damage 2.0.1', 'Human health', 'Climate change, human health, long term')",2s5ag7rq8wthzh3iyg4j221aihdbex7c,2.195070485836545e-08,Wood,Resource
"('IMPACT World+ Damage 2.0.1', 'Human health', 'Climate change, human health, short term')",2s5ag7rq8wthzh3iyg4j221aihdbex7c,7.017025268374393e-09,Wood,Resource
"('IMPACT World+ Midpoint 2.0.1', 'Midpoint', 'Climate change, long term')",2s5ag7rq8wthzh3iyg4j221aihdbex7c,0.007841833626153389,Wood,Resource
"('IMPACT World+ Midpoint 2.0.1', 'Midpoint', 'Climate change, short term')",2s5ag7rq8wthzh3iyg4j221aihdbex7c,0.008148096321409799,Wood,Resource
"('IMPACT World+ Damage 2.0.1', 'Ecosystem quality', 'Marine acidification, long term')",2s5ag7rq8wthzh3iyg4j221aihdbex7c,0.001159725237152508,Wood,Resource
"('IMPACT World+ Damage 2.0.1', 'Ecosystem quality', 'Marine acidification, short term')",2s5ag7rq8wthzh3iyg4j221aihdbex7c,0.0001313941757596803,Wood,Resource
"('IMPACT World+ Midpoint 2.0.1', 'Midpoint', 'Photochemical oxidant formation')",2s5ag7rq8wthzh3iyg4j221aihdbex7c,0.0001353857627659746,Wood,Resource
"('IMPACT World+ Damage 2.0.1', 'Human health', 'Photochemical oxidant formation')",2s5ag7rq8wthzh3iyg4j221aihdbex7c,5.318780749231557e-12,Wood,Resource
"('IMPACT World+ Midpoint 2.0.1', 'Midpoint', 'Freshwater ecotoxicity')",2s5ag7rq8wthzh3iyg4j221aihdbex7c,0.612179566829775,Wood,Resource
"('IMPACT World+ Damage 2.0.1', 'Ecosystem quality', 'Freshwater ecotoxicity, short term')",2s5ag7rq8wthzh3iyg4j221aihdbex7c,0.00010622774457002491,Wood,Resource
"('IMPACT World+ Midpoint 2.0.1', 'Midpoint', 'Human toxicity cancer')",2s5ag7rq8wthzh3iyg4j221aihdbex7c,1.2256163505805255e-10,Wood,Resource
"('IMPACT World+ Damage 2.0.1', 'Human health', 'Human toxicity cancer, short term')",2s5ag7rq8wthzh3iyg4j221aihdbex7c,1.395768200506706e-09,Wood,Resource
"('IMPACT World+ Midpoint 2.0.1', 'Midpoint', 'Human toxicity non-cancer')",2s5ag7rq8wthzh3iyg4j221aihdbex7c,2.638535225285698e-10,Wood,Resource
"('IMPACT World+ Damage 2.0.1', 'Human health', 'Human toxicity non-cancer, short term')",2s5ag7rq8wthzh3iyg4j221aihdbex7c,3.071599081751517e-10,Wood,Resource
"('IMPACT World+ Damage 2.0.1', 'Ecosystem quality', 'Freshwater ecotoxicity, long term')",2s5ag7rq8wthzh3iyg4j221aihdbex7c,0.0002335660552816636,Wood,Resource
"('IMPACT World+ Damage 2.0.1', 'Human health', 'Human toxicity cancer, long term')",2s5ag7rq8wthzh3iyg4j221aihdbex7c,1.3690586275363236e-11,Wood,Resource
"('IMPACT World+ Damage 2.0.1', 'Human health', 'Human toxicity non-cancer, long term')",2s5ag7rq8wthzh3iyg4j221aihdbex7c,4.052446146691404e-10,Wood,Resource
"('IMPACT World+ Midpoint 2.0.1', 'Midpoint', 'Marine eutrophication')",2s5ag7rq8wthzh3iyg4j221aihdbex7c,1.4903585748514867e-06,Wood,Resource
"('IMPACT World+ Damage 2.0.1', 'Ecosystem quality', 'Marine eutrophication')",2s5ag7rq8wthzh3iyg4j221aihdbex7c,1.3040637508416693e-05,Wood,Resource
"('IMPACT World+ Midpoint 2.0.1', 'Midpoint', 'Ozone layer depletion')",2s5ag7rq8wthzh3iyg4j221aihdbex7c,1.8939922829284206e-09,Wood,Resource
"('IMPACT World+ Damage 2.0.1', 'Human health', 'Ozone layer depletion')",2s5ag7rq8wthzh3iyg4j221aihdbex7c,3.803220066311438e-12,Wood,Resource
"('IMPACT World+ Midpoint 2.0.1', 'Midpoint', 'Fossil and nuclear energy use')",2s5ag7rq8wthzh3iyg4j221aihdbex7c,0.12269675532128504,Wood,Resource
"('IMPACT World+ Midpoint 2.0.1', 'Midpoint', 'Mineral resources use')",2s5ag7rq8wthzh3iyg4j221aihdbex7c,0.00010459435301508163,Wood,Resource
"('IMPACT World+ Midpoint 2.0.1', 'Midpoint', 'Freshwater acidification')",2s5ag7rq8wthzh3iyg4j221aihdbex7c,2.527298572225316e-05,Wood,Resource
"('IMPACT World+ Damage 2.0.1', 'Ecosystem quality', 'Freshwater acidification')",2s5ag7rq8wthzh3iyg4j221aihdbex7c,5.512598117675813e-05,Wood,Resource
"('IMPACT World+ Midpoint 2.0.1', 'Midpoint', 'Particulate matter formation')",2s5ag7rq8wthzh3iyg4j221aihdbex7c,2.0761072801053045e-06,Wood,Resource
"('IMPACT World+ Damage 2.0.1', 'Human health', 'Particulate matter formation')",2s5ag7rq8wthzh3iyg4j221aihdbex7c,2.491328762279309e-09,Wood,Resource
"('IMPACT World+ Midpoint 2.0.1', 'Midpoint', 'Terrestrial acidification')",2s5ag7rq8wthzh3iyg4j221aihdbex7c,2.779175158367032e-05,Wood,Resource
"('IMPACT World+ Damage 2.0.1', 'Ecosystem quality', 'Terrestrial acidification')",2s5ag7rq8wthzh3iyg4j221aihdbex7c,0.00040181739392383887,Wood,Resource
"('IMPACT World+ Midpoint 2.0.1', 'Midpoint', 'Freshwater eutrophication')",2s5ag7rq8wthzh3iyg4j221aihdbex7c,9.874333321681932e-06,Wood,Resource
"('IMPACT World+ Damage 2.0.1', 'Ecosystem quality', 'Freshwater eutrophication')",2s5ag7rq8wthzh3iyg4j221aihdbex7c,3.5776319569849496e-05,Wood,Resource
"('IMPACT World+ Damage 2.0.1', 'Ecosystem quality', 'Ionizing radiation, ecosystem quality')",2s5ag7rq8wthzh3iyg4j221aihdbex7c,1.937996975974862e-12,Wood,Resource
"('IMPACT World+ Damage 2.0.1', 'Human health', 'Ionizing radiation, human health')",2s5ag7rq8wthzh3iyg4j221aihdbex7c,1.2094168010637792e-11,Wood,Resource
"('IMPACT World+ Midpoint 2.0.1', 'Midpoint', 'Ionizing radiations')",2s5ag7rq8wthzh3iyg4j221aihdbex7c,0.057591277411982666,Wood,Resource
"('IMPACT World+ Midpoint 2.0.1', 'Midpoint', 'Land occupation, biodiversity')",2s5ag7rq8wthzh3iyg4j221aihdbex7c,0.1168605452950964,Wood,Resource
"('IMPACT World+ Damage 2.0.1', 'Ecosystem quality', 'Land occupation, biodiversity')",2s5ag7rq8wthzh3iyg4j221aihdbex7c,0.0769069479172659,Wood,Resource
"('IMPACT World+ Midpoint 2.0.1', 'Midpoint', 'Land transformation, biodiversity')",2s5ag7rq8wthzh3iyg4j221aihdbex7c,5.262693510701826e-06,Wood,Resource
"('IMPACT World+ Damage 2.0.1', 'Ecosystem quality', 'Land transformation, biodiversity')",2s5ag7rq8wthzh3iyg4j221aihdbex7c,0.0008376454454881891,Wood,Resource
"('IMPACT World+ Damage 2.0.1', 'Ecosystem quality', 'Thermally polluted water')",2s5ag7rq8wthzh3iyg4j221aihdbex7c,2.8201503900980762e-09,Wood,Resource
"('IMPACT World+ Damage 2.0.1', 'Ecosystem quality', 'Water availability, freshwater ecosystem')",2s5ag7rq8wthzh3iyg4j221aihdbex7c,1.4416465382207167e-08,Wood,Resource
"('IMPACT World+ Damage 2.0.1', 'Human health', 'Water availability, human health')",2s5ag7rq8wthzh3iyg4j221aihdbex7c,5.643586987548453e-09,Wood,Resource
"('IMPACT World+ Midpoint 2.0.1', 'Midpoint', 'Water scarcity')",2s5ag7rq8wthzh3iyg4j221aihdbex7c,0.0020223320132484665,Wood,Resource
"('IMPACT World+ Damage 2.0.1', 'Ecosystem quality', 'Water availability, terrestrial ecosystem')",2s5ag7rq8wthzh3iyg4j221aihdbex7c,5.490436844755384e-07,Wood,Resource
"('IMPACT World+ Damage 2.0.1', 'Human health', 'Total human health')",2s5ag7rq8wthzh3iyg4j221aihdbex7c,3.924572541241385e-08,Wood,Resource
"('IMPACT World+ Damage 2.0.1', 'Ecosystem quality', 'Total ecosystem quality')",2s5ag7rq8wthzh3iyg4j221aihdbex7c,0.08622157606506103,Wood,Resource
"('IMPACT World+ Damage 2.0.1', 'Ecosystem quality', 'Climate change, ecosystem quality, long term')",p5v8i4dgoypijbme3jfi91b0c6oviaql,0.027782801189000415,Hydrogen,Resource
"('IMPACT World+ Damage 2.0.1', 'Ecosystem quality', 'Climate change, ecosystem quality, short term')",p5v8i4dgoypijbme3jfi91b0c6oviaql,0.00855577280405339,Hydrogen,Resource
"('IMPACT World+ Damage 2.0.1', 'Human health', 'Climate change, human health, long term')",p5v8i4dgoypijbme3jfi91b0c6oviaql,1.2648364336168364e-07,Hydrogen,Resource
"('IMPACT World+ Damage 2.0.1', 'Human health', 'Climate change, human health, short term')",p5v8i4dgoypijbme3jfi91b0c6oviaql,3.954225988965218e-08,Hydrogen,Resource
"('IMPACT World+ Midpoint 2.0.1', 'Midpoint', 'Climate change, long term')",p5v8i4dgoypijbme3jfi91b0c6oviaql,0.04529021346821558,Hydrogen,Resource
"('IMPACT World+ Midpoint 2.0.1', 'Midpoint', 'Climate change, short term')",p5v8i4dgoypijbme3jfi91b0c6oviaql,0.04759845812049318,Hydrogen,Resource
"('IMPACT World+ Damage 2.0.1', 'Ecosystem quality', 'Marine acidification, long term')",p5v8i4dgoypijbme3jfi91b0c6oviaql,0.0066904766126126974,Hydrogen,Resource
"('IMPACT World+ Damage 2.0.1', 'Ecosystem quality', 'Marine acidification, short term')",p5v8i4dgoypijbme3jfi91b0c6oviaql,0.0007264235414093809,Hydrogen,Resource
"('IMPACT World+ Midpoint 2.0.1', 'Midpoint', 'Photochemical oxidant formation')",p5v8i4dgoypijbme3jfi91b0c6oviaql,0.00028131020949853305,Hydrogen,Resource
"('IMPACT World+ Damage 2.0.1', 'Human health', 'Photochemical oxidant formation')",p5v8i4dgoypijbme3jfi91b0c6oviaql,1.0881148811557847e-11,Hydrogen,Resource
"('IMPACT World+ Midpoint 2.0.1', 'Midpoint', 'Freshwater ecotoxicity')",p5v8i4dgoypijbme3jfi91b0c6oviaql,10.902788653656247,Hydrogen,Resource
"('IMPACT World+ Damage 2.0.1', 'Ecosystem quality', 'Freshwater ecotoxicity, short term')",p5v8i4dgoypijbme3jfi91b0c6oviaql,0.0032168592625864815,Hydrogen,Resource
"('IMPACT World+ Midpoint 2.0.1', 'Midpoint', 'Human toxicity cancer')",p5v8i4dgoypijbme3jfi91b0c6oviaql,3.856169023826679e-10,Hydrogen,Resource
"('IMPACT World+ Damage 2.0.1', 'Human health', 'Human toxicity cancer, short term')",p5v8i4dgoypijbme3jfi91b0c6oviaql,4.179120871149875e-09,Hydrogen,Resource
"('IMPACT World+ Midpoint 2.0.1', 'Midpoint', 'Human toxicity non-cancer')",p5v8i4dgoypijbme3jfi91b0c6oviaql,3.180682048357279e-09,Hydrogen,Resource
"('IMPACT World+ Damage 2.0.1', 'Human health', 'Human toxicity non-cancer, short term')",p5v8i4dgoypijbme3jfi91b0c6oviaql,3.5764575228309806e-09,Hydrogen,Resource
"('IMPACT World+ Damage 2.0.1', 'Ecosystem quality', 'Freshwater ecotoxicity, long term')",p5v8i4dgoypijbme3jfi91b0c6oviaql,0.0027843947918934986,Hydrogen,Resource
"('IMPACT World+ Damage 2.0.1', 'Human health', 'Human toxicity cancer, long term')",p5v8i4dgoypijbme3jfi91b0c6oviaql,2.554734701700409e-10,Hydrogen,Resource
"('IMPACT World+ Damage 2.0.1', 'Human health', 'Human toxicity non-cancer, long term')",p5v8i4dgoypijbme3jfi91b0c6oviaql,5.011384134443827e-09,Hydrogen,Resource
"('IMPACT World+ Midpoint 2.0.1', 'Midpoint', 'Marine eutrophication')",p5v8i4dgoypijbme3jfi91b0c6oviaql,5.3984911079712835e-06,Hydrogen,Resource
"('IMPACT World+ Damage 2.0.1', 'Ecosystem quality', 'Marine eutrophication')",p5v8i4dgoypijbme3jfi91b0c6oviaql,4.7236797057185674e-05,Hydrogen,Resource
"('IMPACT World+ Midpoint 2.0.1', 'Midpoint', 'Ozone layer depletion')",p5v8i4dgoypijbme3jfi91b0c6oviaql,7.15623347615645e-08,Hydrogen,Resource
"('IMPACT World+ Damage 2.0.1', 'Human health', 'Ozone layer depletion')",p5v8i4dgoypijbme3jfi91b0c6oviaql,1.4274177072893168e-10,Hydrogen,Resource
"('IMPACT World+ Midpoint 2.0.1', 'Midpoint', 'Fossil and nuclear energy use')",p5v8i4dgoypijbme3jfi91b0c6oviaql,4.4647180587965485,Hydrogen,Resource
"('IMPACT World+ Midpoint 2.0.1', 'Midpoint', 'Mineral resources use')",p5v8i4dgoypijbme3jfi91b0c6oviaql,0.0005164509671813886,Hydrogen,Resource
"('IMPACT World+ Midpoint 2.0.1', 'Midpoint', 'Freshwater acidification')",p5v8i4dgoypijbme3jfi91b0c6oviaql,0.0004156765350406096,Hydrogen,Resource
"('IMPACT World+ Damage 2.0.1', 'Ecosystem quality', 'Freshwater acidification')",p5v8i4dgoypijbme3jfi91b0c6oviaql,0.0009726688922174454,Hydrogen,Resource
"('IMPACT World+ Midpoint 2.0.1', 'Midpoint', 'Particulate matter formation')",p5v8i4dgoypijbme3jfi91b0c6oviaql,3.143245655390756e-05,Hydrogen,Resource
"('IMPACT World+ Damage 2.0.1', 'Human health', 'Particulate matter formation')",p5v8i4dgoypijbme3jfi91b0c6oviaql,3.771894836480752e-08,Hydrogen,Resource
"('IMPACT World+ Midpoint 2.0.1', 'Midpoint', 'Terrestrial acidification')",p5v8i4dgoypijbme3jfi91b0c6oviaql,0.0004249032481464176,Hydrogen,Resource
"('IMPACT World+ Damage 2.0.1', 'Ecosystem quality', 'Terrestrial acidification')",p5v8i4dgoypijbme3jfi91b0c6oviaql,0.006080803389710481,Hydrogen,Resource
"('IMPACT World+ Midpoint 2.0.1', 'Midpoint', 'Freshwater eutrophication')",p5v8i4dgoypijbme3jfi91b0c6oviaql,3.5512728134023895e-05,Hydrogen,Resource
"('IMPACT World+ Damage 2.0.1', 'Ecosystem quality', 'Freshwater eutrophication')",p5v8i4dgoypijbme3jfi91b0c6oviaql,0.00012866840890667308,Hydrogen,Resource
"('IMPACT World+ Damage 2.0.1', 'Ecosystem quality', 'Ionizing radiation, ecosystem quality')",p5v8i4dgoypijbme3jfi91b0c6oviaql,7.092131841378158e-11,Hydrogen,Resource
"('IMPACT World+ Damage 2.0.1', 'Human health', 'Ionizing radiation, human health')",p5v8i4dgoypijbme3jfi91b0c6oviaql,3.9260979484030515e-10,Hydrogen,Resource
"('IMPACT World+ Midpoint 2.0.1', 'Midpoint', 'Ionizing radiations')",p5v8i4dgoypijbme3jfi91b0c6oviaql,1.869570487159069,Hydrogen,Resource
"('IMPACT World+ Midpoint 2.0.1', 'Midpoint', 'Land occupation, biodiversity')",p5v8i4dgoypijbme3jfi91b0c6oviaql,0.0003058361717890088,Hydrogen,Resource
"('IMPACT World+ Damage 2.0.1', 'Ecosystem quality', 'Land occupation, biodiversity')",p5v8i4dgoypijbme3jfi91b0c6oviaql,0.00020127344801558123,Hydrogen,Resource
"('IMPACT World+ Midpoint 2.0.1', 'Midpoint', 'Land transformation, biodiversity')",p5v8i4dgoypijbme3jfi91b0c6oviaql,7.922773931998305e-05,Hydrogen,Resource
"('IMPACT World+ Damage 2.0.1', 'Ecosystem quality', 'Land transformation, biodiversity')",p5v8i4dgoypijbme3jfi91b0c6oviaql,0.012610416466838128,Hydrogen,Resource
"('IMPACT World+ Damage 2.0.1', 'Ecosystem quality', 'Thermally polluted water')",p5v8i4dgoypijbme3jfi91b0c6oviaql,4.619373812516498e-08,Hydrogen,Resource
"('IMPACT World+ Damage 2.0.1', 'Ecosystem quality', 'Water availability, freshwater ecosystem')",p5v8i4dgoypijbme3jfi91b0c6oviaql,2.1160282252134308e-08,Hydrogen,Resource
"('IMPACT World+ Damage 2.0.1', 'Human health', 'Water availability, human health')",p5v8i4dgoypijbme3jfi91b0c6oviaql,7.336830426520015e-09,Hydrogen,Resource
"('IMPACT World+ Midpoint 2.0.1', 'Midpoint', 'Water scarcity')",p5v8i4dgoypijbme3jfi91b0c6oviaql,0.0029683500825858997,Hydrogen,Resource
"('IMPACT World+ Damage 2.0.1', 'Ecosystem quality', 'Water availability, terrestrial ecosystem')",p5v8i4dgoypijbme3jfi91b0c6oviaql,2.3850451172109045e-07,Hydrogen,Resource
"('IMPACT World+ Damage 2.0.1', 'Human health', 'Total human health')",p5v8i4dgoypijbme3jfi91b0c6oviaql,2.246503502045661e-07,Hydrogen,Resource
"('IMPACT World+ Damage 2.0.1', 'Ecosystem quality', 'Total ecosystem quality')",p5v8i4dgoypijbme3jfi91b0c6oviaql,0.06979810090407418,Hydrogen,Resource
"('IMPACT World+ Damage 2.0.1', 'Ecosystem quality', 'Climate change, ecosystem quality, long term')",c2ky9s3q0ymabeyi5xxdccbrsfy20c2d,0.012374389752229185,Biogas,Resource
"('IMPACT World+ Damage 2.0.1', 'Ecosystem quality', 'Climate change, ecosystem quality, short term')",c2ky9s3q0ymabeyi5xxdccbrsfy20c2d,0.013681396729582436,Biogas,Resource
"('IMPACT World+ Damage 2.0.1', 'Human health', 'Climate change, human health, long term')",c2ky9s3q0ymabeyi5xxdccbrsfy20c2d,5.57313428093793e-08,Biogas,Resource
"('IMPACT World+ Damage 2.0.1', 'Human health', 'Climate change, human health, short term')",c2ky9s3q0ymabeyi5xxdccbrsfy20c2d,6.336076921844522e-08,Biogas,Resource
"('IMPACT World+ Midpoint 2.0.1', 'Midpoint', 'Climate change, long term')",c2ky9s3q0ymabeyi5xxdccbrsfy20c2d,0.03301696121199251,Biogas,Resource
"('IMPACT World+ Midpoint 2.0.1', 'Midpoint', 'Climate change, short term')",c2ky9s3q0ymabeyi5xxdccbrsfy20c2d,0.06568396729740503,Biogas,Resource
"('IMPACT World+ Damage 2.0.1', 'Ecosystem quality', 'Marine acidification, long term')",c2ky9s3q0ymabeyi5xxdccbrsfy20c2d,0.0025126949662441626,Biogas,Resource
"('IMPACT World+ Damage 2.0.1', 'Ecosystem quality', 'Marine acidification, short term')",c2ky9s3q0ymabeyi5xxdccbrsfy20c2d,0.00027317023102844864,Biogas,Resource
"('IMPACT World+ Midpoint 2.0.1', 'Midpoint', 'Photochemical oxidant formation')",c2ky9s3q0ymabeyi5xxdccbrsfy20c2d,9.293556933472249e-05,Biogas,Resource
"('IMPACT World+ Damage 2.0.1', 'Human health', 'Photochemical oxidant formation')",c2ky9s3q0ymabeyi5xxdccbrsfy20c2d,3.0198859864888623e-12,Biogas,Resource
"('IMPACT World+ Midpoint 2.0.1', 'Midpoint', 'Freshwater ecotoxicity')",c2ky9s3q0ymabeyi5xxdccbrsfy20c2d,4.554007319725539,Biogas,Resource
"('IMPACT World+ Damage 2.0.1', 'Ecosystem quality', 'Freshwater ecotoxicity, short term')",c2ky9s3q0ymabeyi5xxdccbrsfy20c2d,0.0002462173820634746,Biogas,Resource
"('IMPACT World+ Midpoint 2.0.1', 'Midpoint', 'Human toxicity cancer')",c2ky9s3q0ymabeyi5xxdccbrsfy20c2d,4.0062247992013555e-10,Biogas,Resource
"('IMPACT World+ Damage 2.0.1', 'Human health', 'Human toxicity cancer, short term')",c2ky9s3q0ymabeyi5xxdccbrsfy20c2d,4.529536054657373e-09,Biogas,Resource
"('IMPACT World+ Midpoint 2.0.1', 'Midpoint', 'Human toxicity non-cancer')",c2ky9s3q0ymabeyi5xxdccbrsfy20c2d,1.752417216088174e-09,Biogas,Resource
"('IMPACT World+ Damage 2.0.1', 'Human health', 'Human toxicity non-cancer, short term')",c2ky9s3q0ymabeyi5xxdccbrsfy20c2d,2.120304474580935e-09,Biogas,Resource
"('IMPACT World+ Damage 2.0.1', 'Ecosystem quality', 'Freshwater ecotoxicity, long term')",c2ky9s3q0ymabeyi5xxdccbrsfy20c2d,0.0024050594920396805,Biogas,Resource
"('IMPACT World+ Damage 2.0.1', 'Human health', 'Human toxicity cancer, long term')",c2ky9s3q0ymabeyi5xxdccbrsfy20c2d,7.762242013128556e-11,Biogas,Resource
"('IMPACT World+ Damage 2.0.1', 'Human health', 'Human toxicity non-cancer, long term')",c2ky9s3q0ymabeyi5xxdccbrsfy20c2d,2.6112220691128826e-09,Biogas,Resource
"('IMPACT World+ Midpoint 2.0.1', 'Midpoint', 'Marine eutrophication')",c2ky9s3q0ymabeyi5xxdccbrsfy20c2d,1.4360333128097117e-05,Biogas,Resource
"('IMPACT World+ Damage 2.0.1', 'Ecosystem quality', 'Marine eutrophication')",c2ky9s3q0ymabeyi5xxdccbrsfy20c2d,0.00012565291509673946,Biogas,Resource
"('IMPACT World+ Midpoint 2.0.1', 'Midpoint', 'Ozone layer depletion')",c2ky9s3q0ymabeyi5xxdccbrsfy20c2d,3.961591379282206e-09,Biogas,Resource
"('IMPACT World+ Damage 2.0.1', 'Human health', 'Ozone layer depletion')",c2ky9s3q0ymabeyi5xxdccbrsfy20c2d,7.216103881629369e-12,Biogas,Resource
"('IMPACT World+ Midpoint 2.0.1', 'Midpoint', 'Fossil and nuclear energy use')",c2ky9s3q0ymabeyi5xxdccbrsfy20c2d,0.2842915691203736,Biogas,Resource
"('IMPACT World+ Midpoint 2.0.1', 'Midpoint', 'Mineral resources use')",c2ky9s3q0ymabeyi5xxdccbrsfy20c2d,0.0004029393555429257,Biogas,Resource
"('IMPACT World+ Midpoint 2.0.1', 'Midpoint', 'Freshwater acidification')",c2ky9s3q0ymabeyi5xxdccbrsfy20c2d,0.00014600790063416536,Biogas,Resource
"('IMPACT World+ Damage 2.0.1', 'Ecosystem quality', 'Freshwater acidification')",c2ky9s3q0ymabeyi5xxdccbrsfy20c2d,0.00036855486372971215,Biogas,Resource
"('IMPACT World+ Midpoint 2.0.1', 'Midpoint', 'Particulate matter formation')",c2ky9s3q0ymabeyi5xxdccbrsfy20c2d,4.445038801399827e-05,Biogas,Resource
"('IMPACT World+ Damage 2.0.1', 'Human health', 'Particulate matter formation')",c2ky9s3q0ymabeyi5xxdccbrsfy20c2d,5.3340467708043384e-08,Biogas,Resource
"('IMPACT World+ Midpoint 2.0.1', 'Midpoint', 'Terrestrial acidification')",c2ky9s3q0ymabeyi5xxdccbrsfy20c2d,0.00028953373597728196,Biogas,Resource
"('IMPACT World+ Damage 2.0.1', 'Ecosystem quality', 'Terrestrial acidification')",c2ky9s3q0ymabeyi5xxdccbrsfy20c2d,0.00408709015293357,Biogas,Resource
"('IMPACT World+ Midpoint 2.0.1', 'Midpoint', 'Freshwater eutrophication')",c2ky9s3q0ymabeyi5xxdccbrsfy20c2d,2.191764813577143e-06,Biogas,Resource
"('IMPACT World+ Damage 2.0.1', 'Ecosystem quality', 'Freshwater eutrophication')",c2ky9s3q0ymabeyi5xxdccbrsfy20c2d,7.941121501775076e-06,Biogas,Resource
"('IMPACT World+ Damage 2.0.1', 'Ecosystem quality', 'Ionizing radiation, ecosystem quality')",c2ky9s3q0ymabeyi5xxdccbrsfy20c2d,8.52683486161382e-12,Biogas,Resource
"('IMPACT World+ Damage 2.0.1', 'Human health', 'Ionizing radiation, human health')",c2ky9s3q0ymabeyi5xxdccbrsfy20c2d,9.079079319977708e-11,Biogas,Resource
"('IMPACT World+ Midpoint 2.0.1', 'Midpoint', 'Ionizing radiations')",c2ky9s3q0ymabeyi5xxdccbrsfy20c2d,0.4323371210360673,Biogas,Resource
"('IMPACT World+ Midpoint 2.0.1', 'Midpoint', 'Land occupation, biodiversity')",c2ky9s3q0ymabeyi5xxdccbrsfy20c2d,0.005055788968024899,Biogas,Resource
"('IMPACT World+ Damage 2.0.1', 'Ecosystem quality', 'Land occupation, biodiversity')",c2ky9s3q0ymabeyi5xxdccbrsfy20c2d,0.0033272589565701755,Biogas,Resource
"('IMPACT World+ Midpoint 2.0.1', 'Midpoint', 'Land transformation, biodiversity')",c2ky9s3q0ymabeyi5xxdccbrsfy20c2d,9.176437295241711e-06,Biogas,Resource
"('IMPACT World+ Damage 2.0.1', 'Ecosystem quality', 'Land transformation, biodiversity')",c2ky9s3q0ymabeyi5xxdccbrsfy20c2d,0.001460583081949244,Biogas,Resource
"('IMPACT World+ Damage 2.0.1', 'Ecosystem quality', 'Thermally polluted water')",c2ky9s3q0ymabeyi5xxdccbrsfy20c2d,1.6429906314631605e-08,Biogas,Resource
"('IMPACT World+ Damage 2.0.1', 'Ecosystem quality', 'Water availability, freshwater ecosystem')",c2ky9s3q0ymabeyi5xxdccbrsfy20c2d,5.953843008605812e-08,Biogas,Resource
"('IMPACT World+ Damage 2.0.1', 'Human health', 'Water availability, human health')",c2ky9s3q0ymabeyi5xxdccbrsfy20c2d,2.232162807948059e-08,Biogas,Resource
"('IMPACT World+ Midpoint 2.0.1', 'Midpoint', 'Water scarcity')",c2ky9s3q0ymabeyi5xxdccbrsfy20c2d,0.008352010703692883,Biogas,Resource
"('IMPACT World+ Damage 2.0.1', 'Ecosystem quality', 'Water availability, terrestrial ecosystem')",c2ky9s3q0ymabeyi5xxdccbrsfy20c2d,1.0530364499530522e-07,Biogas,Resource
"('IMPACT World+ Damage 2.0.1', 'Human health', 'Total human health')",c2ky9s3q0ymabeyi5xxdccbrsfy20c2d,2.041939188942268e-07,Biogas,Resource
"('IMPACT World+ Damage 2.0.1', 'Ecosystem quality', 'Total ecosystem quality')",c2ky9s3q0ymabeyi5xxdccbrsfy20c2d,0.04087019038964293,Biogas,Resource
"('IMPACT World+ Damage 2.0.1', 'Ecosystem quality', 'Climate change, ecosystem quality, long term')",s1ku4ojhw4k3m75kiqzeb52la8flm255,0.005851902736638953,Heat,Resource
"('IMPACT World+ Damage 2.0.1', 'Ecosystem quality', 'Climate change, ecosystem quality, short term')",s1ku4ojhw4k3m75kiqzeb52la8flm255,0.0035663751437247444,Heat,Resource
"('IMPACT World+ Damage 2.0.1', 'Human health', 'Climate change, human health, long term')",s1ku4ojhw4k3m75kiqzeb52la8flm255,2.6534395725463806e-08,Heat,Resource
"('IMPACT World+ Damage 2.0.1', 'Human health', 'Climate change, human health, short term')",s1ku4ojhw4k3m75kiqzeb52la8flm255,1.6503575939423606e-08,Heat,Resource
"('IMPACT World+ Midpoint 2.0.1', 'Midpoint', 'Climate change, long term')",s1ku4ojhw4k3m75kiqzeb52la8flm255,0.011511572049898161,Heat,Resource
"('IMPACT World+ Midpoint 2.0.1', 'Midpoint', 'Climate change, short term')",s1ku4ojhw4k3m75kiqzeb52la8flm255,0.017939902126505657,Heat,Resource
"('IMPACT World+ Damage 2.0.1', 'Ecosystem quality', 'Marine acidification, long term')",s1ku4ojhw4k3m75kiqzeb52la8flm255,0.0013566564842303751,Heat,Resource
"('IMPACT World+ Damage 2.0.1', 'Ecosystem quality', 'Marine acidification, short term')",s1ku4ojhw4k3m75kiqzeb52la8flm255,0.00014694090487287742,Heat,Resource
"('IMPACT World+ Midpoint 2.0.1', 'Midpoint', 'Photochemical oxidant formation')",s1ku4ojhw4k3m75kiqzeb52la8flm255,4.444432330659976e-05,Heat,Resource
"('IMPACT World+ Damage 2.0.1', 'Human health', 'Photochemical oxidant formation')",s1ku4ojhw4k3m75kiqzeb52la8flm255,1.605441435193248e-12,Heat,Resource
"('IMPACT World+ Midpoint 2.0.1', 'Midpoint', 'Freshwater ecotoxicity')",s1ku4ojhw4k3m75kiqzeb52la8flm255,6.419864189517273,Heat,Resource
"('IMPACT World+ Damage 2.0.1', 'Ecosystem quality', 'Freshwater ecotoxicity, short term')",s1ku4ojhw4k3m75kiqzeb52la8flm255,0.00015546521262527842,Heat,Resource
"('IMPACT World+ Midpoint 2.0.1', 'Midpoint', 'Human toxicity cancer')",s1ku4ojhw4k3m75kiqzeb52la8flm255,6.739858916094856e-10,Heat,Resource
"('IMPACT World+ Damage 2.0.1', 'Human health', 'Human toxicity cancer, short term')",s1ku4ojhw4k3m75kiqzeb52la8flm255,7.674018743368076e-09,Heat,Resource
"('IMPACT World+ Midpoint 2.0.1', 'Midpoint', 'Human toxicity non-cancer')",s1ku4ojhw4k3m75kiqzeb52la8flm255,1.7864734828872505e-09,Heat,Resource
"('IMPACT World+ Damage 2.0.1', 'Human health', 'Human toxicity non-cancer, short term')",s1ku4ojhw4k3m75kiqzeb52la8flm255,2.414401499606701e-09,Heat,Resource
"('IMPACT World+ Damage 2.0.1', 'Ecosystem quality', 'Freshwater ecotoxicity, long term')",s1ku4ojhw4k3m75kiqzeb52la8flm255,0.003466431659165456,Heat,Resource
"('IMPACT World+ Damage 2.0.1', 'Human health', 'Human toxicity cancer, long term')",s1ku4ojhw4k3m75kiqzeb52la8flm255,7.681894063148206e-11,Heat,Resource
"('IMPACT World+ Damage 2.0.1', 'Human health', 'Human toxicity non-cancer, long term')",s1ku4ojhw4k3m75kiqzeb52la8flm255,2.409076965881895e-09,Heat,Resource
"('IMPACT World+ Midpoint 2.0.1', 'Midpoint', 'Marine eutrophication')",s1ku4ojhw4k3m75kiqzeb52la8flm255,0.00019752734106159167,Heat,Resource
"('IMPACT World+ Damage 2.0.1', 'Ecosystem quality', 'Marine eutrophication')",s1ku4ojhw4k3m75kiqzeb52la8flm255,0.0017283642927999872,Heat,Resource
"('IMPACT World+ Midpoint 2.0.1', 'Midpoint', 'Ozone layer depletion')",s1ku4ojhw4k3m75kiqzeb52la8flm255,2.126617797761812e-09,Heat,Resource
"('IMPACT World+ Damage 2.0.1', 'Human health', 'Ozone layer depletion')",s1ku4ojhw4k3m75kiqzeb52la8flm255,5.072115477668351e-12,Heat,Resource
"('IMPACT World+ Midpoint 2.0.1', 'Midpoint', 'Fossil and nuclear energy use')",s1ku4ojhw4k3m75kiqzeb52la8flm255,0.19251628892653266,Heat,Resource
"('IMPACT World+ Midpoint 2.0.1', 'Midpoint', 'Mineral resources use')",s1ku4ojhw4k3m75kiqzeb52la8flm255,0.010236643225514977,Heat,Resource
"('IMPACT World+ Midpoint 2.0.1', 'Midpoint', 'Freshwater acidification')",s1ku4ojhw4k3m75kiqzeb52la8flm255,5.98043900934751e-05,Heat,Resource
"('IMPACT World+ Damage 2.0.1', 'Ecosystem quality', 'Freshwater acidification')",s1ku4ojhw4k3m75kiqzeb52la8flm255,0.00013999791233240138,Heat,Resource
"('IMPACT World+ Midpoint 2.0.1', 'Midpoint', 'Particulate matter formation')",s1ku4ojhw4k3m75kiqzeb52la8flm255,5.453118226162261e-06,Heat,Resource
"('IMPACT World+ Damage 2.0.1', 'Human health', 'Particulate matter formation')",s1ku4ojhw4k3m75kiqzeb52la8flm255,6.543741951807979e-09,Heat,Resource
"('IMPACT World+ Midpoint 2.0.1', 'Midpoint', 'Terrestrial acidification')",s1ku4ojhw4k3m75kiqzeb52la8flm255,6.433664525247068e-05,Heat,Resource
"('IMPACT World+ Damage 2.0.1', 'Ecosystem quality', 'Terrestrial acidification')",s1ku4ojhw4k3m75kiqzeb52la8flm255,0.0009200533730954586,Heat,Resource
"('IMPACT World+ Midpoint 2.0.1', 'Midpoint', 'Freshwater eutrophication')",s1ku4ojhw4k3m75kiqzeb52la8flm255,4.5325125761225756e-07,Heat,Resource
"('IMPACT World+ Damage 2.0.1', 'Ecosystem quality', 'Freshwater eutrophication')",s1ku4ojhw4k3m75kiqzeb52la8flm255,1.6422032397632384e-06,Heat,Resource
"('IMPACT World+ Damage 2.0.1', 'Ecosystem quality', 'Ionizing radiation, ecosystem quality')",s1ku4ojhw4k3m75kiqzeb52la8flm255,5.168448872298553e-12,Heat,Resource
"('IMPACT World+ Damage 2.0.1', 'Human health', 'Ionizing radiation, human health')",s1ku4ojhw4k3m75kiqzeb52la8flm255,6.184768056781682e-11,Heat,Resource
"('IMPACT World+ Midpoint 2.0.1', 'Midpoint', 'Ionizing radiations')",s1ku4ojhw4k3m75kiqzeb52la8flm255,0.2945127719946545,Heat,Resource
"('IMPACT World+ Midpoint 2.0.1', 'Midpoint', 'Land occupation, biodiversity')",s1ku4ojhw4k3m75kiqzeb52la8flm255,0.001413057690291114,Heat,Resource
"('IMPACT World+ Damage 2.0.1', 'Ecosystem quality', 'Land occupation, biodiversity')",s1ku4ojhw4k3m75kiqzeb52la8flm255,0.0009299455438665457,Heat,Resource
"('IMPACT World+ Midpoint 2.0.1', 'Midpoint', 'Land transformation, biodiversity')",s1ku4ojhw4k3m75kiqzeb52la8flm255,2.0379454755679286e-05,Heat,Resource
"('IMPACT World+ Damage 2.0.1', 'Ecosystem quality', 'Land transformation, biodiversity')",s1ku4ojhw4k3m75kiqzeb52la8flm255,0.0032437299928857618,Heat,Resource
"('IMPACT World+ Damage 2.0.1', 'Ecosystem quality', 'Thermally polluted water')",s1ku4ojhw4k3m75kiqzeb52la8flm255,1.5591584889847083e-08,Heat,Resource
"('IMPACT World+ Damage 2.0.1', 'Ecosystem quality', 'Water availability, freshwater ecosystem')",s1ku4ojhw4k3m75kiqzeb52la8flm255,4.950783684746612e-08,Heat,Resource
"('IMPACT World+ Damage 2.0.1', 'Human health', 'Water availability, human health')",s1ku4ojhw4k3m75kiqzeb52la8flm255,1.8294513210983582e-08,Heat,Resource
"('IMPACT World+ Midpoint 2.0.1', 'Midpoint', 'Water scarcity')",s1ku4ojhw4k3m75kiqzeb52la8flm255,0.006944925868368301,Heat,Resource
"('IMPACT World+ Damage 2.0.1', 'Ecosystem quality', 'Water availability, terrestrial ecosystem')",s1ku4ojhw4k3m75kiqzeb52la8flm255,3.1507471768861654e-07,Heat,Resource
"('IMPACT World+ Damage 2.0.1', 'Human health', 'Total human health')",s1ku4ojhw4k3m75kiqzeb52la8flm255,8.051906824144755e-08,Heat,Resource
"('IMPACT World+ Damage 2.0.1', 'Ecosystem quality', 'Total ecosystem quality')",s1ku4ojhw4k3m75kiqzeb52la8flm255,0.02150788552587651,Heat,Resource
"('IMPACT World+ Damage 2.0.1', 'Ecosystem quality', 'Climate change, ecosystem quality, long term')",07suj845nm9vq6zn2a0vvf3ve4eh2vsr,0.024717381779973794,Electricity,Resource
"('IMPACT World+ Damage 2.0.1', 'Ecosystem quality', 'Climate change, ecosystem quality, short term')",07suj845nm9vq6zn2a0vvf3ve4eh2vsr,0.0081683097566919,Electricity,Resource
"('IMPACT World+ Damage 2.0.1', 'Human health', 'Climate change, human health, long term')",07suj845nm9vq6zn2a0vvf3ve4eh2vsr,1.1249251010201717e-07,Electricity,Resource
"('IMPACT World+ Damage 2.0.1', 'Human health', 'Climate change, human health, short term')",07suj845nm9vq6zn2a0vvf3ve4eh2vsr,3.776350868516185e-08,Electricity,Resource
"('IMPACT World+ Midpoint 2.0.1', 'Midpoint', 'Climate change, long term')",07suj845nm9vq6zn2a0vvf3ve4eh2vsr,0.041433755958862645,Electricity,Resource
"('IMPACT World+ Midpoint 2.0.1', 'Midpoint', 'Climate change, short term')",07suj845nm9vq6zn2a0vvf3ve4eh2vsr,0.044707926375274085,Electricity,Resource
"('IMPACT World+ Damage 2.0.1', 'Ecosystem quality', 'Marine acidification, long term')",07suj845nm9vq6zn2a0vvf3ve4eh2vsr,0.0055272360401766064,Electricity,Resource
"('IMPACT World+ Damage 2.0.1', 'Ecosystem quality', 'Marine acidification, short term')",07suj845nm9vq6zn2a0vvf3ve4eh2vsr,0.00060108519954946,Electricity,Resource
"('IMPACT World+ Midpoint 2.0.1', 'Midpoint', 'Photochemical oxidant formation')",07suj845nm9vq6zn2a0vvf3ve4eh2vsr,0.00013732569894971374,Electricity,Resource
"('IMPACT World+ Damage 2.0.1', 'Human health', 'Photochemical oxidant formation')",07suj845nm9vq6zn2a0vvf3ve4eh2vsr,5.283642251999846e-12,Electricity,Resource
"('IMPACT World+ Midpoint 2.0.1', 'Midpoint', 'Freshwater ecotoxicity')",07suj845nm9vq6zn2a0vvf3ve4eh2vsr,27.351049707686283,Electricity,Resource
"('IMPACT World+ Damage 2.0.1', 'Ecosystem quality', 'Freshwater ecotoxicity, short term')",07suj845nm9vq6zn2a0vvf3ve4eh2vsr,0.0013037900710033891,Electricity,Resource
"('IMPACT World+ Midpoint 2.0.1', 'Midpoint', 'Human toxicity cancer')",07suj845nm9vq6zn2a0vvf3ve4eh2vsr,3.731303348973636e-09,Electricity,Resource
"('IMPACT World+ Damage 2.0.1', 'Human health', 'Human toxicity cancer, short term')",07suj845nm9vq6zn2a0vvf3ve4eh2vsr,4.207135180331721e-08,Electricity,Resource
"('IMPACT World+ Midpoint 2.0.1', 'Midpoint', 'Human toxicity non-cancer')",07suj845nm9vq6zn2a0vvf3ve4eh2vsr,1.88290303077479e-08,Electricity,Resource
"('IMPACT World+ Damage 2.0.1', 'Human health', 'Human toxicity non-cancer, short term')",07suj845nm9vq6zn2a0vvf3ve4eh2vsr,2.5422584818552823e-08,Electricity,Resource
"('IMPACT World+ Damage 2.0.1', 'Ecosystem quality', 'Freshwater ecotoxicity, long term')",07suj845nm9vq6zn2a0vvf3ve4eh2vsr,0.014088271298778685,Electricity,Resource
"('IMPACT World+ Damage 2.0.1', 'Human health', 'Human toxicity cancer, long term')",07suj845nm9vq6zn2a0vvf3ve4eh2vsr,8.386358900234951e-10,Electricity,Resource
"('IMPACT World+ Damage 2.0.1', 'Human health', 'Human toxicity non-cancer, long term')",07suj845nm9vq6zn2a0vvf3ve4eh2vsr,2.5415797456164358e-08,Electricity,Resource
"('IMPACT World+ Midpoint 2.0.1', 'Midpoint', 'Marine eutrophication')",07suj845nm9vq6zn2a0vvf3ve4eh2vsr,6.051444805932971e-06,Electricity,Resource
"('IMPACT World+ Damage 2.0.1', 'Ecosystem quality', 'Marine eutrophication')",07suj845nm9vq6zn2a0vvf3ve4eh2vsr,5.295014201045911e-05,Electricity,Resource
"('IMPACT World+ Midpoint 2.0.1', 'Midpoint', 'Ozone layer depletion')",07suj845nm9vq6zn2a0vvf3ve4eh2vsr,4.255447085130359e-09,Electricity,Resource
"('IMPACT World+ Damage 2.0.1', 'Human health', 'Ozone layer depletion')",07suj845nm9vq6zn2a0vvf3ve4eh2vsr,9.012201920680217e-12,Electricity,Resource
"('IMPACT World+ Midpoint 2.0.1', 'Midpoint', 'Fossil and nuclear energy use')",07suj845nm9vq6zn2a0vvf3ve4eh2vsr,3.5221316191063723,Electricity,Resource
"('IMPACT World+ Midpoint 2.0.1', 'Midpoint', 'Mineral resources use')",07suj845nm9vq6zn2a0vvf3ve4eh2vsr,0.0015861213272936037,Electricity,Resource
"('IMPACT World+ Midpoint 2.0.1', 'Midpoint', 'Freshwater acidification')",07suj845nm9vq6zn2a0vvf3ve4eh2vsr,0.00021768607110017363,Electricity,Resource
"('IMPACT World+ Damage 2.0.1', 'Ecosystem quality', 'Freshwater acidification')",07suj845nm9vq6zn2a0vvf3ve4eh2vsr,0.0005093308085068129,Electricity,Resource
"('IMPACT World+ Midpoint 2.0.1', 'Midpoint', 'Particulate matter formation')",07suj845nm9vq6zn2a0vvf3ve4eh2vsr,2.087480284896877e-05,Electricity,Resource
"('IMPACT World+ Damage 2.0.1', 'Human health', 'Particulate matter formation')",07suj845nm9vq6zn2a0vvf3ve4eh2vsr,2.5049763695346542e-08,Electricity,Resource
"('IMPACT World+ Midpoint 2.0.1', 'Midpoint', 'Terrestrial acidification')",07suj845nm9vq6zn2a0vvf3ve4eh2vsr,0.00023448596031071418,Electricity,Resource
"('IMPACT World+ Damage 2.0.1', 'Ecosystem quality', 'Terrestrial acidification')",07suj845nm9vq6zn2a0vvf3ve4eh2vsr,0.0033535243275815154,Electricity,Resource
"('IMPACT World+ Midpoint 2.0.1', 'Midpoint', 'Freshwater eutrophication')",07suj845nm9vq6zn2a0vvf3ve4eh2vsr,9.539840582699078e-07,Electricity,Resource
"('IMPACT World+ Damage 2.0.1', 'Ecosystem quality', 'Freshwater eutrophication')",07suj845nm9vq6zn2a0vvf3ve4eh2vsr,3.4564398545243765e-06,Electricity,Resource
"('IMPACT World+ Damage 2.0.1', 'Ecosystem quality', 'Ionizing radiation, ecosystem quality')",07suj845nm9vq6zn2a0vvf3ve4eh2vsr,3.3682728564282327e-10,Electricity,Resource
"('IMPACT World+ Damage 2.0.1', 'Human health', 'Ionizing radiation, human health')",07suj845nm9vq6zn2a0vvf3ve4eh2vsr,4.716281237549035e-09,Electricity,Resource
"('IMPACT World+ Midpoint 2.0.1', 'Midpoint', 'Ionizing radiations')",07suj845nm9vq6zn2a0vvf3ve4eh2vsr,22.458482663427898,Electricity,Resource
"('IMPACT World+ Midpoint 2.0.1', 'Midpoint', 'Land occupation, biodiversity')",07suj845nm9vq6zn2a0vvf3ve4eh2vsr,0.003996050565327348,Electricity,Resource
"('IMPACT World+ Damage 2.0.1', 'Ecosystem quality', 'Land occupation, biodiversity')",07suj845nm9vq6zn2a0vvf3ve4eh2vsr,0.0026298349996193423,Electricity,Resource
"('IMPACT World+ Midpoint 2.0.1', 'Midpoint', 'Land transformation, biodiversity')",07suj845nm9vq6zn2a0vvf3ve4eh2vsr,8.409349505691987e-06,Electricity,Resource
"('IMPACT World+ Damage 2.0.1', 'Ecosystem quality', 'Land transformation, biodiversity')",07suj845nm9vq6zn2a0vvf3ve4eh2vsr,0.0013384881874217401,Electricity,Resource
"('IMPACT World+ Damage 2.0.1', 'Ecosystem quality', 'Thermally polluted water')",07suj845nm9vq6zn2a0vvf3ve4eh2vsr,8.168153154943487e-07,Electricity,Resource
"('IMPACT World+ Damage 2.0.1', 'Ecosystem quality', 'Water availability, freshwater ecosystem')",07suj845nm9vq6zn2a0vvf3ve4eh2vsr,3.303167073232492e-06,Electricity,Resource
"('IMPACT World+ Damage 2.0.1', 'Human health', 'Water availability, human health')",07suj845nm9vq6zn2a0vvf3ve4eh2vsr,1.243274242281392e-06,Electricity,Resource
"('IMPACT World+ Midpoint 2.0.1', 'Midpoint', 'Water scarcity')",07suj845nm9vq6zn2a0vvf3ve4eh2vsr,0.4633660429382189,Electricity,Resource
"('IMPACT World+ Damage 2.0.1', 'Ecosystem quality', 'Water availability, terrestrial ecosystem')",07suj845nm9vq6zn2a0vvf3ve4eh2vsr,1.0501356967223988e-06,Electricity,Resource
"('IMPACT World+ Damage 2.0.1', 'Human health', 'Total human health')",07suj845nm9vq6zn2a0vvf3ve4eh2vsr,1.517058971260525e-06,Electricity,Resource
"('IMPACT World+ Damage 2.0.1', 'Ecosystem quality', 'Total ecosystem quality')",07suj845nm9vq6zn2a0vvf3ve4eh2vsr,0.062298829242642066,Electricity,Resource
"('IMPACT World+ Damage 2.0.1', 'Ecosystem quality', 'Climate change, ecosystem quality, long term')",x5ocqwf4if0gt0n602o3n5729p0px9mw,4.708677907706965e-05,Water,Resource
"('IMPACT World+ Damage 2.0.1', 'Ecosystem quality', 'Climate change, ecosystem quality, short term')",x5ocqwf4if0gt0n602o3n5729p0px9mw,1.4755719358127941e-05,Water,Resource
"('IMPACT World+ Damage 2.0.1', 'Human health', 'Climate change, human health, long term')",x5ocqwf4if0gt0n602o3n5729p0px9mw,2.143507210867525e-10,Water,Resource
"('IMPACT World+ Damage 2.0.1', 'Human health', 'Climate change, human health, short term')",x5ocqwf4if0gt0n602o3n5729p0px9mw,6.820047441833053e-11,Water,Resource
"('IMPACT World+ Midpoint 2.0.1', 'Midpoint', 'Climate change, long term')",x5ocqwf4if0gt0n602o3n5729p0px9mw,7.724323471935389e-05,Water,Resource
"('IMPACT World+ Midpoint 2.0.1', 'Midpoint', 'Climate change, short term')",x5ocqwf4if0gt0n602o3n5729p0px9mw,8.17126585653861e-05,Water,Resource
"('IMPACT World+ Damage 2.0.1', 'Ecosystem quality', 'Marine acidification, long term')",x5ocqwf4if0gt0n602o3n5729p0px9mw,1.1140016810310724e-05,Water,Resource
"('IMPACT World+ Damage 2.0.1', 'Ecosystem quality', 'Marine acidification, short term')",x5ocqwf4if0gt0n602o3n5729p0px9mw,1.2106003407277473e-06,Water,Resource
"('IMPACT World+ Midpoint 2.0.1', 'Midpoint', 'Photochemical oxidant formation')",x5ocqwf4if0gt0n602o3n5729p0px9mw,3.511361050152934e-07,Water,Resource
"('IMPACT World+ Damage 2.0.1', 'Human health', 'Photochemical oxidant formation')",x5ocqwf4if0gt0n602o3n5729p0px9mw,1.3656535998136748e-14,Water,Resource
"('IMPACT World+ Midpoint 2.0.1', 'Midpoint', 'Freshwater ecotoxicity')",x5ocqwf4if0gt0n602o3n5729p0px9mw,0.02285188378950512,Water,Resource
"('IMPACT World+ Damage 2.0.1', 'Ecosystem quality', 'Freshwater ecotoxicity, short term')",x5ocqwf4if0gt0n602o3n5729p0px9mw,1.6263677843390286e-06,Water,Resource
"('IMPACT World+ Midpoint 2.0.1', 'Midpoint', 'Human toxicity cancer')",x5ocqwf4if0gt0n602o3n5729p0px9mw,2.3560045058122315e-11,Water,Resource
"('IMPACT World+ Damage 2.0.1', 'Human health', 'Human toxicity cancer, short term')",x5ocqwf4if0gt0n602o3n5729p0px9mw,2.67184228928575e-10,Water,Resource
"('IMPACT World+ Midpoint 2.0.1', 'Midpoint', 'Human toxicity non-cancer')",x5ocqwf4if0gt0n602o3n5729p0px9mw,4.8913424032707653e-11,Water,Resource
"('IMPACT World+ Damage 2.0.1', 'Human health', 'Human toxicity non-cancer, short term')",x5ocqwf4if0gt0n602o3n5729p0px9mw,2.6428457949292977e-11,Water,Resource
"('IMPACT World+ Damage 2.0.1', 'Ecosystem quality', 'Freshwater ecotoxicity, long term')",x5ocqwf4if0gt0n602o3n5729p0px9mw,1.119193776410545e-05,Water,Resource
"('IMPACT World+ Damage 2.0.1', 'Human health', 'Human toxicity cancer, long term')",x5ocqwf4if0gt0n602o3n5729p0px9mw,3.756286897831468e-12,Water,Resource
"('IMPACT World+ Damage 2.0.1', 'Human health', 'Human toxicity non-cancer, long term')",x5ocqwf4if0gt0n602o3n5729p0px9mw,1.0563778816582189e-10,Water,Resource
"('IMPACT World+ Midpoint 2.0.1', 'Midpoint', 'Marine eutrophication')",x5ocqwf4if0gt0n602o3n5729p0px9mw,1.323503997824669e-08,Water,Resource
"('IMPACT World+ Damage 2.0.1', 'Ecosystem quality', 'Marine eutrophication')",x5ocqwf4if0gt0n602o3n5729p0px9mw,1.1580660012765196e-07,Water,Resource
"('IMPACT World+ Midpoint 2.0.1', 'Midpoint', 'Ozone layer depletion')",x5ocqwf4if0gt0n602o3n5729p0px9mw,9.6961792673035e-12,Water,Resource
"('IMPACT World+ Damage 2.0.1', 'Human health', 'Ozone layer depletion')",x5ocqwf4if0gt0n602o3n5729p0px9mw,2.4403456704436164e-14,Water,Resource
"('IMPACT World+ Midpoint 2.0.1', 'Midpoint', 'Fossil and nuclear energy use')",x5ocqwf4if0gt0n602o3n5729p0px9mw,0.002431629746889834,Water,Resource
"('IMPACT World+ Midpoint 2.0.1', 'Midpoint', 'Mineral resources use')",x5ocqwf4if0gt0n602o3n5729p0px9mw,1.133561711707814e-05,Water,Resource
"('IMPACT World+ Midpoint 2.0.1', 'Midpoint', 'Freshwater acidification')",x5ocqwf4if0gt0n602o3n5729p0px9mw,3.8238547408897384e-07,Water,Resource
"('IMPACT World+ Damage 2.0.1', 'Ecosystem quality', 'Freshwater acidification')",x5ocqwf4if0gt0n602o3n5729p0px9mw,8.830110641022814e-07,Water,Resource
"('IMPACT World+ Midpoint 2.0.1', 'Midpoint', 'Particulate matter formation')",x5ocqwf4if0gt0n602o3n5729p0px9mw,4.857599669916313e-08,Water,Resource
"('IMPACT World+ Damage 2.0.1', 'Human health', 'Particulate matter formation')",x5ocqwf4if0gt0n602o3n5729p0px9mw,5.829119725269817e-11,Water,Resource
"('IMPACT World+ Midpoint 2.0.1', 'Midpoint', 'Terrestrial acidification')",x5ocqwf4if0gt0n602o3n5729p0px9mw,4.034287084042912e-07,Water,Resource
"('IMPACT World+ Damage 2.0.1', 'Ecosystem quality', 'Terrestrial acidification')",x5ocqwf4if0gt0n602o3n5729p0px9mw,5.7841740413534234e-06,Water,Resource
"('IMPACT World+ Midpoint 2.0.1', 'Midpoint', 'Freshwater eutrophication')",x5ocqwf4if0gt0n602o3n5729p0px9mw,2.837351097425779e-09,Water,Resource
"('IMPACT World+ Damage 2.0.1', 'Ecosystem quality', 'Freshwater eutrophication')",x5ocqwf4if0gt0n602o3n5729p0px9mw,1.0280185939798635e-08,Water,Resource
"('IMPACT World+ Damage 2.0.1', 'Ecosystem quality', 'Ionizing radiation, ecosystem quality')",x5ocqwf4if0gt0n602o3n5729p0px9mw,1.6328958482678823e-13,Water,Resource
"('IMPACT World+ Damage 2.0.1', 'Human health', 'Ionizing radiation, human health')",x5ocqwf4if0gt0n602o3n5729p0px9mw,2.2992525584767322e-12,Water,Resource
"('IMPACT World+ Midpoint 2.0.1', 'Midpoint', 'Ionizing radiations')",x5ocqwf4if0gt0n602o3n5729p0px9mw,0.010948821989978763,Water,Resource
"('IMPACT World+ Midpoint 2.0.1', 'Midpoint', 'Land occupation, biodiversity')",x5ocqwf4if0gt0n602o3n5729p0px9mw,3.454103778597461e-06,Water,Resource
"('IMPACT World+ Damage 2.0.1', 'Ecosystem quality', 'Land occupation, biodiversity')",x5ocqwf4if0gt0n602o3n5729p0px9mw,2.2731755138115847e-06,Water,Resource
"('IMPACT World+ Midpoint 2.0.1', 'Midpoint', 'Land transformation, biodiversity')",x5ocqwf4if0gt0n602o3n5729p0px9mw,2.9008226693504536e-08,Water,Resource
"('IMPACT World+ Damage 2.0.1', 'Ecosystem quality', 'Land transformation, biodiversity')",x5ocqwf4if0gt0n602o3n5729p0px9mw,4.61714326212668e-06,Water,Resource
"('IMPACT World+ Damage 2.0.1', 'Ecosystem quality', 'Thermally polluted water')",x5ocqwf4if0gt0n602o3n5729p0px9mw,5.239589191211956e-10,Water,Resource
"('IMPACT World+ Damage 2.0.1', 'Ecosystem quality', 'Water availability, freshwater ecosystem')",x5ocqwf4if0gt0n602o3n5729p0px9mw,3.0771824447482056e-07,Water,Resource
"('IMPACT World+ Damage 2.0.1', 'Human health', 'Water availability, human health')",x5ocqwf4if0gt0n602o3n5729p0px9mw,1.0896944707751745e-07,Water,Resource
"('IMPACT World+ Midpoint 2.0.1', 'Midpoint', 'Water scarcity')",x5ocqwf4if0gt0n602o3n5729p0px9mw,0.0431665072098652,Water,Resource
"('IMPACT World+ Damage 2.0.1', 'Ecosystem quality', 'Water availability, terrestrial ecosystem')",x5ocqwf4if0gt0n602o3n5729p0px9mw,1.0010343049561365e-05,Water,Resource
"('IMPACT World+ Damage 2.0.1', 'Human health', 'Total human health')",x5ocqwf4if0gt0n602o3n5729p0px9mw,1.0971563355919765e-07,Water,Resource
"('IMPACT World+ Damage 2.0.1', 'Ecosystem quality', 'Total ecosystem quality')",x5ocqwf4if0gt0n602o3n5729p0px9mw,0.00011101359678853034,Water,Resource
